CustomerID,split
3000002,train
3000010,train
3000014,train
3000022,test
3000026,train
3000030,train
3000038,train
3000042,train
3000046,train
3000050,train
3000054,train
3000058,train
3000062,test
3000066,train
3000078,train
3000082,train
3000102,train
3000118,train
3000122,train
3000126,train
3000130,train
3000134,test
3000138,train
3000142,test
3000146,train
3000158,train
3000162,train
3000166,train
3000174,train
3000182,train
3000190,train
3000194,train
3000202,test
3000214,train
3000222,test
3000226,train
3000230,train
3000234,train
3000238,train
3000250,train
3000262,train
3000270,train
3000282,train
3000290,train
3000294,train
3000298,train
3000302,train
3000310,train
3000318,train
3000322,train
3000330,train
3000346,train
3000350,train
3000354,train
3000362,train
3000374,train
3000378,train
3000382,train
3000386,train
3000394,train
3000398,train
3000406,train
3000410,train
3000414,train
3000418,train
3000422,train
3000426,train
3000434,train
3000442,train
3000458,train
3000462,test
3000466,train
3000474,train
3000490,train
3000494,train
3000502,test
3000506,train
3000510,test
3000514,train
3000530,train
3000538,train
3000550,train
3000554,train
3000570,test
3000578,test
3000586,train
3000590,train
3000598,train
3000602,train
3000614,train
3000618,train
3000626,train
3000634,train
3000638,test
3000642,test
3000646,test
3000654,train
3000674,train
3000678,train
3000682,train
3000706,train
3000710,train
3000722,train
3000726,train
3000730,train
3000734,train
3000738,train
3000762,train
3000766,test
3000782,train
3000794,train
3000810,train
3000814,train
3000818,train
3000826,test
3000830,train
3000834,train
3000838,train
3000842,train
3000854,train
3000886,train
3000894,train
3000898,train
3000906,test
3000910,test
3000918,train
3000926,train
3000930,test
3000946,train
3000950,train
3000958,train
3000974,train
3000982,train
3000986,train
3000998,train
3001014,train
3001018,train
3001046,train
3001050,train
3001054,train
3001058,train
3001082,train
3001094,train
3001098,train
3001114,train
3001134,test
3001150,train
3001154,train
3001170,train
3001174,train
3001178,train
3001182,test
3001190,train
3001198,train
3001206,train
3001214,train
3001218,train
3001226,train
3001230,train
3001238,train
3001246,train
3001270,test
3001282,train
3001286,train
3001294,train
3001298,train
3001302,test
3001306,train
3001310,train
3001314,test
3001318,train
3001322,train
3001326,train
3001330,train
3001338,train
3001350,train
3001358,train
3001366,train
3001370,test
3001374,train
3001378,train
3001386,train
3001402,train
3001406,train
3001410,train
3001414,train
3001418,train
3001422,train
3001426,test
3001434,test
3001438,train
3001442,train
3001454,train
3001458,train
3001470,train
3001474,train
3001486,train
3001502,train
3001510,train
3001518,train
3001522,train
3001530,train
3001534,train
3001550,train
3001562,test
3001566,train
3001578,test
3001594,train
3001598,test
3001602,train
3001610,train
3001618,train
3001630,train
3001634,test
3001638,train
3001642,test
3001646,train
3001650,test
3001654,train
3001658,train
3001662,train
3001678,train
3001682,train
3001686,train
3001690,train
3001706,train
3001710,test
3001714,train
3001730,train
3001746,train
3001754,test
3001758,train
3001762,test
3001766,test
3001770,test
3001782,train
3001786,test
3001790,test
3001794,test
3001802,train
3001814,train
3001818,test
3001826,train
3001830,test
3001834,test
3001838,test
3001842,test
3001846,train
3001850,test
3001854,train
3001858,test
3001866,train
3001870,train
3001878,train
3001882,train
3001886,train
3001890,train
3001910,train
3001922,train
3001930,train
3001938,train
3001942,train
3001946,train
3001950,train
3001962,train
3001974,test
3001982,train
3001990,train
3001998,train
3002034,test
3002042,train
3002050,train
3002058,train
3002062,train
3002070,train
3002074,train
3002078,train
3002090,train
3002114,train
3002130,test
3002138,train
3002146,train
3002158,test
3002170,test
3002178,test
3002186,test
3002190,test
3002194,train
3002202,train
3002214,test
3002218,train
3002222,train
3002234,test
3002242,test
3002246,train
3002250,train
3002258,train
3002262,train
3002270,train
3002274,train
3002278,test
3002282,train
3002286,train
3002290,test
3002302,test
3002310,train
3002326,train
3002330,train
3002334,train
3002350,train
3002366,train
3002370,train
3002378,train
3002390,train
3002398,train
3002402,train
3002418,train
3002422,test
3002426,train
3002430,train
3002438,train
3002446,train
3002454,train
3002458,train
3002466,train
3002470,test
3002494,train
3002506,train
3002510,train
3002518,train
3002522,train
3002526,test
3002534,train
3002538,test
3002542,train
3002554,train
3002582,train
3002598,train
3002606,train
3002610,train
3002618,train
3002630,train
3002638,test
3002646,test
3002654,train
3002658,train
3002662,test
3002674,train
3002682,test
3002686,train
3002694,train
3002698,train
3002702,test
3002734,train
3002738,train
3002742,train
3002754,train
3002758,train
3002762,train
3002770,train
3002774,test
3002778,train
3002782,train
3002786,train
3002794,train
3002802,train
3002806,train
3002814,train
3002818,train
3002834,train
3002850,train
3002858,train
3002866,test
3002870,train
3002874,train
3002878,train
3002882,train
3002886,train
3002890,train
3002894,test
3002918,train
3002930,test
3002934,train
3002938,train
3002942,train
3002946,train
3002958,train
3002966,train
3002970,train
3002978,train
3002986,train
3002990,train
3002994,test
3002998,train
3003002,train
3003006,test
3003014,train
3003018,train
3003022,train
3003038,test
3003046,test
3003062,train
3003078,train
3003086,train
3003090,test
3003102,test
3003106,train
3003118,train
3003122,train
3003126,train
3003146,train
3003154,train
3003162,train
3003166,test
3003170,train
3003174,train
3003178,train
3003190,train
3003194,train
3003202,train
3003206,train
3003222,train
3003226,train
3003234,train
3003242,train
3003254,train
3003258,train
3003262,train
3003274,train
3003278,train
3003286,test
3003298,train
3003302,test
3003322,test
3003326,train
3003334,train
3003342,train
3003346,train
3003362,test
3003366,test
3003370,train
3003378,train
3003386,train
3003390,train
3003422,test
3003426,train
3003434,test
3003442,train
3003446,train
3003450,test
3003458,train
3003466,train
3003470,train
3003478,train
3003486,train
3003490,test
3003498,test
3003506,train
3003510,train
3003518,train
3003530,train
3003534,train
3003554,test
3003562,train
3003566,train
3003586,train
3003598,train
3003602,train
3003626,train
3003630,train
3003638,train
3003650,train
3003654,train
3003658,train
3003678,train
3003682,train
3003706,train
3003710,train
3003714,train
3003718,train
3003730,train
3003734,test
3003750,train
3003754,train
3003762,test
3003766,train
3003782,test
3003794,train
3003802,train
3003810,train
3003814,train
3003838,train
3003842,train
3003846,train
3003854,train
3003858,train
3003862,train
3003870,train
3003878,train
3003882,train
3003894,test
3003902,train
3003906,train
3003926,train
3003938,train
3003958,train
3003962,train
3003966,train
3003970,test
3003974,train
3003978,train
3003990,train
3003994,train
3004002,train
3004006,train
3004010,test
3004018,test
3004030,train
3004038,train
3004046,train
3004062,test
3004074,train
3004078,train
3004082,train
3004086,train
3004106,train
3004122,train
3004130,train
3004134,test
3004162,train
3004166,train
3004178,train
3004182,train
3004190,train
3004206,test
3004210,train
3004230,train
3004234,train
3004242,test
3004246,train
3004250,train
3004258,train
3004266,train
3004270,train
3004290,test
3004294,test
3004298,train
3004306,train
3004314,train
3004322,test
3004326,train
3004334,train
3004350,test
3004358,train
3004374,train
3004382,test
3004394,train
3004406,train
3004414,train
3004418,train
3004426,train
3004434,train
3004442,train
3004446,test
3004462,test
3004466,train
3004478,train
3004490,train
3004494,train
3004498,train
3004502,train
3004506,train
3004510,train
3004514,train
3004518,train
3004522,train
3004538,test
3004554,train
3004562,train
3004582,test
3004590,train
3004594,train
3004602,test
3004606,train
3004614,train
3004626,train
3004630,test
3004646,train
3004654,train
3004658,train
3004662,test
3004670,train
3004674,train
3004686,train
3004690,train
3004694,test
3004698,train
3004702,train
3004714,train
3004734,train
3004742,test
3004750,train
3004754,train
3004774,train
3004794,train
3004798,train
3004814,train
3004826,train
3004838,train
3004842,train
3004846,train
3004854,train
3004862,train
3004866,train
3004870,train
3004874,train
3004878,train
3004886,train
3004902,train
3004906,train
3004914,train
3004926,train
3004938,train
3004942,train
3004962,train
3004978,train
3004982,train
3004986,train
3004990,train
3004994,train
3005002,train
3005010,train
3005014,train
3005038,test
3005042,train
3005046,test
3005050,test
3005054,train
3005062,train
3005066,train
3005070,train
3005090,train
3005094,train
3005098,train
3005102,train
3005106,train
3005114,train
3005126,test
3005130,train
3005142,train
3005150,train
3005158,train
3005162,train
3005182,train
3005186,train
3005194,train
3005198,train
3005206,test
3005222,train
3005234,train
3005250,train
3005258,train
3005262,train
3005266,train
3005270,train
3005298,train
3005302,train
3005306,train
3005310,train
3005322,train
3005330,train
3005338,train
3005346,train
3005354,train
3005362,train
3005370,test
3005374,test
3005378,train
3005382,train
3005390,test
3005394,train
3005402,train
3005410,train
3005414,train
3005418,train
3005422,train
3005426,train
3005434,train
3005438,train
3005446,train
3005450,test
3005454,test
3005462,test
3005466,train
3005470,test
3005482,train
3005498,train
3005514,train
3005522,test
3005530,train
3005542,train
3005546,train
3005550,test
3005566,train
3005574,train
3005590,train
3005598,train
3005610,train
3005614,train
3005622,train
3005626,train
3005634,test
3005638,train
3005650,train
3005658,test
3005666,test
3005670,train
3005674,train
3005698,train
3005702,test
3005706,train
3005722,train
3005730,train
3005746,train
3005754,train
3005758,train
3005770,train
3005786,train
3005790,train
3005798,test
3005802,train
3005810,train
3005814,test
3005822,train
3005830,train
3005838,train
3005842,train
3005846,train
3005854,train
3005862,train
3005866,train
3005870,train
3005878,test
3005882,train
3005886,train
3005890,train
3005902,test
3005914,test
3005918,train
3005922,train
3005930,test
3005934,train
3005938,train
3005942,train
3005946,train
3005950,train
3005990,train
3006002,train
3006010,train
3006014,train
3006022,test
3006034,train
3006046,train
3006050,train
3006058,train
3006066,train
3006074,train
3006078,test
3006098,train
3006106,train
3006122,train
3006126,train
3006138,test
3006146,train
3006182,train
3006190,train
3006194,test
3006202,train
3006206,train
3006214,train
3006222,train
3006226,train
3006230,train
3006234,train
3006238,train
3006250,test
3006258,test
3006262,test
3006266,train
3006270,test
3006274,train
3006286,test
3006290,train
3006294,train
3006310,train
3006314,train
3006326,train
3006330,train
3006342,train
3006346,train
3006378,train
3006382,train
3006386,train
3006390,train
3006398,train
3006406,train
3006410,test
3006442,test
3006454,train
3006470,test
3006482,train
3006486,train
3006494,train
3006498,test
3006506,test
3006522,train
3006530,train
3006542,train
3006550,train
3006566,train
3006582,train
3006594,train
3006610,train
3006614,train
3006618,train
3006622,train
3006626,train
3006634,test
3006638,train
3006646,test
3006650,train
3006654,test
3006658,train
3006662,train
3006678,train
3006686,train
3006690,train
3006694,train
3006702,train
3006722,train
3006730,train
3006742,train
3006746,train
3006754,train
3006758,train
3006762,train
3006766,test
3006770,train
3006790,train
3006802,train
3006814,train
3006818,train
3006822,train
3006830,train
3006838,test
3006846,train
3006850,train
3006854,train
3006862,test
3006866,train
3006874,train
3006882,train
3006886,train
3006894,train
3006902,test
3006910,test
3006914,train
3006918,train
3006922,train
3006930,train
3006934,test
3006942,train
3006950,test
3006954,train
3006958,train
3006974,train
3006978,train
3006982,train
3006998,train
3007006,train
3007010,train
3007022,train
3007026,test
3007034,train
3007038,train
3007046,train
3007054,train
3007066,train
3007070,train
3007074,train
3007078,train
3007082,train
3007086,train
3007094,train
3007098,train
3007102,train
3007106,test
3007114,train
3007118,train
3007134,train
3007138,train
3007142,train
3007146,train
3007154,test
3007166,train
3007170,train
3007174,test
3007178,train
3007182,train
3007194,train
3007222,train
3007226,train
3007234,test
3007242,train
3007250,train
3007258,train
3007270,test
3007274,train
3007286,test
3007290,train
3007298,test
3007302,train
3007306,train
3007310,train
3007318,train
3007326,test
3007334,train
3007342,train
3007346,test
3007350,train
3007354,train
3007362,test
3007370,train
3007382,test
3007386,train
3007394,train
3007398,train
3007402,train
3007406,test
3007410,test
3007422,train
3007426,train
3007430,test
3007434,test
3007438,train
3007442,train
3007446,train
3007466,train
3007478,train
3007482,train
3007486,train
3007510,train
3007518,train
3007526,train
3007534,test
3007538,train
3007550,test
3007566,train
3007574,train
3007582,train
3007586,train
3007602,train
3007606,train
3007614,train
3007622,train
3007634,test
3007642,train
3007646,train
3007650,test
3007654,train
3007670,train
3007674,test
3007678,train
3007690,train
3007710,train
3007714,test
3007718,test
3007726,train
3007750,train
3007758,train
3007762,train
3007766,train
3007770,train
3007786,train
3007798,test
3007802,test
3007806,train
3007814,train
3007818,train
3007830,train
3007838,train
3007842,train
3007846,train
3007854,train
3007858,train
3007870,train
3007874,test
3007878,train
3007882,train
3007894,train
3007898,train
3007910,train
3007914,train
3007926,train
3007930,train
3007934,train
3007938,train
3007942,train
3007950,train
3007958,train
3007962,train
3007970,test
3008002,train
3008006,test
3008010,train
3008014,test
3008018,train
3008026,train
3008034,train
3008038,train
3008066,test
3008070,train
3008078,test
3008086,train
3008090,train
3008102,train
3008110,test
3008114,train
3008126,train
3008130,train
3008138,train
3008146,train
3008150,train
3008154,train
3008166,test
3008174,train
3008178,test
3008182,train
3008186,train
3008190,train
3008194,train
3008198,train
3008210,train
3008214,train
3008218,train
3008222,train
3008226,train
3008230,test
3008234,train
3008242,train
3008254,train
3008270,train
3008274,train
3008290,train
3008302,train
3008314,train
3008318,train
3008330,test
3008334,train
3008338,train
3008342,train
3008350,train
3008354,train
3008370,train
3008378,train
3008386,train
3008390,train
3008398,train
3008410,train
3008414,train
3008418,train
3008422,train
3008426,test
3008430,train
3008438,train
3008446,train
3008450,train
3008470,train
3008478,test
3008482,test
3008486,train
3008494,train
3008498,train
3008514,test
3008518,train
3008522,train
3008526,train
3008542,train
3008546,train
3008554,test
3008558,test
3008570,train
3008574,train
3008598,train
3008602,test
3008610,train
3008614,train
3008618,train
3008634,test
3008642,train
3008646,train
3008658,test
3008662,train
3008678,test
3008690,train
3008694,test
3008702,test
3008718,train
3008722,train
3008730,train
3008734,train
3008742,train
3008750,train
3008754,train
3008758,train
3008762,train
3008766,train
3008778,train
3008786,test
3008798,train
3008802,train
3008810,train
3008814,train
3008830,train
3008834,train
3008846,train
3008866,train
3008882,train
3008898,test
3008910,train
3008934,test
3008938,train
3008946,train
3008954,test
3008958,train
3008962,train
3008986,train
3008998,train
3009006,train
3009014,train
3009034,train
3009042,test
3009046,train
3009050,train
3009058,train
3009070,train
3009106,train
3009110,train
3009114,test
3009118,train
3009122,train
3009126,test
3009130,train
3009134,train
3009142,train
3009154,train
3009158,train
3009162,train
3009178,train
3009190,test
3009194,train
3009202,train
3009206,train
3009210,train
3009214,train
3009218,train
3009238,train
3009246,train
3009258,test
3009270,train
3009282,test
3009286,test
3009302,train
3009306,test
3009318,train
3009322,train
3009326,train
3009350,train
3009354,train
3009362,train
3009370,train
3009374,train
3009390,train
3009394,train
3009398,train
3009410,train
3009418,train
3009422,train
3009426,test
3009430,test
3009434,train
3009438,train
3009450,train
3009454,train
3009462,train
3009466,test
3009470,train
3009474,train
3009486,test
3009498,train
3009510,train
3009518,train
3009522,test
3009526,test
3009534,train
3009538,train
3009550,train
3009554,test
3009570,test
3009574,test
3009590,train
3009594,train
3009598,test
3009602,train
3009606,train
3009610,train
3009614,train
3009622,test
3009630,train
3009638,test
3009650,train
3009658,train
3009666,test
3009674,train
3009682,train
3009698,train
3009702,train
3009706,train
3009710,train
3009714,test
3009734,test
3009738,train
3009742,train
3009754,train
3009762,test
3009766,train
3009782,test
3009794,train
3009798,train
3009814,train
3009818,test
3009822,train
3009826,test
3009830,train
3009834,train
3009838,train
3009842,train
3009854,train
3009858,train
3009862,train
3009866,test
3009870,train
3009874,test
3009878,train
3009882,test
3009886,train
3009890,train
3009894,train
3009898,train
3009902,train
3009910,train
3009914,train
3009930,train
3009934,test
3009946,train
3009950,train
3009962,test
3009966,train
3009970,train
3009974,test
3009978,train
3009982,train
3009990,train
3009998,train
3010006,train
3010022,test
3010030,train
3010042,train
3010046,train
3010054,train
3010062,train
3010066,train
3010090,train
3010094,train
3010098,train
3010110,train
3010114,test
3010122,test
3010126,train
3010138,test
3010146,test
3010150,train
3010154,train
3010162,train
3010174,train
3010178,test
3010182,train
3010190,test
3010194,test
3010202,train
3010206,train
3010210,train
3010214,test
3010222,train
3010226,test
3010230,train
3010238,train
3010246,test
3010266,train
3010270,train
3010274,train
3010282,test
3010286,train
3010298,train
3010310,train
3010318,train
3010334,train
3010338,test
3010346,test
3010350,train
3010354,test
3010358,train
3010362,train
3010366,train
3010382,test
3010386,train
3010394,test
3010398,train
3010406,train
3010426,train
3010430,train
3010434,train
3010442,train
3010458,train
3010482,test
3010486,train
3010494,test
3010498,train
3010506,train
3010510,train
3010518,train
3010526,train
3010534,train
3010542,train
3010546,train
3010550,train
3010558,train
3010562,train
3010570,train
3010574,train
3010602,train
3010622,test
3010626,train
3010630,train
3010638,train
3010642,train
3010646,train
3010650,train
3010654,train
3010662,train
3010666,train
3010670,train
3010674,train
3010678,train
3010682,train
3010686,train
3010694,train
3010698,train
3010710,test
3010714,test
3010726,train
3010730,train
3010738,train
3010742,train
3010750,train
3010754,train
3010758,train
3010766,train
3010782,train
3010790,test
3010794,train
3010802,test
3010826,train
3010842,train
3010850,train
3010854,train
3010858,train
3010862,test
3010870,test
3010878,train
3010882,train
3010886,test
3010902,train
3010906,train
3010918,train
3010934,train
3010938,train
3010958,train
3010970,train
3010974,train
3010978,train
3010990,train
3010994,train
3011002,train
3011006,test
3011018,train
3011030,train
3011038,train
3011058,train
3011066,train
3011086,test
3011090,test
3011106,train
3011122,train
3011130,train
3011142,train
3011150,train
3011154,train
3011158,train
3011166,train
3011174,test
3011182,test
3011190,test
3011206,train
3011210,test
3011218,train
3011230,train
3011242,train
3011246,train
3011250,test
3011254,train
3011270,train
3011274,train
3011290,train
3011294,train
3011298,train
3011302,train
3011310,train
3011314,train
3011318,train
3011326,test
3011334,test
3011342,train
3011346,train
3011358,train
3011362,train
3011366,train
3011374,train
3011390,train
3011406,train
3011410,train
3011422,train
3011426,test
3011434,train
3011438,train
3011442,train
3011450,train
3011454,train
3011458,train
3011462,train
3011466,train
3011478,train
3011486,train
3011490,train
3011534,train
3011538,train
3011542,train
3011546,test
3011550,train
3011562,train
3011566,train
3011574,train
3011582,test
3011586,train
3011590,train
3011606,train
3011610,train
3011614,train
3011618,train
3011622,train
3011630,train
3011642,train
3011650,train
3011658,train
3011674,train
3011694,test
3011706,train
3011750,train
3011754,train
3011758,train
3011762,test
3011778,train
3011790,train
3011802,train
3011806,train
3011810,train
3011814,train
3011822,test
3011826,train
3011834,test
3011838,train
3011850,train
3011854,train
3011858,train
3011862,train
3011866,train
3011870,train
3011874,train
3011882,train
3011886,train
3011914,test
3011922,train
3011926,train
3011934,test
3011942,train
3011954,train
3011962,train
3011966,train
3011974,train
3011982,train
3011986,test
3011990,train
3011994,train
3012010,test
3012014,test
3012018,train
3012022,test
3012042,train
3012046,train
3012050,train
3012058,train
3012062,train
3012074,train
3012082,train
3012086,test
3012094,train
3012098,test
3012102,train
3012106,train
3012114,train
3012122,train
3012126,train
3012138,test
3012142,test
3012150,train
3012154,train
3012158,train
3012162,train
3012170,train
3012174,test
3012178,train
3012190,train
3012194,train
3012198,train
3012202,test
3012206,train
3012210,train
3012218,train
3012222,train
3012242,test
3012262,train
3012266,train
3012270,train
3012278,test
3012282,test
3012286,train
3012290,train
3012302,train
3012314,train
3012318,train
3012322,train
3012326,train
3012330,train
3012338,train
3012346,train
3012350,train
3012358,train
3012362,train
3012370,test
3012374,test
3012378,test
3012398,train
3012402,train
3012414,test
3012422,train
3012438,train
3012446,train
3012450,train
3012462,train
3012466,train
3012470,test
3012474,train
3012490,train
3012498,test
3012510,test
3012530,train
3012534,train
3012538,train
3012542,test
3012562,train
3012570,train
3012574,test
3012582,train
3012586,train
3012590,train
3012594,test
3012598,train
3012602,train
3012610,train
3012614,train
3012618,train
3012626,test
3012630,test
3012634,train
3012638,train
3012646,train
3012654,train
3012658,train
3012662,train
3012674,train
3012678,train
3012682,train
3012686,train
3012694,train
3012698,test
3012714,train
3012722,train
3012726,train
3012730,train
3012738,train
3012746,train
3012758,train
3012766,test
3012770,train
3012786,train
3012790,train
3012802,train
3012806,train
3012822,train
3012826,test
3012830,train
3012834,test
3012838,train
3012846,train
3012850,train
3012858,train
3012862,train
3012874,train
3012882,train
3012894,train
3012902,train
3012906,test
3012910,train
3012922,train
3012934,test
3012942,test
3012946,test
3012954,test
3012958,train
3012982,train
3012986,train
3013006,test
3013010,train
3013014,train
3013018,train
3013026,test
3013030,train
3013038,train
3013050,train
3013054,test
3013066,train
3013070,train
3013078,train
3013090,train
3013098,train
3013110,train
3013118,train
3013122,test
3013130,train
3013134,train
3013150,train
3013162,train
3013166,test
3013170,train
3013174,train
3013194,train
3013198,train
3013206,train
3013210,test
3013222,train
3013226,train
3013230,train
3013250,train
3013270,test
3013282,train
3013290,test
3013302,train
3013314,train
3013338,train
3013342,train
3013370,train
3013390,test
3013394,train
3013398,train
3013410,train
3013418,test
3013426,test
3013438,test
3013442,test
3013450,train
3013454,train
3013458,train
3013462,train
3013466,train
3013470,test
3013474,train
3013486,test
3013502,train
3013514,train
3013522,train
3013530,train
3013534,train
3013542,train
3013550,train
3013554,train
3013562,train
3013570,train
3013578,train
3013582,train
3013598,train
3013610,train
3013614,train
3013622,train
3013626,test
3013630,train
3013642,train
3013646,train
3013654,train
3013658,train
3013674,train
3013678,train
3013694,train
3013698,train
3013702,test
3013706,train
3013722,train
3013730,train
3013738,train
3013750,train
3013758,train
3013774,train
3013778,train
3013782,train
3013786,train
3013790,train
3013794,train
3013798,train
3013802,test
3013806,test
3013814,train
3013818,train
3013830,train
3013838,train
3013846,train
3013850,train
3013854,train
3013858,test
3013866,train
3013870,test
3013874,train
3013894,train
3013898,train
3013910,train
3013914,train
3013918,test
3013922,test
3013930,test
3013934,train
3013938,train
3013946,train
3013954,train
3013962,test
3013966,train
3013974,train
3013982,train
3013986,train
3013994,train
3014002,train
3014010,test
3014014,train
3014018,train
3014022,train
3014034,test
3014050,test
3014062,train
3014066,train
3014070,train
3014074,train
3014078,train
3014090,train
3014094,train
3014098,test
3014102,train
3014114,train
3014118,train
3014142,train
3014150,train
3014158,train
3014162,train
3014174,test
3014178,train
3014186,train
3014194,train
3014198,test
3014206,train
3014218,test
3014222,train
3014226,train
3014246,train
3014254,train
3014258,train
3014262,train
3014290,train
3014298,test
3014302,test
3014306,test
3014314,train
3014318,train
3014334,test
3014350,train
3014354,train
3014362,train
3014366,train
3014378,train
3014382,train
3014386,train
3014406,train
3014418,test
3014430,test
3014434,train
3014442,test
3014450,train
3014458,train
3014470,train
3014478,train
3014490,test
3014498,train
3014502,train
3014506,train
3014522,train
3014530,train
3014538,train
3014550,train
3014554,train
3014558,train
3014566,train
3014570,train
3014574,train
3014586,train
3014590,train
3014602,train
3014606,train
3014610,train
3014614,train
3014618,train
3014626,train
3014630,train
3014634,train
3014642,train
3014658,train
3014666,test
3014670,test
3014674,train
3014678,train
3014694,train
3014698,train
3014706,train
3014710,train
3014722,train
3014726,train
3014734,train
3014742,train
3014762,train
3014770,train
3014774,train
3014782,train
3014790,train
3014794,train
3014798,train
3014802,test
3014806,train
3014810,train
3014814,train
3014846,train
3014850,train
3014854,train
3014862,train
3014874,train
3014878,train
3014882,test
3014886,train
3014894,test
3014898,test
3014918,test
3014926,train
3014930,train
3014934,train
3014938,train
3014942,train
3014946,test
3014950,train
3014954,train
3014958,train
3014966,test
3014974,train
3014978,train
3014982,train
3014990,train
3014994,train
3015002,test
3015006,test
3015014,train
3015018,test
3015022,train
3015030,train
3015038,test
3015042,test
3015054,train
3015062,test
3015066,train
3015074,train
3015086,train
3015090,train
3015094,train
3015098,test
3015102,test
3015126,train
3015134,train
3015146,train
3015150,train
3015154,train
3015158,train
3015162,train
3015166,train
3015170,train
3015174,train
3015178,train
3015182,train
3015194,test
3015198,train
3015210,train
3015218,train
3015234,test
3015238,train
3015242,train
3015246,train
3015254,train
3015258,train
3015286,train
3015290,train
3015302,test
3015310,train
3015318,train
3015342,train
3015346,train
3015350,train
3015354,train
3015358,train
3015374,train
3015382,test
3015390,train
3015394,train
3015398,train
3015410,train
3015414,train
3015418,train
3015422,train
3015426,train
3015446,train
3015462,train
3015478,train
3015482,test
3015490,train
3015494,train
3015498,train
3015502,train
3015510,train
3015518,train
3015522,train
3015530,train
3015542,test
3015554,train
3015562,train
3015566,train
3015586,test
3015594,test
3015598,train
3015606,train
3015610,train
3015614,train
3015618,test
3015622,train
3015630,test
3015646,train
3015650,train
3015658,train
3015678,train
3015686,test
3015694,train
3015698,train
3015710,train
3015718,train
3015722,test
3015726,train
3015730,train
3015742,test
3015746,train
3015754,train
3015766,test
3015786,test
3015790,train
3015798,train
3015806,train
3015810,train
3015818,train
3015822,train
3015826,train
3015838,train
3015842,test
3015846,train
3015850,train
3015858,train
3015878,train
3015890,train
3015894,train
3015914,test
3015918,test
3015922,train
3015926,train
3015946,train
3015950,test
3015958,test
3015962,test
3015966,train
3015974,train
3015982,train
3015990,train
3016002,train
3016006,train
3016022,train
3016026,train
3016034,train
3016050,train
3016066,train
3016082,train
3016086,train
3016114,test
3016122,train
3016126,train
3016134,train
3016142,test
3016146,train
3016154,train
3016174,train
3016186,train
3016190,train
3016194,test
3016198,test
3016218,train
3016222,train
3016230,train
3016234,train
3016242,train
3016254,train
3016262,train
3016278,train
3016282,train
3016286,train
3016294,test
3016306,train
3016314,train
3016318,train
3016330,train
3016334,train
3016338,train
3016354,train
3016362,train
3016378,train
3016382,train
3016390,train
3016394,train
3016398,train
3016406,train
3016418,test
3016422,train
3016442,train
3016454,train
3016462,train
3016470,train
3016478,train
3016490,train
3016498,train
3016506,train
3016514,train
3016518,train
3016522,train
3016534,train
3016538,train
3016546,test
3016550,train
3016554,train
3016558,train
3016562,train
3016566,test
3016574,test
3016578,test
3016582,train
3016586,train
3016590,train
3016598,test
3016602,train
3016614,train
3016618,train
3016622,test
3016626,train
3016642,train
3016646,train
3016650,train
3016658,train
3016662,train
3016666,train
3016670,test
3016682,train
3016686,train
3016698,test
3016706,train
3016710,train
3016714,train
3016718,train
3016722,train
3016734,test
3016738,train
3016746,train
3016750,train
3016758,test
3016766,test
3016778,test
3016786,train
3016790,train
3016798,train
3016802,train
3016806,train
3016814,test
3016818,train
3016826,train
3016830,test
3016838,test
3016842,train
3016846,train
3016850,train
3016854,train
3016858,train
3016862,train
3016866,train
3016870,train
3016882,train
3016886,train
3016898,test
3016906,test
3016934,test
3016938,train
3016942,train
3016958,test
3016962,train
3016966,train
3016970,train
3016978,train
3016986,train
3016990,train
3016998,test
3017002,train
3017006,train
3017010,train
3017026,train
3017046,train
3017054,train
3017070,train
3017074,test
3017094,train
3017118,train
3017122,train
3017126,train
3017146,train
3017150,train
3017154,train
3017158,train
3017162,train
3017166,test
3017170,train
3017174,train
3017178,train
3017182,test
3017186,train
3017190,train
3017194,train
3017210,train
3017214,train
3017218,train
3017230,train
3017238,train
3017246,train
3017258,train
3017262,test
3017286,train
3017290,test
3017294,train
3017298,test
3017302,train
3017318,test
3017326,train
3017338,train
3017346,train
3017350,train
3017354,train
3017362,train
3017370,train
3017378,train
3017390,train
3017394,train
3017402,train
3017414,train
3017422,train
3017430,train
3017434,train
3017438,train
3017450,train
3017482,test
3017498,train
3017514,train
3017522,train
3017538,train
3017546,train
3017550,test
3017554,train
3017566,train
3017570,test
3017578,train
3017582,train
3017586,train
3017598,train
3017606,train
3017610,train
3017630,train
3017634,train
3017642,train
3017646,train
3017654,train
3017658,train
3017674,test
3017678,train
3017682,train
3017686,train
3017694,train
3017718,test
3017722,train
3017730,train
3017738,test
3017742,train
3017750,test
3017754,train
3017758,test
3017766,test
3017778,train
3017782,test
3017794,train
3017798,train
3017830,train
3017834,train
3017838,train
3017846,test
3017854,train
3017858,train
3017866,train
3017870,train
3017882,test
3017890,test
3017894,train
3017906,train
3017910,test
3017922,train
3017934,train
3017946,train
3017950,test
3017954,train
3017966,train
3017970,train
3017974,train
3017978,train
3017990,train
3017994,test
3017998,train
3018022,train
3018026,train
3018030,train
3018034,train
3018042,train
3018050,train
3018058,train
3018062,test
3018066,test
3018074,train
3018078,train
3018086,train
3018090,train
3018098,train
3018102,train
3018106,train
3018110,test
3018114,train
3018118,train
3018122,train
3018134,train
3018142,train
3018146,train
3018150,train
3018166,train
3018170,train
3018174,train
3018178,train
3018190,test
3018198,train
3018206,train
3018226,train
3018234,train
3018238,train
3018242,train
3018250,train
3018254,train
3018258,train
3018262,train
3018270,test
3018274,train
3018278,train
3018286,train
3018290,train
3018294,test
3018302,train
3018306,train
3018322,test
3018342,train
3018350,train
3018354,train
3018362,train
3018374,test
3018378,train
3018386,train
3018390,test
3018394,test
3018398,train
3018414,train
3018422,train
3018430,train
3018434,train
3018438,test
3018442,train
3018446,train
3018458,train
3018474,train
3018486,test
3018490,train
3018498,train
3018506,train
3018518,train
3018522,train
3018530,train
3018542,test
3018570,train
3018574,train
3018582,train
3018598,train
3018602,test
3018614,train
3018622,train
3018626,train
3018630,train
3018634,train
3018650,train
3018654,train
3018658,train
3018662,test
3018666,train
3018674,test
3018682,train
3018686,train
3018690,train
3018706,train
3018714,train
3018718,test
3018742,test
3018750,train
3018754,train
3018770,train
3018778,train
3018786,train
3018790,test
3018794,test
3018806,train
3018810,train
3018814,train
3018826,train
3018834,train
3018846,train
3018854,train
3018862,train
3018874,test
3018878,test
3018882,train
3018886,test
3018890,train
3018894,train
3018898,train
3018914,train
3018918,train
3018926,train
3018934,train
3018938,train
3018942,train
3018950,train
3018954,test
3018958,train
3018962,train
3018970,train
3018974,train
3018978,train
3018986,train
3018994,train
3018998,train
3019002,train
3019006,test
3019018,train
3019022,train
3019026,train
3019030,train
3019034,train
3019042,train
3019046,train
3019058,train
3019070,train
3019086,test
3019094,train
3019098,train
3019106,train
3019118,train
3019122,train
3019142,test
3019146,test
3019150,train
3019166,test
3019174,test
3019178,train
3019182,train
3019190,train
3019198,test
3019210,train
3019214,train
3019226,train
3019246,train
3019250,train
3019254,train
3019274,train
3019286,train
3019298,train
3019314,train
3019318,train
3019330,train
3019346,train
3019350,train
3019354,train
3019358,train
3019362,train
3019366,train
3019370,train
3019378,train
3019390,train
3019394,train
3019398,train
3019406,train
3019410,train
3019414,train
3019418,train
3019434,train
3019446,train
3019454,train
3019458,test
3019466,train
3019470,train
3019478,train
3019482,test
3019486,train
3019502,train
3019514,train
3019518,train
3019522,train
3019526,train
3019530,train
3019534,train
3019550,train
3019554,train
3019566,train
3019570,train
3019578,train
3019586,test
3019594,test
3019602,train
3019606,train
3019618,train
3019626,train
3019634,train
3019638,train
3019646,train
3019650,test
3019654,train
3019678,train
3019682,train
3019694,train
3019702,test
3019706,train
3019710,train
3019726,train
3019730,train
3019738,test
3019742,train
3019746,train
3019754,train
3019766,train
3019770,test
3019778,test
3019782,train
3019790,test
3019794,train
3019798,train
3019802,train
3019810,train
3019814,train
3019818,train
3019822,test
3019826,train
3019830,train
3019846,train
3019850,train
3019858,train
3019862,train
3019870,train
3019874,test
3019878,train
3019886,train
3019902,train
3019910,train
3019918,train
3019934,train
3019962,train
3019970,train
3019986,train
3019990,train
3019998,train
3020006,train
3020014,train
3020018,train
3020034,train
3020038,train
3020042,train
3020046,train
3020050,train
3020054,train
3020062,train
3020074,train
3020078,train
3020082,test
3020090,train
3020098,train
3020102,train
3020122,train
3020130,train
3020134,train
3020150,train
3020178,test
3020190,train
3020194,train
3020198,train
3020218,train
3020222,train
3020230,train
3020246,train
3020258,test
3020262,train
3020270,test
3020278,train
3020286,train
3020298,train
3020306,train
3020310,test
3020322,test
3020330,train
3020338,train
3020358,train
3020362,train
3020366,train
3020370,train
3020374,train
3020378,train
3020418,train
3020446,test
3020454,test
3020458,train
3020462,test
3020466,train
3020474,train
3020478,train
3020494,train
3020510,train
3020514,train
3020518,train
3020526,test
3020538,test
3020554,train
3020570,test
3020574,train
3020582,train
3020590,train
3020598,train
3020602,train
3020606,train
3020622,train
3020626,test
3020634,train
3020642,train
3020646,train
3020650,train
3020654,train
3020666,train
3020670,train
3020682,test
3020686,train
3020690,train
3020694,train
3020702,train
3020718,train
3020734,train
3020738,test
3020746,test
3020754,train
3020758,train
3020762,train
3020766,train
3020770,train
3020774,train
3020786,train
3020802,train
3020806,test
3020814,test
3020818,train
3020834,test
3020838,train
3020846,train
3020858,train
3020866,test
3020874,train
3020878,train
3020894,train
3020906,test
3020910,train
3020914,train
3020918,test
3020926,train
3020930,train
3020938,train
3020954,train
3020962,train
3020970,train
3020974,test
3020978,train
3020986,test
3020990,test
3020994,train
3021022,train
3021026,train
3021030,train
3021038,train
3021042,train
3021050,train
3021054,test
3021062,train
3021070,train
3021074,train
3021082,train
3021090,test
3021102,train
3021110,train
3021114,train
3021118,train
3021126,train
3021134,test
3021150,train
3021162,train
3021174,test
3021190,train
3021194,train
3021202,train
3021210,train
3021214,train
3021218,train
3021234,train
3021242,train
3021246,test
3021258,train
3021262,train
3021274,train
3021282,train
3021286,train
3021290,train
3021314,train
3021322,train
3021326,train
3021330,train
3021342,test
3021346,train
3021354,test
3021358,train
3021362,train
3021366,train
3021378,train
3021386,test
3021394,train
3021398,train
3021406,test
3021422,test
3021426,test
3021430,train
3021434,train
3021446,train
3021458,train
3021462,train
3021470,train
3021474,train
3021482,train
3021494,train
3021502,train
3021514,train
3021518,test
3021526,test
3021534,test
3021558,train
3021574,train
3021578,train
3021582,train
3021590,train
3021594,train
3021598,train
3021610,train
3021618,train
3021630,train
3021646,train
3021650,train
3021678,train
3021682,train
3021690,test
3021698,train
3021710,train
3021722,train
3021738,train
3021746,test
3021762,test
3021766,test
3021770,test
3021774,train
3021778,train
3021786,test
3021794,train
3021798,train
3021810,train
3021814,train
3021822,train
3021826,train
3021834,train
3021838,test
3021850,test
3021854,test
3021862,test
3021866,train
3021870,train
3021874,train
3021882,train
3021910,train
3021914,test
3021922,train
3021926,train
3021930,train
3021934,train
3021938,test
3021942,train
3021946,train
3021950,train
3021962,test
3021966,train
3021970,test
3021978,train
3021986,train
3021990,test
3022002,test
3022006,train
3022010,train
3022014,train
3022022,test
3022026,train
3022034,train
3022038,train
3022042,train
3022046,train
3022050,test
3022054,train
3022058,train
3022082,train
3022090,train
3022114,train
3022118,train
3022126,test
3022130,train
3022138,train
3022142,train
3022150,train
3022158,test
3022166,train
3022170,test
3022178,test
3022194,train
3022198,train
3022202,test
3022206,train
3022210,train
3022214,test
3022218,train
3022226,train
3022230,test
3022238,train
3022246,train
3022250,test
3022266,train
3022270,train
3022274,train
3022282,train
3022290,test
3022294,train
3022298,test
3022302,train
3022314,train
3022318,train
3022326,train
3022330,train
3022338,test
3022346,test
3022350,test
3022354,train
3022374,test
3022378,train
3022390,test
3022394,train
3022406,test
3022410,train
3022414,train
3022418,train
3022450,train
3022466,train
3022478,train
3022482,train
3022494,train
3022506,test
3022510,train
3022518,test
3022522,train
3022526,train
3022530,train
3022534,train
3022546,train
3022550,train
3022554,train
3022558,train
3022566,test
3022570,train
3022574,train
3022582,train
3022590,train
3022594,train
3022598,train
3022602,train
3022610,train
3022614,train
3022618,test
3022622,test
3022626,test
3022630,train
3022634,test
3022638,test
3022646,train
3022650,train
3022654,train
3022658,train
3022666,train
3022674,train
3022678,train
3022682,train
3022686,train
3022694,train
3022702,train
3022714,test
3022722,train
3022726,train
3022738,train
3022742,train
3022746,train
3022750,test
3022758,test
3022762,test
3022766,train
3022778,train
3022782,train
3022786,test
3022790,train
3022798,train
3022802,train
3022818,train
3022826,train
3022834,test
3022838,train
3022842,test
3022846,train
3022854,train
3022866,test
3022874,train
3022882,train
3022894,test
3022898,test
3022910,test
3022914,train
3022918,train
3022926,train
3022942,train
3022946,train
3022978,train
3022982,train
3022986,train
3022994,test
3022998,train
3023002,train
3023006,train
3023010,train
3023030,train
3023034,test
3023042,train
3023046,train
3023050,train
3023062,train
3023070,test
3023082,train
3023086,train
3023094,train
3023102,train
3023106,test
3023110,train
3023122,test
3023134,train
3023138,train
3023142,train
3023146,train
3023150,train
3023154,test
3023178,test
3023182,train
3023190,test
3023198,train
3023202,train
3023206,train
3023210,train
3023214,train
3023218,train
3023234,train
3023238,train
3023246,train
3023258,test
3023266,train
3023270,train
3023274,train
3023278,train
3023282,train
3023286,train
3023290,train
3023294,train
3023302,train
3023306,train
3023310,train
3023314,train
3023326,test
3023334,train
3023338,train
3023342,train
3023346,train
3023350,train
3023354,train
3023370,train
3023378,train
3023406,test
3023410,test
3023414,train
3023430,test
3023434,train
3023438,test
3023442,train
3023450,train
3023462,train
3023470,train
3023482,train
3023486,train
3023490,train
3023494,train
3023502,train
3023522,test
3023534,train
3023546,train
3023558,train
3023562,train
3023574,test
3023578,train
3023582,train
3023586,train
3023590,train
3023594,test
3023602,train
3023610,train
3023614,train
3023618,train
3023622,train
3023634,train
3023638,train
3023642,test
3023646,train
3023650,test
3023654,train
3023658,train
3023662,train
3023666,train
3023682,train
3023690,train
3023698,train
3023706,test
3023710,train
3023718,train
3023722,train
3023726,train
3023738,train
3023746,train
3023750,test
3023754,train
3023762,train
3023766,train
3023770,test
3023778,train
3023790,train
3023794,train
3023802,test
3023810,train
3023814,train
3023834,test
3023842,train
3023846,train
3023850,train
3023862,test
3023870,train
3023886,train
3023898,train
3023902,train
3023910,train
3023914,train
3023918,test
3023922,train
3023958,train
3023978,test
3023990,train
3023994,train
3024002,train
3024006,train
3024010,train
3024014,train
3024026,test
3024030,train
3024034,test
3024038,train
3024050,test
3024058,train
3024066,train
3024082,train
3024094,train
3024098,train
3024102,test
3024126,test
3024130,test
3024134,train
3024138,train
3024146,train
3024166,train
3024174,test
3024182,train
3024190,train
3024214,train
3024222,test
3024238,train
3024246,train
3024254,train
3024258,train
3024262,train
3024266,train
3024270,train
3024298,test
3024302,train
3024306,train
3024314,train
3024322,train
3024330,train
3024342,train
3024346,train
3024350,train
3024354,train
3024370,train
3024378,test
3024390,train
3024394,train
3024398,test
3024402,train
3024410,train
3024422,train
3024434,train
3024438,train
3024442,train
3024446,train
3024454,train
3024474,train
3024482,train
3024498,train
3024502,train
3024506,test
3024534,train
3024538,train
3024542,train
3024546,train
3024554,test
3024558,train
3024566,train
3024574,train
3024578,train
3024582,test
3024590,train
3024594,train
3024610,train
3024626,train
3024630,train
3024634,test
3024638,train
3024642,train
3024666,train
3024678,train
3024690,train
3024706,train
3024714,train
3024722,train
3024742,train
3024746,train
3024754,train
3024758,train
3024762,train
3024778,test
3024790,train
3024806,train
3024814,train
3024830,train
3024842,train
3024850,train
3024854,train
3024858,train
3024862,test
3024866,train
3024870,train
3024874,train
3024878,test
3024882,train
3024886,train
3024890,train
3024898,test
3024902,train
3024910,train
3024914,train
3024938,train
3024954,train
3024958,train
3024962,train
3024966,test
3024974,train
3024978,train
3024990,train
3025002,train
3025006,train
3025010,train
3025014,test
3025018,train
3025022,train
3025038,train
3025042,train
3025046,train
3025050,train
3025054,train
3025058,train
3025062,train
3025082,train
3025090,test
3025094,train
3025098,train
3025102,train
3025110,train
3025118,train
3025122,test
3025126,train
3025130,train
3025142,test
3025154,train
3025158,train
3025174,train
3025186,train
3025194,train
3025198,train
3025206,train
3025210,train
3025214,train
3025222,train
3025226,train
3025230,train
3025234,test
3025238,train
3025242,train
3025250,train
3025258,train
3025262,train
3025266,train
3025270,train
3025286,train
3025298,test
3025314,train
3025318,train
3025322,train
3025326,train
3025338,train
3025366,train
3025370,train
3025374,train
3025378,train
3025382,train
3025386,train
3025394,train
3025398,train
3025402,train
3025406,train
3025430,test
3025434,train
3025438,train
3025454,train
3025458,train
3025462,train
3025474,train
3025478,train
3025486,train
3025498,train
3025502,train
3025506,test
3025510,train
3025526,train
3025546,train
3025554,train
3025570,train
3025582,train
3025590,train
3025594,train
3025598,train
3025610,train
3025614,train
3025618,train
3025622,train
3025626,test
3025630,test
3025634,train
3025642,train
3025662,test
3025670,train
3025690,train
3025694,train
3025702,train
3025706,test
3025718,train
3025730,train
3025738,train
3025750,train
3025766,train
3025770,test
3025782,train
3025786,train
3025798,train
3025802,train
3025810,train
3025818,test
3025846,train
3025858,train
3025878,train
3025882,test
3025886,train
3025894,test
3025902,train
3025906,train
3025914,train
3025918,test
3025922,train
3025934,train
3025962,test
3025966,test
3025970,train
3025974,train
3025982,train
3025986,test
3025990,train
3025998,train
3026002,train
3026010,test
3026030,train
3026034,train
3026038,train
3026054,test
3026058,train
3026062,train
3026066,train
3026086,train
3026098,train
3026110,train
3026118,train
3026126,train
3026130,train
3026146,train
3026154,train
3026158,train
3026162,train
3026166,test
3026174,train
3026186,test
3026198,test
3026202,train
3026210,test
3026214,train
3026234,train
3026242,train
3026254,train
3026258,train
3026262,train
3026278,train
3026294,test
3026298,train
3026310,train
3026314,train
3026318,train
3026326,train
3026330,train
3026334,train
3026338,test
3026342,train
3026346,test
3026354,train
3026358,train
3026378,train
3026382,test
3026386,train
3026398,train
3026402,test
3026406,train
3026410,train
3026414,test
3026422,train
3026426,train
3026430,train
3026434,train
3026438,train
3026442,test
3026450,train
3026462,train
3026466,test
3026490,train
3026498,train
3026510,train
3026514,test
3026518,test
3026522,train
3026526,train
3026530,train
3026542,train
3026546,train
3026550,train
3026554,test
3026570,train
3026582,train
3026586,train
3026598,test
3026602,test
3026606,train
3026610,train
3026614,train
3026626,train
3026638,train
3026650,train
3026654,train
3026662,train
3026678,train
3026686,train
3026702,train
3026722,train
3026726,train
3026750,train
3026754,test
3026758,train
3026762,train
3026766,train
3026774,train
3026786,train
3026790,train
3026794,train
3026798,train
3026802,test
3026814,test
3026818,train
3026834,test
3026850,test
3026858,test
3026862,train
3026882,train
3026886,train
3026894,test
3026922,train
3026926,train
3026938,train
3026942,train
3026946,test
3026954,train
3026958,train
3026962,train
3026966,test
3026970,train
3026974,train
3026978,test
3026994,train
3026998,train
3027002,test
3027006,train
3027010,train
3027014,train
3027026,train
3027034,train
3027042,train
3027058,train
3027062,test
3027070,test
3027098,train
3027114,train
3027126,train
3027134,train
3027142,train
3027146,train
3027150,train
3027162,train
3027170,train
3027182,train
3027190,train
3027198,test
3027210,test
3027214,train
3027226,test
3027230,train
3027238,train
3027246,train
3027250,train
3027254,train
3027258,train
3027262,train
3027270,train
3027286,train
3027290,train
3027294,test
3027298,train
3027302,train
3027310,train
3027314,train
3027322,train
3027326,train
3027334,train
3027338,train
3027342,train
3027346,train
3027354,train
3027358,train
3027366,train
3027374,train
3027382,train
3027390,train
3027394,train
3027402,train
3027406,train
3027414,train
3027438,train
3027450,test
3027458,train
3027466,train
3027470,train
3027478,train
3027482,train
3027486,train
3027490,test
3027494,train
3027498,test
3027502,train
3027506,train
3027510,train
3027522,train
3027526,train
3027530,train
3027534,train
3027538,train
3027554,train
3027558,train
3027578,train
3027582,train
3027590,train
3027598,train
3027602,train
3027614,train
3027618,train
3027622,test
3027626,test
3027634,train
3027642,test
3027650,train
3027658,train
3027674,test
3027682,train
3027686,train
3027690,train
3027706,train
3027714,train
3027726,train
3027730,train
3027734,train
3027746,train
3027750,test
3027754,train
3027758,test
3027770,train
3027774,train
3027778,train
3027794,train
3027802,test
3027814,train
3027834,train
3027846,train
3027854,train
3027858,train
3027862,train
3027894,test
3027906,train
3027910,train
3027914,train
3027918,test
3027922,train
3027926,train
3027950,train
3027954,test
3027974,train
3027982,test
3027986,train
3028006,test
3028014,test
3028022,train
3028026,train
3028030,train
3028034,train
3028038,train
3028042,test
3028054,train
3028062,test
3028066,test
3028070,train
3028074,train
3028090,test
3028094,train
3028098,train
3028106,train
3028118,train
3028126,train
3028134,train
3028138,test
3028146,test
3028150,train
3028166,train
3028174,train
3028182,train
3028186,train
3028194,train
3028198,train
3028202,train
3028210,train
3028214,train
3028226,train
3028234,test
3028238,train
3028242,test
3028246,train
3028250,train
3028254,test
3028262,train
3028266,train
3028274,train
3028278,train
3028286,test
3028290,train
3028298,train
3028302,train
3028314,test
3028318,test
3028322,train
3028326,train
3028330,train
3028350,train
3028358,train
3028370,train
3028394,test
3028398,train
3028406,train
3028410,test
3028426,train
3028434,train
3028442,test
3028446,train
3028450,train
3028474,train
3028478,train
3028486,train
3028490,train
3028502,test
3028506,train
3028522,train
3028526,train
3028534,train
3028538,train
3028550,test
3028554,test
3028558,train
3028562,train
3028566,train
3028570,train
3028574,train
3028578,train
3028582,train
3028586,train
3028598,train
3028602,train
3028606,train
3028610,train
3028614,train
3028622,test
3028630,train
3028638,train
3028642,train
3028646,test
3028650,train
3028654,train
3028670,train
3028678,train
3028686,train
3028690,train
3028694,train
3028698,test
3028718,train
3028742,train
3028790,train
3028802,train
3028806,train
3028826,train
3028830,test
3028842,test
3028854,train
3028858,train
3028862,train
3028866,train
3028870,train
3028874,train
3028878,train
3028886,test
3028894,train
3028902,train
3028906,train
3028910,train
3028918,train
3028926,train
3028934,train
3028938,train
3028954,test
3028958,train
3028962,train
3028966,test
3028974,train
3028978,train
3028982,test
3028986,train
3028994,train
3028998,train
3029002,train
3029010,train
3029014,test
3029030,train
3029042,train
3029050,train
3029054,train
3029058,train
3029070,train
3029074,train
3029082,train
3029090,train
3029102,train
3029106,test
3029118,test
3029122,train
3029126,train
3029146,train
3029150,train
3029154,train
3029166,train
3029170,train
3029174,train
3029182,train
3029194,train
3029214,train
3029218,train
3029258,train
3029274,train
3029278,train
3029286,test
3029290,train
3029298,train
3029318,train
3029326,train
3029330,train
3029334,train
3029358,train
3029366,train
3029374,train
3029386,test
3029390,train
3029394,train
3029402,test
3029414,train
3029418,test
3029426,test
3029430,train
3029434,train
3029438,train
3029442,train
3029446,train
3029466,train
3029482,train
3029486,train
3029490,train
3029510,train
3029526,test
3029566,train
3029570,train
3029582,test
3029594,train
3029598,test
3029606,test
3029610,train
3029622,train
3029626,test
3029646,train
3029654,train
3029658,train
3029666,train
3029670,train
3029674,test
3029682,test
3029694,train
3029698,test
3029714,train
3029722,train
3029726,test
3029730,train
3029742,train
3029746,train
3029754,train
3029774,train
3029782,train
3029790,train
3029806,train
3029810,train
3029818,train
3029822,train
3029838,train
3029842,train
3029846,train
3029858,train
3029866,train
3029870,train
3029874,train
3029878,train
3029882,test
3029898,train
3029902,test
3029910,train
3029914,train
3029922,train
3029930,test
3029954,train
3029958,train
3029962,test
3029966,test
3029970,train
3029986,train
3029990,train
3029994,test
3029998,train
3030002,train
3030006,train
3030022,test
3030026,train
3030030,test
3030034,train
3030038,test
3030046,train
3030050,train
3030054,train
3030058,train
3030062,train
3030070,train
3030074,train
3030078,train
3030090,train
3030094,train
3030106,test
3030114,train
3030118,train
3030122,train
3030130,train
3030134,train
3030142,train
3030146,train
3030150,train
3030154,train
3030158,train
3030162,test
3030166,train
3030170,train
3030182,train
3030186,train
3030202,train
3030206,test
3030210,train
3030214,train
3030222,train
3030242,train
3030250,train
3030258,train
3030262,train
3030266,train
3030278,train
3030282,train
3030290,test
3030310,train
3030326,test
3030338,test
3030346,test
3030354,train
3030358,train
3030362,test
3030366,test
3030370,train
3030374,train
3030378,test
3030390,test
3030394,test
3030402,test
3030410,train
3030418,train
3030438,train
3030442,train
3030450,train
3030454,train
3030462,test
3030470,test
3030478,test
3030502,train
3030514,train
3030518,train
3030522,train
3030530,train
3030538,train
3030546,train
3030562,test
3030566,train
3030574,train
3030578,train
3030582,train
3030586,train
3030602,train
3030606,train
3030610,train
3030642,train
3030646,test
3030654,train
3030662,train
3030666,train
3030670,train
3030674,train
3030682,train
3030686,train
3030694,train
3030702,train
3030710,train
3030714,train
3030730,test
3030734,test
3030738,train
3030750,test
3030754,train
3030758,train
3030762,train
3030786,train
3030790,train
3030798,train
3030810,train
3030818,train
3030826,train
3030830,train
3030834,train
3030858,train
3030874,train
3030882,train
3030886,train
3030890,train
3030894,train
3030898,train
3030914,train
3030922,train
3030926,test
3030942,test
3030954,train
3030974,train
3030986,train
3030994,train
3030998,test
3031010,train
3031014,test
3031022,train
3031034,test
3031038,train
3031046,test
3031050,train
3031058,train
3031070,train
3031082,train
3031090,train
3031114,train
3031118,train
3031126,train
3031130,train
3031138,test
3031150,train
3031154,train
3031166,test
3031178,test
3031182,train
3031186,train
3031194,test
3031206,train
3031210,train
3031218,train
3031226,train
3031242,test
3031246,train
3031250,train
3031258,train
3031262,test
3031270,train
3031286,test
3031294,train
3031302,train
3031310,test
3031326,train
3031338,train
3031342,train
3031362,train
3031378,train
3031382,train
3031386,train
3031390,train
3031402,train
3031418,train
3031422,train
3031426,train
3031442,train
3031458,train
3031462,train
3031466,train
3031490,train
3031494,train
3031506,test
3031510,train
3031522,train
3031526,test
3031530,train
3031534,test
3031546,train
3031550,train
3031562,train
3031578,train
3031582,train
3031586,train
3031598,train
3031606,train
3031614,train
3031618,train
3031622,train
3031626,train
3031634,train
3031638,train
3031654,train
3031658,test
3031670,test
3031674,test
3031690,train
3031694,test
3031702,train
3031710,train
3031714,train
3031718,train
3031722,train
3031730,train
3031734,train
3031738,train
3031750,test
3031766,train
3031770,train
3031774,train
3031778,train
3031782,train
3031786,train
3031794,test
3031810,train
3031822,test
3031826,train
3031830,train
3031838,train
3031846,test
3031854,train
3031870,train
3031874,train
3031878,train
3031882,train
3031894,train
3031902,train
3031906,train
3031914,test
3031918,train
3031926,train
3031930,train
3031946,train
3031962,train
3031966,train
3031970,train
3031982,train
3031986,test
3031990,train
3031994,train
3032002,test
3032010,train
3032022,train
3032034,test
3032042,train
3032046,train
3032058,train
3032070,test
3032086,train
3032090,train
3032094,train
3032102,train
3032110,train
3032122,train
3032126,test
3032130,train
3032138,train
3032142,train
3032150,train
3032154,train
3032162,test
3032174,train
3032182,train
3032186,train
3032190,test
3032194,test
3032206,train
3032210,train
3032218,test
3032222,train
3032226,train
3032230,train
3032234,train
3032242,train
3032250,train
3032254,train
3032258,test
3032262,train
3032266,train
3032278,train
3032294,train
3032298,train
3032302,train
3032306,train
3032314,train
3032326,train
3032330,train
3032334,test
3032346,train
3032358,train
3032374,train
3032378,train
3032386,train
3032390,train
3032402,train
3032406,test
3032422,train
3032446,train
3032450,train
3032454,train
3032462,test
3032466,train
3032470,train
3032482,train
3032486,train
3032502,train
3032506,train
3032510,train
3032522,train
3032534,test
3032538,test
3032550,train
3032554,train
3032566,test
3032570,train
3032578,test
3032582,train
3032590,train
3032598,train
3032602,train
3032606,test
3032610,train
3032614,train
3032634,train
3032646,train
3032654,train
3032658,test
3032662,train
3032666,train
3032670,train
3032694,train
3032702,train
3032706,test
3032714,train
3032718,train
3032722,train
3032734,train
3032746,train
3032754,train
3032762,train
3032782,train
3032790,train
3032794,train
3032798,test
3032806,train
3032814,test
3032818,train
3032822,test
3032826,train
3032830,train
3032834,test
3032838,train
3032842,train
3032862,train
3032878,train
3032890,train
3032898,train
3032902,test
3032906,train
3032910,train
3032914,test
3032918,train
3032922,train
3032942,train
3032978,train
3032982,train
3032986,train
3032990,train
3032994,train
3032998,train
3033010,train
3033014,train
3033030,train
3033038,test
3033054,train
3033058,train
3033074,train
3033078,test
3033082,test
3033102,train
3033110,train
3033114,train
3033118,train
3033134,train
3033138,train
3033166,train
3033178,train
3033190,train
3033202,train
3033206,train
3033210,train
3033226,train
3033230,test
3033246,train
3033258,train
3033266,test
3033270,train
3033278,train
3033290,train
3033302,train
3033306,train
3033322,train
3033326,test
3033330,train
3033334,train
3033346,train
3033354,train
3033366,test
3033370,train
3033374,train
3033378,train
3033382,train
3033386,train
3033394,train
3033406,train
3033426,train
3033430,train
3033438,train
3033442,train
3033446,test
3033450,test
3033454,train
3033458,train
3033466,test
3033486,train
3033490,train
3033498,train
3033506,train
3033514,train
3033522,train
3033526,train
3033542,train
3033546,train
3033554,train
3033562,train
3033586,test
3033594,train
3033606,train
3033610,train
3033630,train
3033638,train
3033642,train
3033654,test
3033670,train
3033674,train
3033678,train
3033682,train
3033686,test
3033694,train
3033698,train
3033706,train
3033710,train
3033714,test
3033734,train
3033738,train
3033742,train
3033766,train
3033770,train
3033774,train
3033778,train
3033786,train
3033790,train
3033802,train
3033806,train
3033818,train
3033826,train
3033834,train
3033838,train
3033846,train
3033850,train
3033854,train
3033858,train
3033862,train
3033870,train
3033890,train
3033898,test
3033910,train
3033930,train
3033942,train
3033954,train
3033958,train
3033966,train
3033982,test
3033994,train
3034006,test
3034022,test
3034038,train
3034046,test
3034058,test
3034066,train
3034074,train
3034078,train
3034086,train
3034090,train
3034094,test
3034098,train
3034114,train
3034118,train
3034130,train
3034134,test
3034146,test
3034166,train
3034190,train
3034194,train
3034214,train
3034222,train
3034250,train
3034258,train
3034262,train
3034278,train
3034282,train
3034286,train
3034298,test
3034302,train
3034306,train
3034310,train
3034314,train
3034326,train
3034346,train
3034350,train
3034354,train
3034362,train
3034366,test
3034374,train
3034386,test
3034390,train
3034402,train
3034406,train
3034410,train
3034422,train
3034430,train
3034434,train
3034442,train
3034470,train
3034474,test
3034478,train
3034482,train
3034494,train
3034498,test
3034502,train
3034506,train
3034510,test
3034534,train
3034538,train
3034550,test
3034554,train
3034558,train
3034562,train
3034574,train
3034586,test
3034590,test
3034594,train
3034598,test
3034606,test
3034610,train
3034618,train
3034622,train
3034630,test
3034638,train
3034642,train
3034650,train
3034654,test
3034658,train
3034670,train
3034674,train
3034690,train
3034694,test
3034698,test
3034702,test
3034710,train
3034714,train
3034726,test
3034730,train
3034734,train
3034742,train
3034754,train
3034758,train
3034762,test
3034770,test
3034774,train
3034782,test
3034786,train
3034790,train
3034794,train
3034798,test
3034802,test
3034814,train
3034818,train
3034826,test
3034830,test
3034834,train
3034838,train
3034842,train
3034850,train
3034854,train
3034862,train
3034870,train
3034882,train
3034886,test
3034890,train
3034898,test
3034910,train
3034918,train
3034926,train
3034930,test
3034934,test
3034942,train
3034950,train
3034954,train
3034958,train
3034962,train
3034974,train
3034982,train
3034990,train
3034994,train
3034998,train
3035002,train
3035010,train
3035022,train
3035030,train
3035038,test
3035050,test
3035054,train
3035062,train
3035066,train
3035082,train
3035090,train
3035098,train
3035102,train
3035110,train
3035114,test
3035118,train
3035122,train
3035126,train
3035150,train
3035154,train
3035162,train
3035166,train
3035174,train
3035186,test
3035194,train
3035202,train
3035210,train
3035218,train
3035222,train
3035226,train
3035230,train
3035246,train
3035250,train
3035254,train
3035270,train
3035278,train
3035282,train
3035286,train
3035290,train
3035298,train
3035310,train
3035314,train
3035330,train
3035334,train
3035338,train
3035346,train
3035350,train
3035354,train
3035358,train
3035362,train
3035366,test
3035370,train
3035378,train
3035386,train
3035390,train
3035394,train
3035402,train
3035406,test
3035410,test
3035414,train
3035434,train
3035446,train
3035450,test
3035466,train
3035470,train
3035498,train
3035502,train
3035506,train
3035514,train
3035522,train
3035526,test
3035546,train
3035550,test
3035566,train
3035574,train
3035578,train
3035586,test
3035590,train
3035602,test
3035606,train
3035614,train
3035626,train
3035634,train
3035650,train
3035654,train
3035658,train
3035666,train
3035682,test
3035686,train
3035690,train
3035694,train
3035698,train
3035702,train
3035714,train
3035722,test
3035726,train
3035730,train
3035738,train
3035746,train
3035750,train
3035754,train
3035766,test
3035774,train
3035810,train
3035814,train
3035822,train
3035846,test
3035850,train
3035862,test
3035866,train
3035870,train
3035874,train
3035878,train
3035882,train
3035886,train
3035890,train
3035906,train
3035910,train
3035922,train
3035926,test
3035942,train
3035946,train
3035950,train
3035966,train
3035970,train
3035990,test
3035998,train
3036002,train
3036018,train
3036026,train
3036030,train
3036042,train
3036050,train
3036058,train
3036074,train
3036082,train
3036098,train
3036102,train
3036106,train
3036110,train
3036118,train
3036130,train
3036138,train
3036142,train
3036146,test
3036166,train
3036170,train
3036174,train
3036178,train
3036182,train
3036190,train
3036198,train
3036206,test
3036222,train
3036226,train
3036246,train
3036258,train
3036262,test
3036278,test
3036334,train
3036342,test
3036354,train
3036358,train
3036362,train
3036366,train
3036374,train
3036386,train
3036390,train
3036394,test
3036402,train
3036410,test
3036418,train
3036430,train
3036434,train
3036442,train
3036446,train
3036462,train
3036470,train
3036474,test
3036478,train
3036482,train
3036498,train
3036502,train
3036510,train
3036530,train
3036534,test
3036554,train
3036558,train
3036562,train
3036566,train
3036570,test
3036574,test
3036578,train
3036582,train
3036586,test
3036590,train
3036594,train
3036602,test
3036606,train
3036614,train
3036622,train
3036626,train
3036630,train
3036634,train
3036638,train
3036646,train
3036654,train
3036658,test
3036662,train
3036670,train
3036682,test
3036690,test
3036694,train
3036706,test
3036714,train
3036722,train
3036742,train
3036746,train
3036750,train
3036758,train
3036762,train
3036770,train
3036782,train
3036790,train
3036810,test
3036818,train
3036826,train
3036838,test
3036842,train
3036858,train
3036862,train
3036870,train
3036878,train
3036886,test
3036894,test
3036902,train
3036918,train
3036922,test
3036926,train
3036942,train
3036946,test
3036954,test
3036958,test
3036970,test
3036974,train
3036978,train
3036982,train
3036994,train
3036998,train
3037002,test
3037010,train
3037014,train
3037018,train
3037022,train
3037026,test
3037034,train
3037038,test
3037050,test
3037058,test
3037062,train
3037086,train
3037106,train
3037110,train
3037114,train
3037118,test
3037122,train
3037126,train
3037130,train
3037134,test
3037146,train
3037150,train
3037162,test
3037166,train
3037170,train
3037186,train
3037190,train
3037194,train
3037202,test
3037206,train
3037214,test
3037218,test
3037222,test
3037226,train
3037234,train
3037238,train
3037242,train
3037250,train
3037254,train
3037262,train
3037270,train
3037274,train
3037278,train
3037282,train
3037286,train
3037294,train
3037298,test
3037306,train
3037318,train
3037322,train
3037330,train
3037334,test
3037338,test
3037346,train
3037350,train
3037354,train
3037358,train
3037362,train
3037370,train
3037374,test
3037378,train
3037382,train
3037386,test
3037394,train
3037398,train
3037406,train
3037434,train
3037438,train
3037442,train
3037450,train
3037454,test
3037490,train
3037494,train
3037498,train
3037502,train
3037506,train
3037514,test
3037518,train
3037526,train
3037530,train
3037534,train
3037538,test
3037558,train
3037578,test
3037582,test
3037586,train
3037594,test
3037598,train
3037622,train
3037626,test
3037638,test
3037642,train
3037646,train
3037654,test
3037666,train
3037670,train
3037674,train
3037698,train
3037702,train
3037706,test
3037714,train
3037718,train
3037722,train
3037738,train
3037754,train
3037762,train
3037766,train
3037774,train
3037778,train
3037782,train
3037790,train
3037794,train
3037798,train
3037814,train
3037826,train
3037830,train
3037838,test
3037842,train
3037846,train
3037854,train
3037858,train
3037862,train
3037866,train
3037886,train
3037894,train
3037898,train
3037910,train
3037914,train
3037918,test
3037926,train
3037930,train
3037934,train
3037938,train
3037946,train
3037954,train
3037962,train
3037970,train
3037978,train
3037982,train
3037986,train
3037994,train
3037998,test
3038010,test
3038018,test
3038026,train
3038030,train
3038034,train
3038038,train
3038058,train
3038062,test
3038082,train
3038086,train
3038090,train
3038094,train
3038098,train
3038102,train
3038106,train
3038110,train
3038114,train
3038122,train
3038130,train
3038134,test
3038142,train
3038146,train
3038150,train
3038154,train
3038170,train
3038174,train
3038214,train
3038226,train
3038238,train
3038242,train
3038246,test
3038250,train
3038254,train
3038262,train
3038270,train
3038278,train
3038298,train
3038306,train
3038310,train
3038314,train
3038318,train
3038330,train
3038334,train
3038350,train
3038366,train
3038374,train
3038390,train
3038394,train
3038410,train
3038414,test
3038418,train
3038446,train
3038450,train
3038454,train
3038458,train
3038462,train
3038474,train
3038486,train
3038490,train
3038494,train
3038506,train
3038510,test
3038514,train
3038554,train
3038558,train
3038562,train
3038570,train
3038574,train
3038586,test
3038602,train
3038614,test
3038618,train
3038622,train
3038626,train
3038630,test
3038638,train
3038646,train
3038650,train
3038658,train
3038662,train
3038666,train
3038682,train
3038690,train
3038698,train
3038710,test
3038722,train
3038730,train
3038738,train
3038750,test
3038762,train
3038766,train
3038770,train
3038778,train
3038782,train
3038786,train
3038794,train
3038798,train
3038802,train
3038806,train
3038818,train
3038826,train
3038830,test
3038834,train
3038838,train
3038862,train
3038870,train
3038878,train
3038886,train
3038890,train
3038894,train
3038898,test
3038906,train
3038926,train
3038938,train
3038954,train
3038958,train
3038962,test
3038966,train
3038970,train
3039010,train
3039014,train
3039022,train
3039030,train
3039038,train
3039042,train
3039046,train
3039050,train
3039066,test
3039070,train
3039074,train
3039078,test
3039082,train
3039090,train
3039094,test
3039098,test
3039102,train
3039110,test
3039118,train
3039130,train
3039134,test
3039146,test
3039150,train
3039154,train
3039166,train
3039170,train
3039174,train
3039182,test
3039186,train
3039190,train
3039198,train
3039202,train
3039206,test
3039210,train
3039218,test
3039230,train
3039234,train
3039238,train
3039242,train
3039246,train
3039254,train
3039258,train
3039266,train
3039282,train
3039286,train
3039310,test
3039322,test
3039326,train
3039330,train
3039338,test
3039354,train
3039370,train
3039378,train
3039382,test
3039394,train
3039398,train
3039406,train
3039410,train
3039414,train
3039418,train
3039442,train
3039450,test
3039478,test
3039494,train
3039498,train
3039502,train
3039510,train
3039522,train
3039530,train
3039534,train
3039538,train
3039542,train
3039558,test
3039562,train
3039574,train
3039582,test
3039590,train
3039594,train
3039598,train
3039602,train
3039610,train
3039614,train
3039622,train
3039626,train
3039630,train
3039634,train
3039638,train
3039642,train
3039650,train
3039654,train
3039658,test
3039662,train
3039670,train
3039674,train
3039686,test
3039694,train
3039706,train
3039710,train
3039714,train
3039722,train
3039730,train
3039738,train
3039750,train
3039754,test
3039758,train
3039762,train
3039766,train
3039770,test
3039782,train
3039790,test
3039794,train
3039798,train
3039802,train
3039806,train
3039822,train
3039826,test
3039838,test
3039866,train
3039870,train
3039882,train
3039886,train
3039890,train
3039894,test
3039902,test
3039906,test
3039926,test
3039938,train
3039942,train
3039950,train
3039954,train
3039962,test
3039974,train
3039982,train
3039986,train
3039990,train
3039994,test
3040002,train
3040006,train
3040010,train
3040014,train
3040018,train
3040026,train
3040034,train
3040042,test
3040046,train
3040050,train
3040058,train
3040062,train
3040070,test
3040082,test
3040094,train
3040098,train
3040102,train
3040106,train
3040114,train
3040122,train
3040130,train
3040134,test
3040142,train
3040150,train
3040154,train
3040158,train
3040162,train
3040166,test
3040170,train
3040174,train
3040178,train
3040182,train
3040190,test
3040198,test
3040202,train
3040210,train
3040238,train
3040242,train
3040246,train
3040250,test
3040254,train
3040258,train
3040266,train
3040290,train
3040294,train
3040298,train
3040302,test
3040306,train
3040310,train
3040342,train
3040350,train
3040354,train
3040358,train
3040362,train
3040370,train
3040390,train
3040394,train
3040402,train
3040406,train
3040414,train
3040418,test
3040426,train
3040430,test
3040434,train
3040442,train
3040446,train
3040450,train
3040454,train
3040458,train
3040466,train
3040474,train
3040486,train
3040490,train
3040494,train
3040498,train
3040502,train
3040510,train
3040526,train
3040542,train
3040562,test
3040574,train
3040578,train
3040586,test
3040590,test
3040598,train
3040602,test
3040610,test
3040622,train
3040638,train
3040642,train
3040646,train
3040658,train
3040678,train
3040686,test
3040690,train
3040694,train
3040698,train
3040706,test
3040710,train
3040714,train
3040718,train
3040722,test
3040738,train
3040742,train
3040746,train
3040754,train
3040758,test
3040770,train
3040778,test
3040782,train
3040798,train
3040802,train
3040806,train
3040814,train
3040818,train
3040826,test
3040830,train
3040850,train
3040862,train
3040866,train
3040878,train
3040882,test
3040886,train
3040890,train
3040910,test
3040914,train
3040922,train
3040926,train
3040934,test
3040942,train
3040958,train
3040978,test
3041006,train
3041022,train
3041034,train
3041038,train
3041050,test
3041054,train
3041062,train
3041070,test
3041086,train
3041098,train
3041102,train
3041118,train
3041122,test
3041126,train
3041130,test
3041146,test
3041154,train
3041162,test
3041166,train
3041170,train
3041178,train
3041182,test
3041194,train
3041198,test
3041202,train
3041206,train
3041210,test
3041214,train
3041222,train
3041234,train
3041238,train
3041246,train
3041254,train
3041262,train
3041266,train
3041274,train
3041282,train
3041290,test
3041294,train
3041298,train
3041306,train
3041310,test
3041318,train
3041326,train
3041334,train
3041346,train
3041358,test
3041366,test
3041370,train
3041382,train
3041386,train
3041390,train
3041398,train
3041414,test
3041422,train
3041426,train
3041430,train
3041434,train
3041438,train
3041442,test
3041446,train
3041462,test
3041482,test
3041486,train
3041490,test
3041494,train
3041498,train
3041502,train
3041510,train
3041514,test
3041518,test
3041522,test
3041526,test
3041534,train
3041538,train
3041542,train
3041554,train
3041558,test
3041582,train
3041586,train
3041590,train
3041602,train
3041622,train
3041626,train
3041634,test
3041638,train
3041642,train
3041646,train
3041650,train
3041670,train
3041674,train
3041690,train
3041694,test
3041702,test
3041710,train
3041718,test
3041722,test
3041730,train
3041738,test
3041742,test
3041746,train
3041750,train
3041754,train
3041762,train
3041766,train
3041770,train
3041774,train
3041778,test
3041786,train
3041790,train
3041798,test
3041814,train
3041822,train
3041850,train
3041854,test
3041862,train
3041866,train
3041870,train
3041882,test
3041890,train
3041902,train
3041906,train
3041910,train
3041914,train
3041918,train
3041922,test
3041930,train
3041934,train
3041938,train
3041942,train
3041946,test
3041950,train
3041954,train
3041966,train
3041970,train
3041974,train
3041978,train
3041986,test
3041990,train
3041994,train
3042002,train
3042018,train
3042022,test
3042026,train
3042038,train
3042042,train
3042070,train
3042074,train
3042090,train
3042098,train
3042122,train
3042130,test
3042138,train
3042142,train
3042146,train
3042154,test
3042158,test
3042162,train
3042166,train
3042170,train
3042178,test
3042182,train
3042186,train
3042198,train
3042218,train
3042222,train
3042242,train
3042254,train
3042266,train
3042274,train
3042278,train
3042290,train
3042302,train
3042310,train
3042318,train
3042322,train
3042326,train
3042330,train
3042338,train
3042346,train
3042350,train
3042354,train
3042362,train
3042366,train
3042374,train
3042382,test
3042386,train
3042398,train
3042414,train
3042430,train
3042434,train
3042438,train
3042442,train
3042454,train
3042458,train
3042466,train
3042474,train
3042478,train
3042482,train
3042486,train
3042490,train
3042494,train
3042498,train
3042502,train
3042522,train
3042526,train
3042530,train
3042554,train
3042562,train
3042574,test
3042578,test
3042586,train
3042602,train
3042606,train
3042614,train
3042618,train
3042622,train
3042626,test
3042638,test
3042642,train
3042646,test
3042650,test
3042654,train
3042662,train
3042682,test
3042698,test
3042702,train
3042706,test
3042714,train
3042730,train
3042734,train
3042742,train
3042746,test
3042758,test
3042766,train
3042778,train
3042794,train
3042802,test
3042806,train
3042818,test
3042822,train
3042842,train
3042846,train
3042850,train
3042854,train
3042858,train
3042866,train
3042870,train
3042874,train
3042882,train
3042886,train
3042890,test
3042894,train
3042898,train
3042902,train
3042914,train
3042918,test
3042922,train
3042938,train
3042942,train
3042946,train
3042950,test
3042954,train
3042966,train
3042970,train
3042974,train
3042978,train
3042994,train
3042998,train
3043002,train
3043006,train
3043010,test
3043014,test
3043058,train
3043070,train
3043074,train
3043082,train
3043090,train
3043094,train
3043098,train
3043118,train
3043122,test
3043130,train
3043134,train
3043146,train
3043150,train
3043154,test
3043166,test
3043170,train
3043178,test
3043182,train
3043186,train
3043198,test
3043206,test
3043226,train
3043238,train
3043246,test
3043262,test
3043278,train
3043290,test
3043314,train
3043322,train
3043326,train
3043346,train
3043350,test
3043354,train
3043374,train
3043378,train
3043382,train
3043398,train
3043418,train
3043422,train
3043426,train
3043430,train
3043434,train
3043438,train
3043442,train
3043446,test
3043458,train
3043462,train
3043470,test
3043474,test
3043478,train
3043486,test
3043490,train
3043498,test
3043506,train
3043510,train
3043518,train
3043522,train
3043530,test
3043534,train
3043538,train
3043542,train
3043550,train
3043554,train
3043562,train
3043566,train
3043570,train
3043578,train
3043586,train
3043590,train
3043598,train
3043610,train
3043614,train
3043618,train
3043630,test
3043634,train
3043642,test
3043646,test
3043650,train
3043654,train
3043658,train
3043662,test
3043666,train
3043694,test
3043698,train
3043702,train
3043706,train
3043714,test
3043718,train
3043726,train
3043730,train
3043734,test
3043738,train
3043758,train
3043762,train
3043770,train
3043778,test
3043782,test
3043786,train
3043794,train
3043802,train
3043806,test
3043822,train
3043830,train
3043834,train
3043846,train
3043854,test
3043858,test
3043862,test
3043866,train
3043870,train
3043874,train
3043878,train
3043882,train
3043886,train
3043890,train
3043894,train
3043898,train
3043906,train
3043918,test
3043930,train
3043942,train
3043946,train
3043954,train
3043958,train
3043970,train
3043974,train
3043986,train
3043990,test
3043994,train
3044002,train
3044006,train
3044010,test
3044014,train
3044018,train
3044026,train
3044030,train
3044034,train
3044038,train
3044058,train
3044062,train
3044078,train
3044082,train
3044086,train
3044094,train
3044098,train
3044106,test
3044130,train
3044134,train
3044158,test
3044166,train
3044170,train
3044174,train
3044182,train
3044186,train
3044202,train
3044214,train
3044238,train
3044246,train
3044254,train
3044258,test
3044262,train
3044266,train
3044270,train
3044278,train
3044286,train
3044290,train
3044302,train
3044314,train
3044318,train
3044322,train
3044326,train
3044338,train
3044346,train
3044358,train
3044362,train
3044370,train
3044378,train
3044382,train
3044390,train
3044394,train
3044402,test
3044410,test
3044454,train
3044458,train
3044462,train
3044466,train
3044478,train
3044490,train
3044506,test
3044510,train
3044514,train
3044522,train
3044530,test
3044534,train
3044546,test
3044550,train
3044558,train
3044562,train
3044566,test
3044574,train
3044582,train
3044586,train
3044598,train
3044602,train
3044606,train
3044610,train
3044618,train
3044626,train
3044630,train
3044646,train
3044650,train
3044654,train
3044686,train
3044690,test
3044698,train
3044702,train
3044706,train
3044714,train
3044726,test
3044730,train
3044734,train
3044738,test
3044758,train
3044762,train
3044778,train
3044786,train
3044790,test
3044798,train
3044802,train
3044822,train
3044826,train
3044838,train
3044846,train
3044878,test
3044882,train
3044898,test
3044906,train
3044910,test
3044914,train
3044918,test
3044926,train
3044934,test
3044942,test
3044946,train
3044974,train
3044982,train
3044994,train
3045030,train
3045034,test
3045038,train
3045042,train
3045046,train
3045050,train
3045054,train
3045058,train
3045066,train
3045070,train
3045078,train
3045086,train
3045094,train
3045102,train
3045142,train
3045154,train
3045174,train
3045178,train
3045194,train
3045230,train
3045242,train
3045246,test
3045250,train
3045254,test
3045258,test
3045262,test
3045266,test
3045274,test
3045278,test
3045282,train
3045290,train
3045298,train
3045306,train
3045314,train
3045322,train
3045326,test
3045334,train
3045346,train
3045354,train
3045362,test
3045366,train
3045370,train
3045374,train
3045378,train
3045382,test
3045386,train
3045390,train
3045398,test
3045402,train
3045418,train
3045422,train
3045426,train
3045434,train
3045442,train
3045446,train
3045454,train
3045458,train
3045474,train
3045482,train
3045490,test
3045498,train
3045506,train
3045518,train
3045534,train
3045566,train
3045570,train
3045598,train
3045602,train
3045606,train
3045614,train
3045618,train
3045622,train
3045626,train
3045630,train
3045638,train
3045646,test
3045650,train
3045658,train
3045662,test
3045674,test
3045682,test
3045694,train
3045702,train
3045710,train
3045726,train
3045730,train
3045734,test
3045738,train
3045746,train
3045762,train
3045766,train
3045778,train
3045786,test
3045794,train
3045798,train
3045806,train
3045818,train
3045822,train
3045830,train
3045834,train
3045838,test
3045850,train
3045854,train
3045858,train
3045862,train
3045866,train
3045870,train
3045874,train
3045882,train
3045890,train
3045894,train
3045906,train
3045910,train
3045918,test
3045926,train
3045942,train
3045950,train
3045954,train
3045958,train
3045962,train
3045986,train
3045990,train
3045998,train
3046006,train
3046014,train
3046030,train
3046038,train
3046042,train
3046046,train
3046050,train
3046054,train
3046058,train
3046062,train
3046066,train
3046074,test
3046078,train
3046082,train
3046098,train
3046106,train
3046118,train
3046122,train
3046126,train
3046134,train
3046146,train
3046150,train
3046154,train
3046166,train
3046170,train
3046174,train
3046182,train
3046186,train
3046190,train
3046202,test
3046206,train
3046214,train
3046226,train
3046230,train
3046234,train
3046246,train
3046250,train
3046258,train
3046266,train
3046270,test
3046278,train
3046282,test
3046286,train
3046290,train
3046294,train
3046302,train
3046310,train
3046318,test
3046334,train
3046338,train
3046342,train
3046350,test
3046374,train
3046378,train
3046390,train
3046398,train
3046410,train
3046414,test
3046442,test
3046454,test
3046458,train
3046462,test
3046470,train
3046474,train
3046478,train
3046486,test
3046490,train
3046494,train
3046506,train
3046510,train
3046518,train
3046522,train
3046526,train
3046534,train
3046542,train
3046546,train
3046562,train
3046590,train
3046598,test
3046610,train
3046614,train
3046618,train
3046626,test
3046630,train
3046634,train
3046638,train
3046650,train
3046654,test
3046658,train
3046662,test
3046670,train
3046674,train
3046682,train
3046686,test
3046714,train
3046730,train
3046738,test
3046742,train
3046762,train
3046782,train
3046802,train
3046830,train
3046838,train
3046854,train
3046858,train
3046878,train
3046882,test
3046886,train
3046898,train
3046902,train
3046906,train
3046910,train
3046914,test
3046918,train
3046938,train
3046942,train
3046954,train
3046962,train
3046966,train
3046990,train
3046994,train
3046998,train
3047002,train
3047018,train
3047034,test
3047042,train
3047046,train
3047054,test
3047062,train
3047066,test
3047078,train
3047082,train
3047086,train
3047098,train
3047102,train
3047114,train
3047122,train
3047126,train
3047158,train
3047162,train
3047174,test
3047178,train
3047190,test
3047194,train
3047198,train
3047218,train
3047234,train
3047238,train
3047242,train
3047254,train
3047258,train
3047262,train
3047270,train
3047282,train
3047286,train
3047290,train
3047294,train
3047318,test
3047322,train
3047326,train
3047330,test
3047334,train
3047342,train
3047346,train
3047354,test
3047358,train
3047378,train
3047386,test
3047418,train
3047426,train
3047434,train
3047442,train
3047450,train
3047466,train
3047474,test
3047486,train
3047490,train
3047494,test
3047502,train
3047522,test
3047526,train
3047538,train
3047542,train
3047546,test
3047550,train
3047554,train
3047562,test
3047582,train
3047586,test
3047602,train
3047610,train
3047618,train
3047622,train
3047630,test
3047638,train
3047654,train
3047658,train
3047662,train
3047686,train
3047690,train
3047710,train
3047718,train
3047726,train
3047730,train
3047734,train
3047738,train
3047750,test
3047762,train
3047774,train
3047778,test
3047786,train
3047790,train
3047798,train
3047802,train
3047814,train
3047822,test
3047826,train
3047842,train
3047862,test
3047878,train
3047882,train
3047886,train
3047902,train
3047906,train
3047922,train
3047934,train
3047938,train
3047942,train
3047950,train
3047958,test
3047962,train
3047966,test
3047970,train
3047978,train
3047986,train
3047990,train
3047994,train
3047998,train
3048018,train
3048022,train
3048030,train
3048034,test
3048038,test
3048042,train
3048050,train
3048058,train
3048070,train
3048074,train
3048078,train
3048082,train
3048086,test
3048090,train
3048094,train
3048098,train
3048106,train
3048110,train
3048118,train
3048142,train
3048150,train
3048158,train
3048162,train
3048166,train
3048170,train
3048174,train
3048182,test
3048186,train
3048190,train
3048210,train
3048214,train
3048218,train
3048226,train
3048238,train
3048242,train
3048246,train
3048250,train
3048270,train
3048274,train
3048282,train
3048310,train
3048322,train
3048326,train
3048334,train
3048370,train
3048374,train
3048382,train
3048390,train
3048394,train
3048398,train
3048406,train
3048414,train
3048430,train
3048442,train
3048446,train
3048454,train
3048458,train
3048466,train
3048478,test
3048482,test
3048486,train
3048494,test
3048502,train
3048506,train
3048514,train
3048518,train
3048522,test
3048526,test
3048530,train
3048534,train
3048546,test
3048550,test
3048566,train
3048570,train
3048574,test
3048578,train
3048582,train
3048586,train
3048590,train
3048602,train
3048606,train
3048610,train
3048618,train
3048626,train
3048630,train
3048642,train
3048646,train
3048670,train
3048682,train
3048694,train
3048710,train
3048714,train
3048718,train
3048726,train
3048738,train
3048746,train
3048758,train
3048770,train
3048782,test
3048786,train
3048790,test
3048810,train
3048814,train
3048818,train
3048834,train
3048838,train
3048846,train
3048854,train
3048858,train
3048870,train
3048874,train
3048878,train
3048882,train
3048886,train
3048890,train
3048898,train
3048902,train
3048926,train
3048938,train
3048942,train
3048946,train
3048950,test
3048954,train
3048958,train
3048962,train
3048974,train
3048978,train
3048986,train
3048990,train
3048994,train
3049006,train
3049014,test
3049022,train
3049030,test
3049050,train
3049054,train
3049070,train
3049074,train
3049082,train
3049090,test
3049094,train
3049098,train
3049106,test
3049110,train
3049114,test
3049118,train
3049126,train
3049154,train
3049162,test
3049170,test
3049198,train
3049202,train
3049210,train
3049214,test
3049218,test
3049222,test
3049238,test
3049242,train
3049250,train
3049266,test
3049274,train
3049278,test
3049282,test
3049290,train
3049298,train
3049302,train
3049310,train
3049318,train
3049322,train
3049326,train
3049330,train
3049334,train
3049338,train
3049342,train
3049350,train
3049362,train
3049366,train
3049370,train
3049374,train
3049378,train
3049386,train
3049402,train
3049410,train
3049414,train
3049418,train
3049422,train
3049426,train
3049430,train
3049434,train
3049438,train
3049446,train
3049450,train
3049454,train
3049474,test
3049478,train
3049482,train
3049490,train
3049494,train
3049502,train
3049514,train
3049522,test
3049526,test
3049530,test
3049534,test
3049542,train
3049554,train
3049558,train
3049562,train
3049566,train
3049574,train
3049578,train
3049586,train
3049590,train
3049602,train
3049610,train
3049618,train
3049622,train
3049650,train
3049654,test
3049658,train
3049662,train
3049674,train
3049682,train
3049686,train
3049694,train
3049698,train
3049702,test
3049710,train
3049734,train
3049738,train
3049742,train
3049746,test
3049762,train
3049778,train
3049802,train
3049814,train
3049830,train
3049842,train
3049846,test
3049862,train
3049870,test
3049882,train
3049894,train
3049902,train
3049906,train
3049910,test
3049918,train
3049922,test
3049926,train
3049930,train
3049938,train
3049950,train
3049970,train
3049978,train
3049982,test
3049994,train
3049998,train
3050002,train
3050014,test
3050026,train
3050030,train
3050038,test
3050042,train
3050046,test
3050066,train
3050070,train
3050082,train
3050086,train
3050094,test
3050098,train
3050102,train
3050110,test
3050118,test
3050130,train
3050146,train
3050154,train
3050162,train
3050178,test
3050182,train
3050190,train
3050194,train
3050198,train
3050202,train
3050206,test
3050210,test
3050218,train
3050222,train
3050226,test
3050230,train
3050234,test
3050238,train
3050242,train
3050254,test
3050258,train
3050262,test
3050266,train
3050278,train
3050282,train
3050286,train
3050290,train
3050298,test
3050306,train
3050310,train
3050314,train
3050322,train
3050326,test
3050334,train
3050342,train
3050346,train
3050350,train
3050362,test
3050366,train
3050378,train
3050382,train
3050394,train
3050398,train
3050402,train
3050406,train
3050410,train
3050418,train
3050434,train
3050438,test
3050446,train
3050462,train
3050482,train
3050486,train
3050490,train
3050518,train
3050522,test
3050526,train
3050530,train
3050546,train
3050550,train
3050566,train
3050570,train
3050582,test
3050586,test
3050590,train
3050602,train
3050610,train
3050618,test
3050626,test
3050630,test
3050634,train
3050638,train
3050646,test
3050658,train
3050666,train
3050670,train
3050674,test
3050682,train
3050702,train
3050706,train
3050710,train
3050714,test
3050718,train
3050722,test
3050730,train
3050734,train
3050746,train
3050750,test
3050754,train
3050766,train
3050774,train
3050786,test
3050794,train
3050798,train
3050806,train
3050814,train
3050818,train
3050826,train
3050834,train
3050838,train
3050842,train
3050858,train
3050874,train
3050878,train
3050890,train
3050894,train
3050902,train
3050906,test
3050910,test
3050918,train
3050930,train
3050946,test
3050950,test
3050954,train
3050958,train
3050962,test
3050970,train
3050974,test
3050978,train
3050986,train
3050990,train
3050998,train
3051002,test
3051014,test
3051026,train
3051034,train
3051038,train
3051042,train
3051046,train
3051062,train
3051066,train
3051086,test
3051090,train
3051098,train
3051106,test
3051110,train
3051114,test
3051126,train
3051130,train
3051134,train
3051154,train
3051162,train
3051170,train
3051178,test
3051194,train
3051198,test
3051210,train
3051214,train
3051218,train
3051230,train
3051246,train
3051250,train
3051254,train
3051266,train
3051302,test
3051306,test
3051330,train
3051338,train
3051346,train
3051350,test
3051354,train
3051366,train
3051370,train
3051390,train
3051394,train
3051406,train
3051418,train
3051422,train
3051426,train
3051430,train
3051438,train
3051442,train
3051450,train
3051458,train
3051462,train
3051474,train
3051498,train
3051534,train
3051538,train
3051554,train
3051558,train
3051562,test
3051570,test
3051578,train
3051582,train
3051590,train
3051598,train
3051602,train
3051606,train
3051614,train
3051618,train
3051626,train
3051630,test
3051634,test
3051638,train
3051642,train
3051654,train
3051658,train
3051666,test
3051674,train
3051678,train
3051690,train
3051706,train
3051710,train
3051722,train
3051726,train
3051730,train
3051738,train
3051742,train
3051750,train
3051758,train
3051770,train
3051786,train
3051790,train
3051794,train
3051802,train
3051806,test
3051810,test
3051814,train
3051838,train
3051846,test
3051850,train
3051854,train
3051882,test
3051890,test
3051894,train
3051910,test
3051914,test
3051918,train
3051922,test
3051926,train
3051930,train
3051958,train
3051966,test
3051970,train
3051978,train
3051982,train
3051994,train
3051998,train
3052002,train
3052014,train
3052018,train
3052022,train
3052030,train
3052042,train
3052046,train
3052050,train
3052058,train
3052066,train
3052070,train
3052078,train
3052090,train
3052094,train
3052102,test
3052106,train
3052110,train
3052114,train
3052122,train
3052126,train
3052130,train
3052134,test
3052138,train
3052162,train
3052174,train
3052178,train
3052182,test
3052190,train
3052210,test
3052214,train
3052222,train
3052258,train
3052266,train
3052270,train
3052282,train
3052286,test
3052290,test
3052294,train
3052330,test
3052334,train
3052342,train
3052350,train
3052354,train
3052370,test
3052374,train
3052378,test
3052382,train
3052386,train
3052390,train
3052394,train
3052402,train
3052406,train
3052414,test
3052422,test
3052446,train
3052450,train
3052454,train
3052462,train
3052470,train
3052486,train
3052490,train
3052494,train
3052498,train
3052514,train
3052518,test
3052522,train
3052530,train
3052538,train
3052542,test
3052546,train
3052550,train
3052570,train
3052594,train
3052602,train
3052606,train
3052622,train
3052646,train
3052650,train
3052670,test
3052678,train
3052686,train
3052698,train
3052710,train
3052714,train
3052718,train
3052722,test
3052730,train
3052742,train
3052758,test
3052766,train
3052770,train
3052774,train
3052782,train
3052794,train
3052798,train
3052806,test
3052810,train
3052814,train
3052818,train
3052822,train
3052838,test
3052846,train
3052854,train
3052866,train
3052882,test
3052886,train
3052898,train
3052902,train
3052922,train
3052942,train
3052946,test
3052966,train
3052978,train
3052986,test
3052998,train
3053002,train
3053006,test
3053014,train
3053026,train
3053034,train
3053046,test
3053054,train
3053066,test
3053082,test
3053086,train
3053090,train
3053094,train
3053098,train
3053102,test
3053114,train
3053118,train
3053130,test
3053142,train
3053146,train
3053150,train
3053158,train
3053162,train
3053166,train
3053170,test
3053174,train
3053182,test
3053194,train
3053202,train
3053206,train
3053218,train
3053222,train
3053238,train
3053246,train
3053250,train
3053262,train
3053266,train
3053270,train
3053282,test
3053286,train
3053302,train
3053310,train
3053318,train
3053342,train
3053366,train
3053370,train
3053378,train
3053382,train
3053386,train
3053398,train
3053410,test
3053414,test
3053426,train
3053430,train
3053434,train
3053442,train
3053446,test
3053454,test
3053462,train
3053482,train
3053486,train
3053494,train
3053502,train
3053506,train
3053510,train
3053514,train
3053518,train
3053526,train
3053542,train
3053550,train
3053554,train
3053558,train
3053562,train
3053566,train
3053574,train
3053586,train
3053594,train
3053610,train
3053618,train
3053622,train
3053646,train
3053650,train
3053662,test
3053666,train
3053670,train
3053674,test
3053678,train
3053682,train
3053686,train
3053690,train
3053694,train
3053698,train
3053710,train
3053730,test
3053734,train
3053742,train
3053754,train
3053778,test
3053782,train
3053786,train
3053798,train
3053818,test
3053822,train
3053826,test
3053830,train
3053834,train
3053846,train
3053850,train
3053854,test
3053858,train
3053862,train
3053866,train
3053874,train
3053878,train
3053882,train
3053890,train
3053894,train
3053902,test
3053910,train
3053918,test
3053930,train
3053934,train
3053938,test
3053942,train
3053954,train
3053962,train
3053966,train
3053970,train
3053974,train
3053978,train
3053982,train
3053994,train
3054002,train
3054006,train
3054010,test
3054014,train
3054022,train
3054026,train
3054034,test
3054042,train
3054054,train
3054058,train
3054066,train
3054074,train
3054098,train
3054106,train
3054114,train
3054118,train
3054122,test
3054130,train
3054138,train
3054142,train
3054150,train
3054154,train
3054158,test
3054162,train
3054166,train
3054170,test
3054174,train
3054178,train
3054182,test
3054186,test
3054190,train
3054194,train
3054210,train
3054222,train
3054234,test
3054242,test
3054246,train
3054270,train
3054274,train
3054290,train
3054294,train
3054310,train
3054314,test
3054318,train
3054326,train
3054346,test
3054350,train
3054354,train
3054366,train
3054374,train
3054378,test
3054386,test
3054390,train
3054406,train
3054410,test
3054414,train
3054426,test
3054430,test
3054438,train
3054446,test
3054450,test
3054454,test
3054458,train
3054474,test
3054478,train
3054486,train
3054490,train
3054494,train
3054502,test
3054510,train
3054518,train
3054522,train
3054526,train
3054534,train
3054538,train
3054546,test
3054554,train
3054558,train
3054574,train
3054578,train
3054586,train
3054590,train
3054594,train
3054602,test
3054606,train
3054610,train
3054614,train
3054622,train
3054630,train
3054634,train
3054642,train
3054646,test
3054650,train
3054662,test
3054666,train
3054674,train
3054682,train
3054690,train
3054694,train
3054702,train
3054710,test
3054714,train
3054722,train
3054738,train
3054750,train
3054758,train
3054766,train
3054770,train
3054778,train
3054790,train
3054794,train
3054810,train
3054818,train
3054822,train
3054826,train
3054834,train
3054838,train
3054850,train
3054854,test
3054858,train
3054866,train
3054874,train
3054878,train
3054882,train
3054886,train
3054890,train
3054902,train
3054906,test
3054914,train
3054922,test
3054926,train
3054938,train
3054974,test
3054978,train
3054982,train
3054986,test
3055006,train
3055010,train
3055018,train
3055026,train
3055030,test
3055034,train
3055038,train
3055046,train
3055050,train
3055066,train
3055074,train
3055078,train
3055102,train
3055114,train
3055118,train
3055130,train
3055134,test
3055142,train
3055146,train
3055150,train
3055154,train
3055158,test
3055174,test
3055178,train
3055182,train
3055186,train
3055190,test
3055194,train
3055202,train
3055206,train
3055218,train
3055226,train
3055230,train
3055234,test
3055238,train
3055242,train
3055246,train
3055250,train
3055258,train
3055270,train
3055274,train
3055282,train
3055286,train
3055322,train
3055326,train
3055334,train
3055338,train
3055358,train
3055362,train
3055378,train
3055382,test
3055386,train
3055390,train
3055402,train
3055406,train
3055414,test
3055426,train
3055430,test
3055434,train
3055442,train
3055458,train
3055474,train
3055490,train
3055494,train
3055498,train
3055518,test
3055522,train
3055526,train
3055534,train
3055542,train
3055558,train
3055562,train
3055582,test
3055586,test
3055606,train
3055630,train
3055650,train
3055654,test
3055658,test
3055662,train
3055666,train
3055674,train
3055682,train
3055686,test
3055694,test
3055714,train
3055718,train
3055726,train
3055730,train
3055734,train
3055742,train
3055746,train
3055750,train
3055762,train
3055766,test
3055770,train
3055774,train
3055778,train
3055790,train
3055794,train
3055798,train
3055802,test
3055814,train
3055822,train
3055838,test
3055842,train
3055846,test
3055854,train
3055858,test
3055878,train
3055882,train
3055890,train
3055894,train
3055898,train
3055902,train
3055918,test
3055922,train
3055934,train
3055942,train
3055954,train
3055970,train
3055978,train
3055982,train
3055986,train
3055990,train
3055994,test
3056018,train
3056022,train
3056034,train
3056046,train
3056050,train
3056054,train
3056058,test
3056062,train
3056066,test
3056078,train
3056082,train
3056090,train
3056094,train
3056106,train
3056114,train
3056118,train
3056126,test
3056130,train
3056146,test
3056150,test
3056162,train
3056166,test
3056178,train
3056182,train
3056202,train
3056214,train
3056222,test
3056226,train
3056266,train
3056274,test
3056278,train
3056290,train
3056306,train
3056310,train
3056314,train
3056330,train
3056334,train
3056338,train
3056346,train
3056358,train
3056378,train
3056390,train
3056402,train
3056406,train
3056410,test
3056422,train
3056426,test
3056438,train
3056446,train
3056450,train
3056458,train
3056462,train
3056466,train
3056470,test
3056478,test
3056482,train
3056494,train
3056498,train
3056502,test
3056506,train
3056514,train
3056522,test
3056526,train
3056534,train
3056554,train
3056566,train
3056570,train
3056578,train
3056582,train
3056594,train
3056598,train
3056610,train
3056614,train
3056618,test
3056626,train
3056634,train
3056638,train
3056642,train
3056646,train
3056650,train
3056654,train
3056658,train
3056662,train
3056666,train
3056670,test
3056682,train
3056710,train
3056714,train
3056718,train
3056730,train
3056734,train
3056738,test
3056746,train
3056750,train
3056754,train
3056782,train
3056786,train
3056794,test
3056802,train
3056806,train
3056822,test
3056834,train
3056838,train
3056846,train
3056850,train
3056862,train
3056866,train
3056870,train
3056874,train
3056878,train
3056882,train
3056886,train
3056898,train
3056902,train
3056906,train
3056910,train
3056918,train
3056934,test
3056938,train
3056942,train
3056946,train
3056950,test
3056954,train
3056966,train
3056970,test
3056974,train
3056978,train
3057002,train
3057006,train
3057010,test
3057030,train
3057034,train
3057038,train
3057046,train
3057050,train
3057054,train
3057074,train
3057078,test
3057082,test
3057086,train
3057102,train
3057114,train
3057118,train
3057130,test
3057146,train
3057150,train
3057154,test
3057162,train
3057166,train
3057182,train
3057186,train
3057198,train
3057214,test
3057218,train
3057222,train
3057230,train
3057238,train
3057242,train
3057254,train
3057274,train
3057326,train
3057330,test
3057338,train
3057342,train
3057346,train
3057350,train
3057366,train
3057370,test
3057386,test
3057394,train
3057414,train
3057430,train
3057434,train
3057450,test
3057454,train
3057458,train
3057462,train
3057474,train
3057482,train
3057494,train
3057506,train
3057510,train
3057514,train
3057526,train
3057534,train
3057538,train
3057542,test
3057550,test
3057554,train
3057566,train
3057574,train
3057578,train
3057590,train
3057598,train
3057602,train
3057606,test
3057610,train
3057614,train
3057622,train
3057630,train
3057634,train
3057638,test
3057662,test
3057666,train
3057674,test
3057678,train
3057682,train
3057686,train
3057690,train
3057698,test
3057702,train
3057710,train
3057714,test
3057722,train
3057734,test
3057738,train
3057742,train
3057750,train
3057758,train
3057762,test
3057766,train
3057774,train
3057782,train
3057798,test
3057802,train
3057814,test
3057822,test
3057842,train
3057846,train
3057862,train
3057866,train
3057870,train
3057902,train
3057906,train
3057910,train
3057914,test
3057930,train
3057942,test
3057946,train
3057970,train
3057978,train
3057982,train
3057986,test
3057990,train
3058002,test
3058006,train
3058034,train
3058038,train
3058062,train
3058066,train
3058078,train
3058082,train
3058086,train
3058090,test
3058102,test
3058106,train
3058110,train
3058126,train
3058142,test
3058154,train
3058162,test
3058170,train
3058178,train
3058182,train
3058190,train
3058198,test
3058214,train
3058218,train
3058226,train
3058250,train
3058274,train
3058290,train
3058298,test
3058302,train
3058310,test
3058314,train
3058322,test
3058326,train
3058334,test
3058342,test
3058350,train
3058358,test
3058366,train
3058370,test
3058378,train
3058386,train
3058390,train
3058394,train
3058402,train
3058406,train
3058410,train
3058414,train
3058438,test
3058446,train
3058450,train
3058458,train
3058462,test
3058486,train
3058490,train
3058518,test
3058534,train
3058542,train
3058550,test
3058554,train
3058558,train
3058562,train
3058570,train
3058574,train
3058586,train
3058590,train
3058598,train
3058606,train
3058614,train
3058618,test
3058622,train
3058630,train
3058638,train
3058642,train
3058650,test
3058654,train
3058678,test
3058682,train
3058686,train
3058690,test
3058706,train
3058710,train
3058714,test
3058730,train
3058746,train
3058750,test
3058766,train
3058774,test
3058778,train
3058782,test
3058786,train
3058790,train
3058802,train
3058806,train
3058810,test
3058818,train
3058822,train
3058826,train
3058842,train
3058850,train
3058858,train
3058866,train
3058906,train
3058910,train
3058914,train
3058918,train
3058934,train
3058938,train
3058946,train
3058958,test
3058966,train
3058974,train
3058982,train
3058994,train
3059014,train
3059018,train
3059022,train
3059030,test
3059034,train
3059042,train
3059054,train
3059078,train
3059082,train
3059086,test
3059090,train
3059094,train
3059102,train
3059106,train
3059110,train
3059114,train
3059118,train
3059126,train
3059134,train
3059142,train
3059146,test
3059154,train
3059170,train
3059174,train
3059178,train
3059190,train
3059206,train
3059230,train
3059234,train
3059238,train
3059242,train
3059250,test
3059254,train
3059274,train
3059278,train
3059282,train
3059286,train
3059294,train
3059326,test
3059330,train
3059338,train
3059342,train
3059346,train
3059350,train
3059354,test
3059358,train
3059362,test
3059370,train
3059374,train
3059378,train
3059382,train
3059402,test
3059406,train
3059410,train
3059414,test
3059422,train
3059426,train
3059430,train
3059438,train
3059442,train
3059462,train
3059466,train
3059474,train
3059478,train
3059482,train
3059490,test
3059502,train
3059506,train
3059514,train
3059518,train
3059526,train
3059534,train
3059538,train
3059542,train
3059546,train
3059558,train
3059562,train
3059570,train
3059582,train
3059594,train
3059606,train
3059614,train
3059618,train
3059622,train
3059634,test
3059638,test
3059654,train
3059662,train
3059670,train
3059674,test
3059686,train
3059690,train
3059694,train
3059702,test
3059710,train
3059714,train
3059722,train
3059726,train
3059730,test
3059734,train
3059738,train
3059742,train
3059746,train
3059750,test
3059754,train
3059758,train
3059762,test
3059766,test
3059770,train
3059782,train
3059786,train
3059794,test
3059802,train
3059806,train
3059814,train
3059830,train
3059834,train
3059858,train
3059882,test
3059894,train
3059898,test
3059902,train
3059922,train
3059926,train
3059938,train
3059942,train
3059946,train
3059954,train
3059958,train
3059986,test
3060002,train
3060010,train
3060038,train
3060042,train
3060050,train
3060058,train
3060066,train
3060070,test
3060082,train
3060094,train
3060110,train
3060118,train
3060122,train
3060134,test
3060138,test
3060146,train
3060154,test
3060162,train
3060166,train
3060170,train
3060174,train
3060182,train
3060198,train
3060210,train
3060214,test
3060218,train
3060222,train
3060226,train
3060230,train
3060250,test
3060258,train
3060262,train
3060302,test
3060310,train
3060314,test
3060322,test
3060330,train
3060334,test
3060338,train
3060346,test
3060350,test
3060358,test
3060362,train
3060366,test
3060370,train
3060378,train
3060386,test
3060398,test
3060402,train
3060414,train
3060434,train
3060442,train
3060446,train
3060458,test
3060466,test
3060470,train
3060474,train
3060478,train
3060494,train
3060502,train
3060526,test
3060550,train
3060558,train
3060566,train
3060570,test
3060574,train
3060582,train
3060586,test
3060590,train
3060594,train
3060602,train
3060614,train
3060618,test
3060626,test
3060646,train
3060650,train
3060662,train
3060666,test
3060674,train
3060686,train
3060690,train
3060698,test
3060702,test
3060714,train
3060734,test
3060738,train
3060754,train
3060762,test
3060778,test
3060782,train
3060790,train
3060798,train
3060806,train
3060814,test
3060822,train
3060826,train
3060830,test
3060838,train
3060846,train
3060850,train
3060854,train
3060862,train
3060874,train
3060878,train
3060886,train
3060894,train
3060898,test
3060918,train
3060922,train
3060934,test
3060938,train
3060942,test
3060946,train
3060958,train
3060966,train
3060978,train
3060982,train
3060986,train
3060994,train
3060998,test
3061002,test
3061006,train
3061010,train
3061034,train
3061042,train
3061050,test
3061058,train
3061066,train
3061070,train
3061082,test
3061086,train
3061094,train
3061102,train
3061114,train
3061130,train
3061134,train
3061138,train
3061146,train
3061150,test
3061158,train
3061162,test
3061166,train
3061170,train
3061178,test
3061190,train
3061194,train
3061198,train
3061202,test
3061206,test
3061210,train
3061214,train
3061218,train
3061230,train
3061234,train
3061274,train
3061286,train
3061302,train
3061310,train
3061314,train
3061326,train
3061330,test
3061342,test
3061362,train
3061374,train
3061394,train
3061418,train
3061422,test
3061430,train
3061434,train
3061438,train
3061446,train
3061450,train
3061454,train
3061458,train
3061462,train
3061466,train
3061474,train
3061486,train
3061494,test
3061498,test
3061502,test
3061510,train
3061514,train
3061522,test
3061558,test
3061578,test
3061582,train
3061586,test
3061590,train
3061594,train
3061598,train
3061606,train
3061638,train
3061642,train
3061650,train
3061654,train
3061658,train
3061662,test
3061678,train
3061690,train
3061694,train
3061698,test
3061718,train
3061730,train
3061734,test
3061738,train
3061742,train
3061746,test
3061766,train
3061770,train
3061778,train
3061786,train
3061798,train
3061806,test
3061818,train
3061822,train
3061826,train
3061830,train
3061834,train
3061850,test
3061886,test
3061902,train
3061918,test
3061926,train
3061934,train
3061946,train
3061958,test
3061962,train
3061970,train
3061974,train
3061986,train
3061990,train
3061994,test
3061998,test
3062002,train
3062014,test
3062018,test
3062026,train
3062034,train
3062038,train
3062046,train
3062050,test
3062058,train
3062066,train
3062074,test
3062086,test
3062090,train
3062094,train
3062110,train
3062114,train
3062126,train
3062130,test
3062134,train
3062142,test
3062146,train
3062154,test
3062158,train
3062162,test
3062166,train
3062170,train
3062186,train
3062190,test
3062194,train
3062206,train
3062210,test
3062218,test
3062226,train
3062238,train
3062242,test
3062246,test
3062254,train
3062258,train
3062262,train
3062266,train
3062270,train
3062274,train
3062282,train
3062286,test
3062294,test
3062298,train
3062314,train
3062322,train
3062342,train
3062358,train
3062362,train
3062382,train
3062398,train
3062402,train
3062406,train
3062410,train
3062422,train
3062426,train
3062430,train
3062434,test
3062442,test
3062446,test
3062450,train
3062454,train
3062466,test
3062474,train
3062482,test
3062490,train
3062498,test
3062502,train
3062510,train
3062514,test
3062518,test
3062522,train
3062546,train
3062550,test
3062570,test
3062578,train
3062582,train
3062586,train
3062598,train
3062602,train
3062614,train
3062626,train
3062634,train
3062646,train
3062650,train
3062654,test
3062658,train
3062662,train
3062666,train
3062670,train
3062674,train
3062690,train
3062698,train
3062706,train
3062730,train
3062742,train
3062746,test
3062762,train
3062766,train
3062770,train
3062778,train
3062786,test
3062794,test
3062802,train
3062806,train
3062834,train
3062838,test
3062842,train
3062850,train
3062854,test
3062858,train
3062862,train
3062870,test
3062874,train
3062882,train
3062902,train
3062906,train
3062910,train
3062914,test
3062922,train
3062930,train
3062934,train
3062938,train
3062942,train
3062954,train
3062970,train
3062982,train
3062986,train
3062998,train
3063002,train
3063006,train
3063010,test
3063030,test
3063034,train
3063058,train
3063066,test
3063078,train
3063086,train
3063098,train
3063102,train
3063106,train
3063110,test
3063114,test
3063122,train
3063126,train
3063134,train
3063146,train
3063150,train
3063154,test
3063158,train
3063162,train
3063178,train
3063186,test
3063190,train
3063198,train
3063214,train
3063226,train
3063238,train
3063242,train
3063250,train
3063254,test
3063262,train
3063270,train
3063278,train
3063282,test
3063294,train
3063298,test
3063302,test
3063326,train
3063334,test
3063338,train
3063342,train
3063346,train
3063362,test
3063366,train
3063374,train
3063378,train
3063382,train
3063402,train
3063406,train
3063414,train
3063422,train
3063426,test
3063434,train
3063438,train
3063442,train
3063446,train
3063450,train
3063454,train
3063470,train
3063482,test
3063494,train
3063502,train
3063506,train
3063514,test
3063518,train
3063522,train
3063526,train
3063538,test
3063550,train
3063554,train
3063562,train
3063566,train
3063570,train
3063574,train
3063582,train
3063590,train
3063594,test
3063602,train
3063606,train
3063622,test
3063630,train
3063634,train
3063638,train
3063646,train
3063662,train
3063670,train
3063674,train
3063694,train
3063698,train
3063706,test
3063710,train
3063722,train
3063726,train
3063730,test
3063742,train
3063754,train
3063758,train
3063762,train
3063766,test
3063778,train
3063786,test
3063798,train
3063806,train
3063814,test
3063818,train
3063826,train
3063830,train
3063834,test
3063838,train
3063842,test
3063846,test
3063878,train
3063882,train
3063886,train
3063890,train
3063894,train
3063898,train
3063906,train
3063910,test
3063918,train
3063926,train
3063930,train
3063958,test
3063966,train
3063978,test
3063982,test
3063986,test
3063990,train
3063998,train
3064006,train
3064030,train
3064046,train
3064070,train
3064078,test
3064098,train
3064122,train
3064126,test
3064138,train
3064158,train
3064166,train
3064174,train
3064186,train
3064194,train
3064202,train
3064210,test
3064214,train
3064218,train
3064222,train
3064230,train
3064234,train
3064250,train
3064258,train
3064262,train
3064266,train
3064270,test
3064282,test
3064294,train
3064298,test
3064302,train
3064306,train
3064318,test
3064322,train
3064330,train
3064342,test
3064358,test
3064366,train
3064370,train
3064374,test
3064382,train
3064390,train
3064410,train
3064418,train
3064422,train
3064426,train
3064430,test
3064434,train
3064442,test
3064454,train
3064462,train
3064474,test
3064478,train
3064482,train
3064490,train
3064494,train
3064498,train
3064510,test
3064518,train
3064526,train
3064530,train
3064542,train
3064546,train
3064550,train
3064558,test
3064566,train
3064578,train
3064582,train
3064586,train
3064590,train
3064594,test
3064602,test
3064630,train
3064634,train
3064646,train
3064670,test
3064674,train
3064678,train
3064710,train
3064722,train
3064726,train
3064734,train
3064738,train
3064746,train
3064750,test
3064774,train
3064790,train
3064794,train
3064802,test
3064806,train
3064810,train
3064814,train
3064818,train
3064822,train
3064830,train
3064834,test
3064842,train
3064854,train
3064866,train
3064870,train
3064874,train
3064878,test
3064886,train
3064898,train
3064906,train
3064914,train
3064918,train
3064930,test
3064942,train
3064954,train
3064986,train
3064994,train
3065010,test
3065014,test
3065018,train
3065030,train
3065042,train
3065046,train
3065062,train
3065066,train
3065074,train
3065114,test
3065122,train
3065130,test
3065134,train
3065138,train
3065142,train
3065150,test
3065154,test
3065158,train
3065178,train
3065186,train
3065210,train
3065214,train
3065218,train
3065230,train
3065250,test
3065254,train
3065290,test
3065294,train
3065306,train
3065310,train
3065314,train
3065322,train
3065330,train
3065354,train
3065358,train
3065366,train
3065374,train
3065378,train
3065382,train
3065386,train
3065394,train
3065398,train
3065406,train
3065430,test
3065434,train
3065442,train
3065446,test
3065450,train
3065458,train
3065470,train
3065474,train
3065478,train
3065486,train
3065490,train
3065494,train
3065498,train
3065506,test
3065514,train
3065518,train
3065530,train
3065534,train
3065538,train
3065542,train
3065554,test
3065562,train
3065566,test
3065570,train
3065574,train
3065586,train
3065594,train
3065598,train
3065602,train
3065610,train
3065626,test
3065638,train
3065646,train
3065650,train
3065674,train
3065682,train
3065694,test
3065698,train
3065702,train
3065718,test
3065730,train
3065742,train
3065750,train
3065754,train
3065758,train
3065762,test
3065766,train
3065770,train
3065774,train
3065782,train
3065786,test
3065790,train
3065794,train
3065798,train
3065806,train
3065814,train
3065822,test
3065830,train
3065834,train
3065846,train
3065850,train
3065866,train
3065882,train
3065886,train
3065894,train
3065906,test
3065918,test
3065926,train
3065930,train
3065934,train
3065946,train
3065950,train
3065954,train
3065982,train
3065990,train
3066002,train
3066022,train
3066026,train
3066034,train
3066054,train
3066062,test
3066070,train
3066078,train
3066094,train
3066098,test
3066102,train
3066106,train
3066118,train
3066126,train
3066134,train
3066138,test
3066146,train
3066150,train
3066154,train
3066162,train
3066166,train
3066174,test
3066178,train
3066182,train
3066190,train
3066198,train
3066202,train
3066206,test
3066222,test
3066230,train
3066234,train
3066242,train
3066246,train
3066250,test
3066266,train
3066270,test
3066274,test
3066278,train
3066290,train
3066294,train
3066298,train
3066306,train
3066318,train
3066322,train
3066330,train
3066338,train
3066342,test
3066346,train
3066354,train
3066362,train
3066366,train
3066374,train
3066378,test
3066386,train
3066390,train
3066394,train
3066398,train
3066402,train
3066406,train
3066414,test
3066426,train
3066430,test
3066442,test
3066450,train
3066458,train
3066470,train
3066478,train
3066482,test
3066502,train
3066506,train
3066510,train
3066522,train
3066526,test
3066534,test
3066538,train
3066542,train
3066550,train
3066570,train
3066582,test
3066602,test
3066618,train
3066630,train
3066634,test
3066642,train
3066650,train
3066654,train
3066658,train
3066662,train
3066670,train
3066674,train
3066678,train
3066682,train
3066690,train
3066698,train
3066710,test
3066718,train
3066722,train
3066730,train
3066738,train
3066750,train
3066758,train
3066762,test
3066778,train
3066782,train
3066786,train
3066798,train
3066802,test
3066806,train
3066822,test
3066834,train
3066838,train
3066854,train
3066858,train
3066866,train
3066870,train
3066878,train
3066902,train
3066906,test
3066910,train
3066922,test
3066930,train
3066938,train
3066942,train
3066950,test
3066954,train
3066962,train
3066966,train
3066974,test
3066990,train
3066994,train
3067010,train
3067014,train
3067030,train
3067034,train
3067038,train
3067054,train
3067058,train
3067070,train
3067078,train
3067086,train
3067090,train
3067094,train
3067098,train
3067102,test
3067106,train
3067110,train
3067122,train
3067130,test
3067134,train
3067142,train
3067150,train
3067158,train
3067162,train
3067166,train
3067170,test
3067182,train
3067186,train
3067190,train
3067198,train
3067202,train
3067210,test
3067218,train
3067222,test
3067234,test
3067242,train
3067250,train
3067254,test
3067258,train
3067266,train
3067282,train
3067286,test
3067290,train
3067298,train
3067306,train
3067310,train
3067318,train
3067326,train
3067330,train
3067334,train
3067338,test
3067342,train
3067358,train
3067362,train
3067370,train
3067374,train
3067398,test
3067406,train
3067414,train
3067422,train
3067438,train
3067442,train
3067454,train
3067462,train
3067466,train
3067470,train
3067482,train
3067498,train
3067502,train
3067510,train
3067530,train
3067534,test
3067538,train
3067542,train
3067546,train
3067550,train
3067562,train
3067566,train
3067578,test
3067582,train
3067586,train
3067594,train
3067602,train
3067606,train
3067610,test
3067614,train
3067618,train
3067626,train
3067634,train
3067638,train
3067662,train
3067670,train
3067674,train
3067686,train
3067698,train
3067706,train
3067714,train
3067718,train
3067726,train
3067730,train
3067734,train
3067754,train
3067762,train
3067766,train
3067774,train
3067778,train
3067786,train
3067790,train
3067810,test
3067814,test
3067826,test
3067834,train
3067838,train
3067846,train
3067850,train
3067858,train
3067862,train
3067874,train
3067878,train
3067882,train
3067902,train
3067910,train
3067914,train
3067918,train
3067922,train
3067926,test
3067942,train
3067946,train
3067954,train
3067958,test
3067982,test
3067986,train
3067990,train
3067994,train
3068006,test
3068010,train
3068018,test
3068022,train
3068026,train
3068030,train
3068034,train
3068038,train
3068046,test
3068050,train
3068054,train
3068058,test
3068062,train
3068070,train
3068090,train
3068102,test
3068110,test
3068114,train
3068118,train
3068122,train
3068126,train
3068134,test
3068142,train
3068146,train
3068150,train
3068170,train
3068174,train
3068182,test
3068190,train
3068198,train
3068210,test
3068214,train
3068226,test
3068230,train
3068242,train
3068250,train
3068254,train
3068258,train
3068266,train
3068274,train
3068282,test
3068286,train
3068290,train
3068294,train
3068302,train
3068306,test
3068310,train
3068326,test
3068334,train
3068338,train
3068358,train
3068366,train
3068370,train
3068374,test
3068378,train
3068386,train
3068390,train
3068394,test
3068398,train
3068406,train
3068414,test
3068418,train
3068434,train
3068442,train
3068446,test
3068450,train
3068458,train
3068462,train
3068466,test
3068482,train
3068490,train
3068494,test
3068498,train
3068502,train
3068510,train
3068518,train
3068534,test
3068538,train
3068542,test
3068546,train
3068554,train
3068562,train
3068566,train
3068578,train
3068582,train
3068586,test
3068590,test
3068594,train
3068598,train
3068602,train
3068610,train
3068622,test
3068634,train
3068650,train
3068654,train
3068658,train
3068666,test
3068678,train
3068686,test
3068690,train
3068698,train
3068722,train
3068726,train
3068734,train
3068742,test
3068750,train
3068758,train
3068766,test
3068770,train
3068774,train
3068782,train
3068786,train
3068790,train
3068798,train
3068806,train
3068814,train
3068818,train
3068826,train
3068842,train
3068858,train
3068882,train
3068886,train
3068910,train
3068918,train
3068922,test
3068962,train
3068966,train
3068970,train
3068974,train
3068978,train
3068982,train
3068986,train
3068998,train
3069002,test
3069006,test
3069026,train
3069042,train
3069050,train
3069054,train
3069058,train
3069062,train
3069070,test
3069078,train
3069082,train
3069086,train
3069094,train
3069098,test
3069102,train
3069110,train
3069114,train
3069118,train
3069126,train
3069130,train
3069138,train
3069146,train
3069154,train
3069158,train
3069162,train
3069182,train
3069186,train
3069190,train
3069194,train
3069218,train
3069222,train
3069230,train
3069242,train
3069246,train
3069250,train
3069254,train
3069258,train
3069262,train
3069266,test
3069274,test
3069282,test
3069302,train
3069306,train
3069314,train
3069322,test
3069334,train
3069354,train
3069358,train
3069366,test
3069370,train
3069374,train
3069394,train
3069398,train
3069406,train
3069414,train
3069418,train
3069422,train
3069426,train
3069430,train
3069434,test
3069458,train
3069466,test
3069474,train
3069478,train
3069482,train
3069486,train
3069490,train
3069494,train
3069502,train
3069506,train
3069514,train
3069518,train
3069522,train
3069526,train
3069534,train
3069542,train
3069546,test
3069550,test
3069554,train
3069558,train
3069562,test
3069566,train
3069570,train
3069574,test
3069586,test
3069598,train
3069606,train
3069610,test
3069614,train
3069658,train
3069662,train
3069666,train
3069670,test
3069674,train
3069694,train
3069706,train
3069710,train
3069714,train
3069718,train
3069738,test
3069742,train
3069746,train
3069750,train
3069762,train
3069766,test
3069770,train
3069786,test
3069790,test
3069802,train
3069806,train
3069814,train
3069818,train
3069822,train
3069826,test
3069830,train
3069834,train
3069838,train
3069854,train
3069858,train
3069862,test
3069866,train
3069882,train
3069902,test
3069906,train
3069910,train
3069930,train
3069934,train
3069938,train
3069958,train
3069962,train
3069966,train
3069978,train
3069986,train
3069990,train
3069994,train
3070002,train
3070006,train
3070010,train
3070014,train
3070026,train
3070030,train
3070034,train
3070038,train
3070042,train
3070050,train
3070062,test
3070066,train
3070070,train
3070086,train
3070090,train
3070094,test
3070102,test
3070106,train
3070134,test
3070142,train
3070146,train
3070150,train
3070166,train
3070174,train
3070178,train
3070182,train
3070186,train
3070190,train
3070198,test
3070206,train
3070214,test
3070218,test
3070222,train
3070226,train
3070230,test
3070238,train
3070246,train
3070270,train
3070278,train
3070282,train
3070294,train
3070298,train
3070302,train
3070310,test
3070330,train
3070346,train
3070350,train
3070362,test
3070374,test
3070378,train
3070386,train
3070390,train
3070398,train
3070402,train
3070418,train
3070422,test
3070430,train
3070438,test
3070450,train
3070454,test
3070458,train
3070462,train
3070470,train
3070474,test
3070486,train
3070490,train
3070502,train
3070506,train
3070510,train
3070514,test
3070518,train
3070530,train
3070534,test
3070542,train
3070546,train
3070554,train
3070566,train
3070570,train
3070574,test
3070586,train
3070598,train
3070602,train
3070610,train
3070614,train
3070646,train
3070650,train
3070666,train
3070670,train
3070678,train
3070686,test
3070694,train
3070706,train
3070710,train
3070714,train
3070718,train
3070726,train
3070734,train
3070738,train
3070742,train
3070754,train
3070758,train
3070766,train
3070770,train
3070782,test
3070786,train
3070790,train
3070802,train
3070810,train
3070814,train
3070818,train
3070830,train
3070838,test
3070858,test
3070862,train
3070866,train
3070870,train
3070874,train
3070882,train
3070890,train
3070894,test
3070898,test
3070902,train
3070910,train
3070930,train
3070934,train
3070938,test
3070946,train
3070950,train
3070966,test
3070970,train
3070978,test
3070982,train
3070990,train
3071014,train
3071018,test
3071026,train
3071030,train
3071046,train
3071054,train
3071058,test
3071070,train
3071074,test
3071078,train
3071086,train
3071090,train
3071098,train
3071102,train
3071110,test
3071114,train
3071118,train
3071122,train
3071138,train
3071150,train
3071154,train
3071166,train
3071170,train
3071174,train
3071194,test
3071206,train
3071210,train
3071214,test
3071218,train
3071222,train
3071226,train
3071258,train
3071266,test
3071282,train
3071286,test
3071298,train
3071302,train
3071310,train
3071314,train
3071322,train
3071326,test
3071338,train
3071362,train
3071366,train
3071374,train
3071378,train
3071382,train
3071386,train
3071390,test
3071394,train
3071398,train
3071402,train
3071410,test
3071414,test
3071422,train
3071426,train
3071438,train
3071450,train
3071458,test
3071462,train
3071466,test
3071478,train
3071486,train
3071490,train
3071494,train
3071510,train
3071518,train
3071522,train
3071534,train
3071538,train
3071550,train
3071554,train
3071566,train
3071570,train
3071582,train
3071586,test
3071590,train
3071598,train
3071606,train
3071614,train
3071618,train
3071626,test
3071630,train
3071634,train
3071642,test
3071658,train
3071662,train
3071670,train
3071674,train
3071678,train
3071702,train
3071706,test
3071710,train
3071714,train
3071718,test
3071722,train
3071726,train
3071730,train
3071734,train
3071738,train
3071746,train
3071750,train
3071754,test
3071766,train
3071770,test
3071786,train
3071790,test
3071798,train
3071802,test
3071806,train
3071822,train
3071830,train
3071838,train
3071846,train
3071850,train
3071858,train
3071862,train
3071874,train
3071878,train
3071894,train
3071898,train
3071902,test
3071910,train
3071926,train
3071934,train
3071938,train
3071958,test
3071966,train
3071978,train
3071986,train
3071990,train
3071998,test
3072002,train
3072010,test
3072018,train
3072022,train
3072026,test
3072030,test
3072042,train
3072046,test
3072050,test
3072054,train
3072062,train
3072066,test
3072070,train
3072078,train
3072082,test
3072086,test
3072094,train
3072098,test
3072106,train
3072110,train
3072118,train
3072122,test
3072126,test
3072142,train
3072146,train
3072150,train
3072154,train
3072158,train
3072162,train
3072170,train
3072194,train
3072202,train
3072210,train
3072226,train
3072242,test
3072246,train
3072254,train
3072258,train
3072266,train
3072282,train
3072286,train
3072294,train
3072314,train
3072318,train
3072322,test
3072330,train
3072342,train
3072346,train
3072350,train
3072354,train
3072358,train
3072362,train
3072366,train
3072378,train
3072398,train
3072402,train
3072406,train
3072410,train
3072426,train
3072438,train
3072466,test
3072494,train
3072506,test
3072510,test
3072522,train
3072526,test
3072534,train
3072542,train
3072546,train
3072562,train
3072566,train
3072606,train
3072618,train
3072630,train
3072634,test
3072642,test
3072654,train
3072666,train
3072670,train
3072686,train
3072690,train
3072694,train
3072698,train
3072702,train
3072706,train
3072710,train
3072714,test
3072726,train
3072730,train
3072738,test
3072746,train
3072754,train
3072762,train
3072766,train
3072770,train
3072778,train
3072782,test
3072794,train
3072802,train
3072806,train
3072810,test
3072822,test
3072826,test
3072834,train
3072838,train
3072850,test
3072854,train
3072870,train
3072874,train
3072886,test
3072914,train
3072918,train
3072922,test
3072926,train
3072942,train
3072962,test
3072966,train
3072990,train
3072994,train
3073002,train
3073010,test
3073014,train
3073018,train
3073022,test
3073026,train
3073030,train
3073042,train
3073046,train
3073054,train
3073058,test
3073062,train
3073066,train
3073078,train
3073086,train
3073094,train
3073098,test
3073134,train
3073138,train
3073142,test
3073146,test
3073150,train
3073158,train
3073170,train
3073174,test
3073178,train
3073190,test
3073194,test
3073206,test
3073214,train
3073218,train
3073230,train
3073234,train
3073266,train
3073270,train
3073282,test
3073286,train
3073294,train
3073298,train
3073314,train
3073318,test
3073326,test
3073334,train
3073342,train
3073350,train
3073358,train
3073362,train
3073366,train
3073370,train
3073374,test
3073378,train
3073382,test
3073390,test
3073394,train
3073402,train
3073410,train
3073426,test
3073434,train
3073446,train
3073450,train
3073466,train
3073470,train
3073478,train
3073490,train
3073498,train
3073510,train
3073514,train
3073518,train
3073522,train
3073526,test
3073542,train
3073566,train
3073582,train
3073590,train
3073598,train
3073602,train
3073606,train
3073610,train
3073634,train
3073642,train
3073646,train
3073654,test
3073662,train
3073674,train
3073678,train
3073682,train
3073686,train
3073690,train
3073698,test
3073706,train
3073714,train
3073718,train
3073722,train
3073730,test
3073738,train
3073742,train
3073746,train
3073766,train
3073770,train
3073778,test
3073786,test
3073790,train
3073794,test
3073806,train
3073810,train
3073814,train
3073818,train
3073834,train
3073838,test
3073842,train
3073850,train
3073858,train
3073866,train
3073870,train
3073874,train
3073882,train
3073886,train
3073910,train
3073918,test
3073922,train
3073930,test
3073934,test
3073946,train
3073950,train
3073954,test
3073974,train
3073978,train
3073994,test
3074014,train
3074026,test
3074030,train
3074038,train
3074046,test
3074050,test
3074058,train
3074070,train
3074078,train
3074090,train
3074094,train
3074114,train
3074118,train
3074122,train
3074126,train
3074134,train
3074178,train
3074186,train
3074190,test
3074194,train
3074198,train
3074202,train
3074214,train
3074222,train
3074234,train
3074238,train
3074242,train
3074246,train
3074250,train
3074254,train
3074262,train
3074270,train
3074274,train
3074278,test
3074282,train
3074290,train
3074294,train
3074310,test
3074314,test
3074322,train
3074334,train
3074346,train
3074350,train
3074370,train
3074374,test
3074378,train
3074382,train
3074386,train
3074406,train
3074422,train
3074426,train
3074430,train
3074438,train
3074442,train
3074446,train
3074458,train
3074462,train
3074466,test
3074470,train
3074478,train
3074482,train
3074486,train
3074494,train
3074498,train
3074510,train
3074514,train
3074526,test
3074542,test
3074550,train
3074562,test
3074570,test
3074578,train
3074590,train
3074594,train
3074598,train
3074602,train
3074614,train
3074618,test
3074622,train
3074630,train
3074634,train
3074638,train
3074642,train
3074646,train
3074654,train
3074658,train
3074662,train
3074670,train
3074674,train
3074686,train
3074694,train
3074702,test
3074706,train
3074718,train
3074726,train
3074730,train
3074746,test
3074750,train
3074754,train
3074758,train
3074762,test
3074786,train
3074790,train
3074794,train
3074798,train
3074802,test
3074806,train
3074818,train
3074830,test
3074834,train
3074838,train
3074842,train
3074846,train
3074854,test
3074862,train
3074866,test
3074874,test
3074878,test
3074890,train
3074898,train
3074910,test
3074922,test
3074938,train
3074958,train
3074966,train
3074970,train
3074974,train
3074990,test
3074994,train
3075002,train
3075006,train
3075010,train
3075030,train
3075046,test
3075050,train
3075062,train
3075066,train
3075070,train
3075078,train
3075086,train
3075106,train
3075110,test
3075118,test
3075122,train
3075150,train
3075158,train
3075174,train
3075198,train
3075206,train
3075210,train
3075214,train
3075222,train
3075226,train
3075234,train
3075238,train
3075246,train
3075250,test
3075258,test
3075270,train
3075278,train
3075282,train
3075294,test
3075302,train
3075310,train
3075314,train
3075322,train
3075330,test
3075346,train
3075354,train
3075358,train
3075362,train
3075366,train
3075370,train
3075378,train
3075382,train
3075386,train
3075402,train
3075414,test
3075418,train
3075438,train
3075442,train
3075446,train
3075450,train
3075458,train
3075474,test
3075478,test
3075482,train
3075486,train
3075490,train
3075494,test
3075510,train
3075514,test
3075518,test
3075530,test
3075534,test
3075550,train
3075558,test
3075578,train
3075586,train
3075598,train
3075602,train
3075618,train
3075622,train
3075634,test
3075638,test
3075642,train
3075650,train
3075658,test
3075662,train
3075670,train
3075674,test
3075678,train
3075682,train
3075698,train
3075710,train
3075718,train
3075722,train
3075738,test
3075758,train
3075762,train
3075770,train
3075774,test
3075778,test
3075806,train
3075814,train
3075818,test
3075822,train
3075826,train
3075838,test
3075870,train
3075882,test
3075886,train
3075894,train
3075902,train
3075910,train
3075926,train
3075934,test
3075938,train
3075950,train
3075958,train
3075970,train
3075974,train
3075982,train
3075994,train
3076002,train
3076010,train
3076018,train
3076030,test
3076034,train
3076038,train
3076042,train
3076054,train
3076058,test
3076062,train
3076070,train
3076074,train
3076078,train
3076086,test
3076090,train
3076094,train
3076118,train
3076134,train
3076138,train
3076146,test
3076150,train
3076154,train
3076162,train
3076166,train
3076182,train
3076190,train
3076198,test
3076202,train
3076214,train
3076218,train
3076238,train
3076242,train
3076246,train
3076254,train
3076258,test
3076266,test
3076270,train
3076274,train
3076294,train
3076298,train
3076318,train
3076322,train
3076334,train
3076354,train
3076358,train
3076378,train
3076398,test
3076410,train
3076414,train
3076418,train
3076426,train
3076430,train
3076434,train
3076438,train
3076442,train
3076446,train
3076450,train
3076454,test
3076458,test
3076474,train
3076478,train
3076482,test
3076494,train
3076498,train
3076510,test
3076518,train
3076522,test
3076534,train
3076554,train
3076558,train
3076562,train
3076594,train
3076598,train
3076602,train
3076606,train
3076614,train
3076618,train
3076630,train
3076638,train
3076642,train
3076646,test
3076650,train
3076662,train
3076670,train
3076678,train
3076682,train
3076686,test
3076690,test
3076694,train
3076698,train
3076702,train
3076718,train
3076722,test
3076738,test
3076742,train
3076746,train
3076774,train
3076778,train
3076790,train
3076794,train
3076802,train
3076822,train
3076826,train
3076830,train
3076842,train
3076858,train
3076866,train
3076882,train
3076886,train
3076898,train
3076902,train
3076930,train
3076938,train
3076950,train
3076954,train
3076962,train
3076970,test
3076974,test
3076982,train
3076994,train
3076998,train
3077002,train
3077010,train
3077014,train
3077018,train
3077026,test
3077030,test
3077042,train
3077058,train
3077062,train
3077066,train
3077082,train
3077090,train
3077098,train
3077118,train
3077122,train
3077130,train
3077142,train
3077150,train
3077154,train
3077170,test
3077174,train
3077182,train
3077186,train
3077190,train
3077194,train
3077198,train
3077202,test
3077210,train
3077214,train
3077218,train
3077234,train
3077242,train
3077258,train
3077270,train
3077278,test
3077282,train
3077290,train
3077294,train
3077318,train
3077322,test
3077330,train
3077354,test
3077366,test
3077370,test
3077382,train
3077398,train
3077410,train
3077422,train
3077426,train
3077438,train
3077458,test
3077462,train
3077466,train
3077470,train
3077474,train
3077490,train
3077514,train
3077538,train
3077546,train
3077550,train
3077558,train
3077562,train
3077566,train
3077590,train
3077594,test
3077614,test
3077618,train
3077622,train
3077630,train
3077634,test
3077638,train
3077642,train
3077646,train
3077650,train
3077662,train
3077670,train
3077674,train
3077682,train
3077706,train
3077710,test
3077714,train
3077718,train
3077726,test
3077734,train
3077738,train
3077742,test
3077750,train
3077758,train
3077766,train
3077770,train
3077774,train
3077778,test
3077794,test
3077802,train
3077806,train
3077810,train
3077818,train
3077822,test
3077830,train
3077834,train
3077838,train
3077842,train
3077846,train
3077854,train
3077858,train
3077874,train
3077878,train
3077882,train
3077886,test
3077890,train
3077894,test
3077898,train
3077902,train
3077906,train
3077914,train
3077918,test
3077938,train
3077954,train
3077974,train
3077978,train
3077982,train
3077986,train
3077994,train
3077998,train
3078002,train
3078026,train
3078034,train
3078042,test
3078046,train
3078050,test
3078074,train
3078082,test
3078086,train
3078090,test
3078094,train
3078098,train
3078102,train
3078106,train
3078114,train
3078126,train
3078130,train
3078134,test
3078138,train
3078142,train
3078154,test
3078158,train
3078162,train
3078166,test
3078178,train
3078182,test
3078186,train
3078194,test
3078198,test
3078202,train
3078206,train
3078210,train
3078214,train
3078218,train
3078226,train
3078234,train
3078238,train
3078246,train
3078250,test
3078274,train
3078278,test
3078290,train
3078298,test
3078306,train
3078314,test
3078318,train
3078326,test
3078338,train
3078342,train
3078350,train
3078354,train
3078386,test
3078390,train
3078398,train
3078414,train
3078418,train
3078430,train
3078438,test
3078442,train
3078446,train
3078450,train
3078454,train
3078458,train
3078466,train
3078470,train
3078474,test
3078478,train
3078482,train
3078490,train
3078494,train
3078498,train
3078514,train
3078518,test
3078526,train
3078538,train
3078542,test
3078550,train
3078554,train
3078558,train
3078578,train
3078586,test
3078590,test
3078598,train
3078602,train
3078626,train
3078634,train
3078642,test
3078650,train
3078662,train
3078666,test
3078674,train
3078682,train
3078690,train
3078694,train
3078710,train
3078714,train
3078722,train
3078738,test
3078742,test
3078750,train
3078754,train
3078758,test
3078762,train
3078766,test
3078770,train
3078782,test
3078798,train
3078810,train
3078826,train
3078830,train
3078834,train
3078842,test
3078850,test
3078854,train
3078858,train
3078878,train
3078882,train
3078886,train
3078894,train
3078898,train
3078902,train
3078918,train
3078922,train
3078934,train
3078942,test
3078950,train
3078962,test
3078970,train
3078982,train
3078990,train
3078994,train
3079002,train
3079010,train
3079022,train
3079026,train
3079042,train
3079046,train
3079050,test
3079054,train
3079058,test
3079070,test
3079078,test
3079082,train
3079086,train
3079090,train
3079094,train
3079102,train
3079106,train
3079114,train
3079118,train
3079122,train
3079126,train
3079130,train
3079134,train
3079138,train
3079142,train
3079146,train
3079166,train
3079182,train
3079194,train
3079206,train
3079210,train
3079222,test
3079230,train
3079238,train
3079250,train
3079254,train
3079262,train
3079274,train
3079278,train
3079286,train
3079290,train
3079298,train
3079302,test
3079310,train
3079318,train
3079322,train
3079330,train
3079334,train
3079338,train
3079342,train
3079370,train
3079378,test
3079382,train
3079386,train
3079394,train
3079406,test
3079418,train
3079422,train
3079426,train
3079438,test
3079442,test
3079446,train
3079450,train
3079454,train
3079458,train
3079462,test
3079494,test
3079502,train
3079510,train
3079522,train
3079530,test
3079534,train
3079550,train
3079554,train
3079566,train
3079570,train
3079574,test
3079578,train
3079582,train
3079590,train
3079598,train
3079602,train
3079606,train
3079614,test
3079618,train
3079646,train
3079650,train
3079654,train
3079662,train
3079670,train
3079678,train
3079682,train
3079686,train
3079690,train
3079694,train
3079702,train
3079710,train
3079714,train
3079738,train
3079742,test
3079754,train
3079758,train
3079762,train
3079782,test
3079794,test
3079798,train
3079802,train
3079810,train
3079838,train
3079850,test
3079854,train
3079858,test
3079862,test
3079866,train
3079886,test
3079890,train
3079894,train
3079902,train
3079906,train
3079910,train
3079926,test
3079938,train
3079946,train
3079950,test
3079954,train
3079958,test
3079990,train
3079994,train
3079998,train
3080010,train
3080014,train
3080030,train
3080038,train
3080042,train
3080050,train
3080054,train
3080058,train
3080062,train
3080066,train
3080074,test
3080090,train
3080094,train
3080098,train
3080102,train
3080106,train
3080118,train
3080126,train
3080138,train
3080142,train
3080154,train
3080166,test
3080170,train
3080182,train
3080190,train
3080202,train
3080210,test
3080226,test
3080230,test
3080234,train
3080238,train
3080246,train
3080250,train
3080262,train
3080274,train
3080278,train
3080286,train
3080298,train
3080310,train
3080314,train
3080322,train
3080330,train
3080338,train
3080342,train
3080346,train
3080358,train
3080374,train
3080378,train
3080386,train
3080390,train
3080398,train
3080406,train
3080418,train
3080422,test
3080438,train
3080442,test
3080462,train
3080466,train
3080474,train
3080506,train
3080510,test
3080518,train
3080522,train
3080530,train
3080546,test
3080558,train
3080562,train
3080570,train
3080590,train
3080602,train
3080610,train
3080614,train
3080618,train
3080622,train
3080626,train
3080634,train
3080638,train
3080642,test
3080650,test
3080658,train
3080662,train
3080670,train
3080678,train
3080690,test
3080702,train
3080714,train
3080722,train
3080726,train
3080738,train
3080742,test
3080746,train
3080762,train
3080766,train
3080770,train
3080774,train
3080778,test
3080782,train
3080790,test
3080794,train
3080798,train
3080814,test
3080818,train
3080842,test
3080846,train
3080858,train
3080862,train
3080866,train
3080874,test
3080878,train
3080886,train
3080890,train
3080894,train
3080898,train
3080906,train
3080926,train
3080934,train
3080950,test
3080978,train
3080990,train
3080994,train
3080998,test
3081002,test
3081014,train
3081018,test
3081022,train
3081030,train
3081034,train
3081038,train
3081042,train
3081046,train
3081050,train
3081054,train
3081066,test
3081078,train
3081102,train
3081106,train
3081118,train
3081126,train
3081130,train
3081134,train
3081138,train
3081142,train
3081146,test
3081150,train
3081154,train
3081162,train
3081166,train
3081170,train
3081186,train
3081194,train
3081198,train
3081206,train
3081210,train
3081214,test
3081218,train
3081234,train
3081242,train
3081250,train
3081254,train
3081258,train
3081266,train
3081270,train
3081274,train
3081294,train
3081298,test
3081306,train
3081310,test
3081314,train
3081318,train
3081326,test
3081342,train
3081350,train
3081366,train
3081370,train
3081374,train
3081382,test
3081390,train
3081398,test
3081402,test
3081406,train
3081410,test
3081414,train
3081438,train
3081442,train
3081450,train
3081458,train
3081474,train
3081482,train
3081498,train
3081502,train
3081510,train
3081514,train
3081518,train
3081522,train
3081526,train
3081538,train
3081542,train
3081562,test
3081566,train
3081570,train
3081590,train
3081602,test
3081610,train
3081630,train
3081634,train
3081646,train
3081654,train
3081658,train
3081662,train
3081678,train
3081682,train
3081694,train
3081698,train
3081702,train
3081706,train
3081710,train
3081718,test
3081726,train
3081738,train
3081750,train
3081754,train
3081758,train
3081762,test
3081766,train
3081774,train
3081786,train
3081794,train
3081798,train
3081806,train
3081814,train
3081818,train
3081822,train
3081826,train
3081846,train
3081854,train
3081870,train
3081886,train
3081890,train
3081898,train
3081902,train
3081926,test
3081930,train
3081934,test
3081938,train
3081942,test
3081950,test
3081954,train
3081962,train
3081970,test
3081974,test
3081978,test
3081986,train
3081990,train
3081998,test
3082010,test
3082022,train
3082030,train
3082034,test
3082046,train
3082054,train
3082058,train
3082070,train
3082078,test
3082082,train
3082086,test
3082110,train
3082114,test
3082118,train
3082122,train
3082130,train
3082138,train
3082146,test
3082178,train
3082198,test
3082210,test
3082218,train
3082222,train
3082226,test
3082238,test
3082266,train
3082270,train
3082274,test
3082298,train
3082302,train
3082310,train
3082318,train
3082330,train
3082342,train
3082362,train
3082370,train
3082382,test
3082386,test
3082390,train
3082398,test
3082402,train
3082406,train
3082414,train
3082426,train
3082450,train
3082454,test
3082458,train
3082462,train
3082466,train
3082470,test
3082474,train
3082478,train
3082482,test
3082486,train
3082490,train
3082498,train
3082502,train
3082506,train
3082514,train
3082518,test
3082526,train
3082530,train
3082538,train
3082542,train
3082550,test
3082554,train
3082558,train
3082570,train
3082578,test
3082582,train
3082590,train
3082594,test
3082598,train
3082610,train
3082614,train
3082622,train
3082626,train
3082634,train
3082638,train
3082642,train
3082646,test
3082662,train
3082666,train
3082670,train
3082678,test
3082682,train
3082686,train
3082690,train
3082702,train
3082718,train
3082726,test
3082730,train
3082746,train
3082754,train
3082766,train
3082778,train
3082782,train
3082802,train
3082806,train
3082810,test
3082822,train
3082826,train
3082830,train
3082834,train
3082838,train
3082842,train
3082850,test
3082854,train
3082858,test
3082862,train
3082866,train
3082870,train
3082898,train
3082918,train
3082930,train
3082934,train
3082938,train
3082946,train
3082958,train
3082962,test
3082966,train
3082974,train
3082978,train
3082986,train
3082994,train
3083014,train
3083018,train
3083026,train
3083030,train
3083034,test
3083038,train
3083078,test
3083082,train
3083090,train
3083094,train
3083102,test
3083106,train
3083110,test
3083130,train
3083134,test
3083138,train
3083142,train
3083158,train
3083162,train
3083170,train
3083174,train
3083186,train
3083198,test
3083202,train
3083210,train
3083218,train
3083222,train
3083234,train
3083238,test
3083242,train
3083246,train
3083258,train
3083262,train
3083266,train
3083270,train
3083278,train
3083282,train
3083286,train
3083290,train
3083294,train
3083310,train
3083314,train
3083322,train
3083334,train
3083342,train
3083346,train
3083358,test
3083362,train
3083366,train
3083374,train
3083386,train
3083394,test
3083402,train
3083406,train
3083414,train
3083418,train
3083422,train
3083426,test
3083430,train
3083434,train
3083438,test
3083446,train
3083450,test
3083470,train
3083474,train
3083482,test
3083490,train
3083510,train
3083518,train
3083522,train
3083530,train
3083542,test
3083546,train
3083550,train
3083554,train
3083558,test
3083586,train
3083594,train
3083598,train
3083606,train
3083610,train
3083614,train
3083630,train
3083634,train
3083638,test
3083642,train
3083650,train
3083658,train
3083666,train
3083674,test
3083694,train
3083698,train
3083714,train
3083722,train
3083726,train
3083730,test
3083734,train
3083754,train
3083758,train
3083762,train
3083766,train
3083770,train
3083774,train
3083778,train
3083790,train
3083802,test
3083818,train
3083822,train
3083830,train
3083834,train
3083842,train
3083846,train
3083854,train
3083862,train
3083870,train
3083886,train
3083894,train
3083898,train
3083910,train
3083918,train
3083930,test
3083934,train
3083938,test
3083942,train
3083950,train
3083958,train
3083966,train
3083970,train
3083974,train
3083978,train
3083994,train
3083998,train
3084006,test
3084014,train
3084022,train
3084034,train
3084042,test
3084050,train
3084066,train
3084070,train
3084074,train
3084082,train
3084098,train
3084106,test
3084118,train
3084122,train
3084126,train
3084150,train
3084154,train
3084158,train
3084162,train
3084166,train
3084194,train
3084202,train
3084206,train
3084210,train
3084214,test
3084226,train
3084234,train
3084242,train
3084266,train
3084270,train
3084286,train
3084290,test
3084294,train
3084298,train
3084310,train
3084326,train
3084338,train
3084346,train
3084350,test
3084362,train
3084366,test
3084370,train
3084378,train
3084386,train
3084414,train
3084418,train
3084430,train
3084438,train
3084450,train
3084466,train
3084470,train
3084478,train
3084498,train
3084506,train
3084510,train
3084534,train
3084542,train
3084558,train
3084566,train
3084570,train
3084574,test
3084578,train
3084582,train
3084586,train
3084590,train
3084594,train
3084606,train
3084610,train
3084618,train
3084622,test
3084634,train
3084642,train
3084662,train
3084674,train
3084686,train
3084694,train
3084698,test
3084702,train
3084706,train
3084714,train
3084722,train
3084734,train
3084738,train
3084742,train
3084750,train
3084762,train
3084770,train
3084774,train
3084778,train
3084782,train
3084786,train
3084790,train
3084794,train
3084810,test
3084814,train
3084818,train
3084826,train
3084834,train
3084846,test
3084850,train
3084854,test
3084858,train
3084866,train
3084870,train
3084874,train
3084878,train
3084882,train
3084886,train
3084890,train
3084894,train
3084910,train
3084914,train
3084918,train
3084922,test
3084926,test
3084930,test
3084946,train
3084950,train
3084958,train
3084962,test
3084974,train
3084978,train
3084982,test
3084986,train
3084994,train
3085006,test
3085014,train
3085018,train
3085030,train
3085038,train
3085062,test
3085070,test
3085082,train
3085098,train
3085102,train
3085106,train
3085122,train
3085126,train
3085130,train
3085142,train
3085150,train
3085154,test
3085162,train
3085166,train
3085170,train
3085182,train
3085190,train
3085194,train
3085202,train
3085214,train
3085234,train
3085242,train
3085246,train
3085250,train
3085254,train
3085258,train
3085266,test
3085270,train
3085282,test
3085302,train
3085318,train
3085322,train
3085326,train
3085330,train
3085346,train
3085354,train
3085358,train
3085370,train
3085378,train
3085382,train
3085402,train
3085418,train
3085438,train
3085442,train
3085450,train
3085458,train
3085466,train
3085470,train
3085474,train
3085486,train
3085490,train
3085506,test
3085510,train
3085526,train
3085538,test
3085550,train
3085562,train
3085566,train
3085570,train
3085586,train
3085590,train
3085594,train
3085598,train
3085602,train
3085606,train
3085614,train
3085618,train
3085622,test
3085626,train
3085638,train
3085646,train
3085650,test
3085654,train
3085658,train
3085666,train
3085674,train
3085678,train
3085686,train
3085690,test
3085694,test
3085702,train
3085706,train
3085710,train
3085726,train
3085730,test
3085738,train
3085742,train
3085746,train
3085750,train
3085754,train
3085758,train
3085762,train
3085770,test
3085786,train
3085790,train
3085794,train
3085798,train
3085806,test
3085822,train
3085826,train
3085830,train
3085842,train
3085878,test
3085882,train
3085898,test
3085910,test
3085922,train
3085926,train
3085938,train
3085946,train
3085950,train
3085966,test
3085970,train
3085978,train
3085986,train
3085994,train
3086002,train
3086006,test
3086010,train
3086014,train
3086022,train
3086026,train
3086030,train
3086034,train
3086038,test
3086042,train
3086046,test
3086054,train
3086058,train
3086066,train
3086070,test
3086078,train
3086082,train
3086094,train
3086098,train
3086102,train
3086114,train
3086118,train
3086130,train
3086134,train
3086138,train
3086142,train
3086154,train
3086158,train
3086162,train
3086166,train
3086170,train
3086178,train
3086182,train
3086202,train
3086206,train
3086226,test
3086238,train
3086242,train
3086246,train
3086250,train
3086254,train
3086274,train
3086290,train
3086294,train
3086326,train
3086338,test
3086350,train
3086366,test
3086370,test
3086378,train
3086382,train
3086394,train
3086402,train
3086406,train
3086410,train
3086414,train
3086434,train
3086450,test
3086454,train
3086458,train
3086466,train
3086486,train
3086494,train
3086498,train
3086506,train
3086514,train
3086530,train
3086534,train
3086546,train
3086550,train
3086562,train
3086574,train
3086586,train
3086594,test
3086618,test
3086622,train
3086626,train
3086654,train
3086658,test
3086666,test
3086670,train
3086678,train
3086690,test
3086698,test
3086702,train
3086706,train
3086710,train
3086714,train
3086722,train
3086734,train
3086746,train
3086754,train
3086758,train
3086762,train
3086766,train
3086770,test
3086774,train
3086778,train
3086790,train
3086794,train
3086802,train
3086806,test
3086810,train
3086818,test
3086822,train
3086830,train
3086862,train
3086878,train
3086894,train
3086902,train
3086906,train
3086910,train
3086918,test
3086930,train
3086934,train
3086938,train
3086950,test
3086954,train
3086966,test
3086970,test
3086974,train
3086978,train
3086986,train
3086998,train
3087006,train
3087010,train
3087014,train
3087030,test
3087042,train
3087050,train
3087062,test
3087066,train
3087070,test
3087074,train
3087078,train
3087082,train
3087086,train
3087090,train
3087094,train
3087102,train
3087110,train
3087118,train
3087122,train
3087130,test
3087138,test
3087146,train
3087154,train
3087170,test
3087174,train
3087190,train
3087194,train
3087206,test
3087210,train
3087218,train
3087222,train
3087226,train
3087230,test
3087234,test
3087250,test
3087274,train
3087278,train
3087282,train
3087286,train
3087294,train
3087298,train
3087302,test
3087314,train
3087318,train
3087322,train
3087334,train
3087338,train
3087342,train
3087346,train
3087354,train
3087378,train
3087382,train
3087390,train
3087402,train
3087406,train
3087410,train
3087426,train
3087430,test
3087434,train
3087450,train
3087466,train
3087470,test
3087474,train
3087478,train
3087482,train
3087498,train
3087502,test
3087506,test
3087522,train
3087526,train
3087554,train
3087558,train
3087566,train
3087586,train
3087590,train
3087594,test
3087598,train
3087602,train
3087606,test
3087614,train
3087622,train
3087626,test
3087634,train
3087638,train
3087646,test
3087654,train
3087666,train
3087670,test
3087682,train
3087690,train
3087694,train
3087702,train
3087710,train
3087714,train
3087734,train
3087738,train
3087742,train
3087750,train
3087758,train
3087766,train
3087770,train
3087774,train
3087782,train
3087786,train
3087790,test
3087798,test
3087802,train
3087810,test
3087814,test
3087818,train
3087822,train
3087830,train
3087834,train
3087842,train
3087846,train
3087854,train
3087858,train
3087866,train
3087870,test
3087874,train
3087878,train
3087886,train
3087910,train
3087914,train
3087918,train
3087922,train
3087930,test
3087934,train
3087942,train
3087970,train
3087990,train
3087994,train
3088002,train
3088010,train
3088026,train
3088030,train
3088034,train
3088058,train
3088066,train
3088078,train
3088086,train
3088090,train
3088098,train
3088106,train
3088110,train
3088114,test
3088118,test
3088122,train
3088126,train
3088130,train
3088150,train
3088158,train
3088162,train
3088166,train
3088174,train
3088182,train
3088186,train
3088234,train
3088246,train
3088250,test
3088254,test
3088266,train
3088286,train
3088290,train
3088294,test
3088298,train
3088302,train
3088314,train
3088330,test
3088334,train
3088342,train
3088346,train
3088350,train
3088366,train
3088370,train
3088374,train
3088382,train
3088386,train
3088390,train
3088402,train
3088406,train
3088414,train
3088418,train
3088430,train
3088434,train
3088450,train
3088462,train
3088466,train
3088478,train
3088482,test
3088502,test
3088522,train
3088534,train
3088550,train
3088554,train
3088558,train
3088562,train
3088566,train
3088570,test
3088578,train
3088598,test
3088602,train
3088606,train
3088610,train
3088622,train
3088630,train
3088642,train
3088650,train
3088654,train
3088666,train
3088670,test
3088678,test
3088686,train
3088690,test
3088702,train
3088718,train
3088722,train
3088730,train
3088738,train
3088742,train
3088746,test
3088750,train
3088754,test
3088766,test
3088770,train
3088782,train
3088786,train
3088794,train
3088802,test
3088810,train
3088826,train
3088830,test
3088842,train
3088846,train
3088854,train
3088862,train
3088866,train
3088878,train
3088882,train
3088886,train
3088894,train
3088898,train
3088902,test
3088906,test
3088910,train
3088914,train
3088926,train
3088930,train
3088934,train
3088942,test
3088958,train
3088962,train
3088966,test
3088970,train
3088974,train
3088986,train
3088990,train
3088998,train
3089010,test
3089014,train
3089022,train
3089026,train
3089030,train
3089038,train
3089042,train
3089050,train
3089054,train
3089066,train
3089070,train
3089094,train
3089098,train
3089102,train
3089106,test
3089110,train
3089118,train
3089122,train
3089138,test
3089142,train
3089150,train
3089158,train
3089166,train
3089174,train
3089178,test
3089198,train
3089202,test
3089234,test
3089250,train
3089254,train
3089258,test
3089274,train
3089286,train
3089294,train
3089298,test
3089310,test
3089318,test
3089322,train
3089326,train
3089346,test
3089350,train
3089362,train
3089370,train
3089378,train
3089386,train
3089402,train
3089406,train
3089418,train
3089426,train
3089430,train
3089434,test
3089462,test
3089470,test
3089478,train
3089494,test
3089498,train
3089502,train
3089510,train
3089522,train
3089530,train
3089534,train
3089538,train
3089542,train
3089546,train
3089562,test
3089574,train
3089582,train
3089586,test
3089590,train
3089594,train
3089598,train
3089602,train
3089614,train
3089618,train
3089622,test
3089634,train
3089638,train
3089646,train
3089654,train
3089658,train
3089662,test
3089674,train
3089686,train
3089690,train
3089694,test
3089702,train
3089710,train
3089718,train
3089730,train
3089734,train
3089738,train
3089742,test
3089746,train
3089754,train
3089762,train
3089774,train
3089778,train
3089790,test
3089794,train
3089798,train
3089806,train
3089810,train
3089814,train
3089826,test
3089830,train
3089834,train
3089838,train
3089842,train
3089846,train
3089850,train
3089854,train
3089862,train
3089882,train
3089898,train
3089902,test
3089906,test
3089910,train
3089914,train
3089930,train
3089950,train
3089958,train
3089974,test
3089982,train
3089986,train
3089994,test
3089998,train
3090002,train
3090018,train
3090030,test
3090034,train
3090050,train
3090062,train
3090070,test
3090082,train
3090094,train
3090098,train
3090106,train
3090118,test
3090134,train
3090150,train
3090158,test
3090162,test
3090166,train
3090170,train
3090182,test
3090190,train
3090198,train
3090206,train
3090210,train
3090214,train
3090230,train
3090238,train
3090242,train
3090250,train
3090262,train
3090270,train
3090274,test
3090282,train
3090290,train
3090294,test
3090298,train
3090302,train
3090314,test
3090322,train
3090330,train
3090334,train
3090350,train
3090354,train
3090358,test
3090370,train
3090410,train
3090430,train
3090442,train
3090446,train
3090454,test
3090458,test
3090462,train
3090470,train
3090478,train
3090490,test
3090498,train
3090506,test
3090514,train
3090518,train
3090522,train
3090526,test
3090542,train
3090546,train
3090550,train
3090566,train
3090570,train
3090574,test
3090586,train
3090610,train
3090626,train
3090658,test
3090662,train
3090666,train
3090678,test
3090690,train
3090694,train
3090702,test
3090706,train
3090710,train
3090714,train
3090718,train
3090722,test
3090726,train
3090730,test
3090734,train
3090738,train
3090746,train
3090754,train
3090758,test
3090762,train
3090782,train
3090798,train
3090802,test
3090810,train
3090814,train
3090818,train
3090826,train
3090830,test
3090834,train
3090838,train
3090842,train
3090854,train
3090874,train
3090878,test
3090882,test
3090890,train
3090898,train
3090906,train
3090914,train
3090918,train
3090926,train
3090934,train
3090938,train
3090950,train
3090954,test
3090958,train
3090966,test
3090986,test
3091002,train
3091018,test
3091038,test
3091042,train
3091046,train
3091050,train
3091054,train
3091058,train
3091062,train
3091082,train
3091102,train
3091110,train
3091114,train
3091122,train
3091126,test
3091134,train
3091138,train
3091142,train
3091146,train
3091154,train
3091158,train
3091166,train
3091178,train
3091182,test
3091186,train
3091206,train
3091210,train
3091218,train
3091226,train
3091230,train
3091234,train
3091242,test
3091246,train
3091258,train
3091262,train
3091266,train
3091274,train
3091278,train
3091282,test
3091286,train
3091290,test
3091294,train
3091306,train
3091310,train
3091318,train
3091322,test
3091326,train
3091330,train
3091334,train
3091338,train
3091346,train
3091350,test
3091354,train
3091362,train
3091366,train
3091378,train
3091382,train
3091386,train
3091390,train
3091398,train
3091402,train
3091410,train
3091414,train
3091426,train
3091430,test
3091438,train
3091454,train
3091462,train
3091466,train
3091474,train
3091478,train
3091490,train
3091494,train
3091502,train
3091506,test
3091518,train
3091522,train
3091526,test
3091530,train
3091542,test
3091562,train
3091570,train
3091578,train
3091582,train
3091598,train
3091602,train
3091606,train
3091610,train
3091614,train
3091618,train
3091626,train
3091634,train
3091638,test
3091662,test
3091670,train
3091686,train
3091698,train
3091710,train
3091714,train
3091718,train
3091722,train
3091730,train
3091746,test
3091750,test
3091758,train
3091766,train
3091770,train
3091774,train
3091786,train
3091790,train
3091798,train
3091826,train
3091830,train
3091838,test
3091842,train
3091850,test
3091858,test
3091862,train
3091866,train
3091874,train
3091882,train
3091890,train
3091894,train
3091902,test
3091910,train
3091914,test
3091918,test
3091922,train
3091926,train
3091930,train
3091934,train
3091938,train
3091942,train
3091954,test
3091958,test
3091966,train
3091974,test
3091978,train
3091982,train
3091990,train
3091994,train
3091998,test
3092010,train
3092034,test
3092046,train
3092054,train
3092058,train
3092066,test
3092070,test
3092094,test
3092102,train
3092114,train
3092118,train
3092122,train
3092126,train
3092130,train
3092142,test
3092146,test
3092150,train
3092158,train
3092182,train
3092186,train
3092190,train
3092214,train
3092234,test
3092238,train
3092242,train
3092250,train
3092258,train
3092270,train
3092282,train
3092286,train
3092290,train
3092294,train
3092298,train
3092302,train
3092318,test
3092322,test
3092330,train
3092334,train
3092350,train
3092354,train
3092362,train
3092366,train
3092374,train
3092378,train
3092390,train
3092394,train
3092402,train
3092406,train
3092410,train
3092426,train
3092438,train
3092454,train
3092458,train
3092462,train
3092474,train
3092478,train
3092490,test
3092494,train
3092510,train
3092518,test
3092522,train
3092534,test
3092538,test
3092554,train
3092558,train
3092562,test
3092566,train
3092570,train
3092574,train
3092586,test
3092590,train
3092594,test
3092606,train
3092614,train
3092618,train
3092630,train
3092642,train
3092650,test
3092674,train
3092682,train
3092690,test
3092694,train
3092706,train
3092714,test
3092726,train
3092730,train
3092734,train
3092738,test
3092746,train
3092750,test
3092758,train
3092770,train
3092774,train
3092778,train
3092790,test
3092794,test
3092810,train
3092818,test
3092830,train
3092834,train
3092842,train
3092846,train
3092850,train
3092854,train
3092866,test
3092874,train
3092878,train
3092882,train
3092890,train
3092894,train
3092898,train
3092926,train
3092930,test
3092934,test
3092938,test
3092942,train
3092946,train
3092958,train
3092970,train
3092974,test
3092978,train
3092990,train
3092998,train
3093006,train
3093014,train
3093018,train
3093022,train
3093026,train
3093034,train
3093042,train
3093046,train
3093050,train
3093054,train
3093062,train
3093066,train
3093074,train
3093082,train
3093098,train
3093122,train
3093126,train
3093142,test
3093146,train
3093150,train
3093162,test
3093190,train
3093194,test
3093198,train
3093214,train
3093226,test
3093234,train
3093238,test
3093242,train
3093254,train
3093258,train
3093266,train
3093290,train
3093306,train
3093314,train
3093322,train
3093326,train
3093330,test
3093334,train
3093342,train
3093350,train
3093378,train
3093386,train
3093390,train
3093398,train
3093402,train
3093414,train
3093418,test
3093422,train
3093426,train
3093434,test
3093438,train
3093450,train
3093454,train
3093470,train
3093478,train
3093482,test
3093490,train
3093494,train
3093502,train
3093510,train
3093526,train
3093546,train
3093554,train
3093558,test
3093566,train
3093570,train
3093586,train
3093594,train
3093598,train
3093602,train
3093606,train
3093614,train
3093626,train
3093630,train
3093634,test
3093638,train
3093642,train
3093646,train
3093658,train
3093662,train
3093670,train
3093678,train
3093690,train
3093694,train
3093702,test
3093710,train
3093714,train
3093718,test
3093734,train
3093750,train
3093766,test
3093770,train
3093778,train
3093790,test
3093794,test
3093806,train
3093830,test
3093834,train
3093842,train
3093850,train
3093854,train
3093862,train
3093866,train
3093882,train
3093890,train
3093910,train
3093914,train
3093918,train
3093922,test
3093930,test
3093938,train
3093954,train
3093958,test
3093962,test
3093970,train
3093974,train
3093978,test
3093986,train
3093990,train
3093994,train
3094002,test
3094006,test
3094010,train
3094014,test
3094018,test
3094022,train
3094026,train
3094030,train
3094058,test
3094066,train
3094070,train
3094078,train
3094086,train
3094102,train
3094118,test
3094130,train
3094138,train
3094142,test
3094146,test
3094158,train
3094170,test
3094174,train
3094178,train
3094182,train
3094186,train
3094194,train
3094198,train
3094202,train
3094206,train
3094210,train
3094214,train
3094218,train
3094226,train
3094234,train
3094238,train
3094242,train
3094250,train
3094258,train
3094262,train
3094266,test
3094274,train
3094286,train
3094298,train
3094302,train
3094306,test
3094314,train
3094326,train
3094342,train
3094346,test
3094358,train
3094362,train
3094370,train
3094374,train
3094394,test
3094398,train
3094402,train
3094406,train
3094414,train
3094418,test
3094422,train
3094426,train
3094434,train
3094442,train
3094454,test
3094466,train
3094470,train
3094474,train
3094478,train
3094482,train
3094486,train
3094490,test
3094506,train
3094514,train
3094518,train
3094554,test
3094578,train
3094582,train
3094590,test
3094606,test
3094610,train
3094626,train
3094630,train
3094634,train
3094642,train
3094646,train
3094650,train
3094662,train
3094666,train
3094678,train
3094682,train
3094702,train
3094706,train
3094718,train
3094722,train
3094730,test
3094742,train
3094750,train
3094762,train
3094766,train
3094770,train
3094786,train
3094790,train
3094806,train
3094814,train
3094822,train
3094826,train
3094830,train
3094838,train
3094842,test
3094850,train
3094858,train
3094862,test
3094866,train
3094878,train
3094882,train
3094906,train
3094910,train
3094922,test
3094926,train
3094930,train
3094934,train
3094938,test
3094942,train
3094946,train
3094954,train
3094962,train
3094966,train
3094974,train
3094978,train
3094986,test
3094990,train
3094994,test
3094998,train
3095006,train
3095014,test
3095022,test
3095026,test
3095030,train
3095034,train
3095050,train
3095054,train
3095066,train
3095086,test
3095094,train
3095102,train
3095106,train
3095118,test
3095122,train
3095126,train
3095138,train
3095142,train
3095146,test
3095154,train
3095162,train
3095166,test
3095174,train
3095178,train
3095182,train
3095190,train
3095194,train
3095202,train
3095214,test
3095218,train
3095222,test
3095230,train
3095238,train
3095254,train
3095258,train
3095266,train
3095270,train
3095274,train
3095278,train
3095286,train
3095290,train
3095302,train
3095306,train
3095314,test
3095318,train
3095322,test
3095326,test
3095330,train
3095334,train
3095338,test
3095342,train
3095354,test
3095358,train
3095362,test
3095382,train
3095398,train
3095418,train
3095422,train
3095426,train
3095434,train
3095438,train
3095446,train
3095458,train
3095470,train
3095474,test
3095482,train
3095490,test
3095494,train
3095502,train
3095514,train
3095526,train
3095530,test
3095562,test
3095574,train
3095582,train
3095590,train
3095598,train
3095602,train
3095614,train
3095618,train
3095626,test
3095642,train
3095646,train
3095654,train
3095658,train
3095662,train
3095686,train
3095702,train
3095706,train
3095718,train
3095722,train
3095730,train
3095734,train
3095738,train
3095742,test
3095750,train
3095758,train
3095766,train
3095774,train
3095786,train
3095798,test
3095814,train
3095818,train
3095826,train
3095834,train
3095838,train
3095850,train
3095854,train
3095866,train
3095874,test
3095882,train
3095886,train
3095906,train
3095914,test
3095926,train
3095950,test
3095954,train
3095958,train
3095962,test
3095966,train
3095970,train
3095974,train
3095982,test
3095986,train
3096002,train
3096010,train
3096014,train
3096018,test
3096030,train
3096034,train
3096038,train
3096050,train
3096054,train
3096074,train
3096078,train
3096090,train
3096094,test
3096102,train
3096106,train
3096110,train
3096114,train
3096122,train
3096126,train
3096134,train
3096138,test
3096142,train
3096150,train
3096154,test
3096162,train
3096170,train
3096178,train
3096182,train
3096202,train
3096210,train
3096214,train
3096218,train
3096222,train
3096226,train
3096230,train
3096238,test
3096246,train
3096254,test
3096262,test
3096294,train
3096298,train
3096306,train
3096330,test
3096338,train
3096362,train
3096374,train
3096378,train
3096382,train
3096386,train
3096394,train
3096398,train
3096406,test
3096414,train
3096422,train
3096434,train
3096438,train
3096442,train
3096446,train
3096450,train
3096454,train
3096458,train
3096462,train
3096466,train
3096470,train
3096474,train
3096482,train
3096486,train
3096490,train
3096498,test
3096502,train
3096506,train
3096510,train
3096514,test
3096518,train
3096522,train
3096534,train
3096542,test
3096546,train
3096562,test
3096582,train
3096594,train
3096602,train
3096606,train
3096630,train
3096634,train
3096642,train
3096646,train
3096658,test
3096666,test
3096670,train
3096678,test
3096694,test
3096718,train
3096722,train
3096730,train
3096742,train
3096750,train
3096754,train
3096758,train
3096762,train
3096766,train
3096770,train
3096774,train
3096778,train
3096790,train
3096830,test
3096842,test
3096850,train
3096862,train
3096866,train
3096870,train
3096874,train
3096890,train
3096894,test
3096914,train
3096934,train
3096942,train
3096950,train
3096954,test
3096962,train
3096970,train
3096982,test
3096986,test
3096998,train
3097006,train
3097010,train
3097018,train
3097026,train
3097030,test
3097038,train
3097042,test
3097054,train
3097058,train
3097062,train
3097066,test
3097070,test
3097082,test
3097094,train
3097098,train
3097106,test
3097110,train
3097114,train
3097126,train
3097142,train
3097146,test
3097158,train
3097162,train
3097170,train
3097174,train
3097182,train
3097190,train
3097222,test
3097238,train
3097242,train
3097250,train
3097254,train
3097258,train
3097262,test
3097266,train
3097274,train
3097286,train
3097294,train
3097298,train
3097302,train
3097322,train
3097326,train
3097330,train
3097338,test
3097342,train
3097346,train
3097350,train
3097358,test
3097366,test
3097370,train
3097374,train
3097378,train
3097386,train
3097394,train
3097406,train
3097426,train
3097446,train
3097450,train
3097454,test
3097462,train
3097466,train
3097474,test
3097490,train
3097498,train
3097502,test
3097506,train
3097526,train
3097530,train
3097542,train
3097546,test
3097550,train
3097558,train
3097578,train
3097582,train
3097590,train
3097598,train
3097610,train
3097614,train
3097618,test
3097622,train
3097630,train
3097638,train
3097654,train
3097658,train
3097670,train
3097686,train
3097690,train
3097694,train
3097698,train
3097702,test
3097706,train
3097718,train
3097722,train
3097742,test
3097754,train
3097774,train
3097778,train
3097786,test
3097790,train
3097794,train
3097822,train
3097830,train
3097834,train
3097838,train
3097846,train
3097850,train
3097854,train
3097858,train
3097862,train
3097870,train
3097878,train
3097882,train
3097890,train
3097898,test
3097902,test
3097906,train
3097910,train
3097914,train
3097922,train
3097930,train
3097934,test
3097938,train
3097942,train
3097958,train
3097962,train
3097966,train
3097970,train
3097982,test
3097990,train
3097994,train
3097998,train
3098014,train
3098018,train
3098026,test
3098030,train
3098034,train
3098038,train
3098042,train
3098046,train
3098054,train
3098070,train
3098082,test
3098086,test
3098094,train
3098098,train
3098106,test
3098110,train
3098118,train
3098122,train
3098134,test
3098138,train
3098142,train
3098146,train
3098150,train
3098158,train
3098170,test
3098174,train
3098198,train
3098202,train
3098206,train
3098214,train
3098222,train
3098242,train
3098254,train
3098262,train
3098266,test
3098274,train
3098286,train
3098302,train
3098310,test
3098318,train
3098326,train
3098334,train
3098342,train
3098358,train
3098370,train
3098382,train
3098386,train
3098390,train
3098398,train
3098406,train
3098410,train
3098414,train
3098418,train
3098426,train
3098430,train
3098442,train
3098450,train
3098462,train
3098466,test
3098478,train
3098482,train
3098498,train
3098502,train
3098506,train
3098514,test
3098530,train
3098550,train
3098558,train
3098562,train
3098570,train
3098578,test
3098586,train
3098598,train
3098606,train
3098610,train
3098618,test
3098622,train
3098626,test
3098630,train
3098634,train
3098642,train
3098654,train
3098666,train
3098686,train
3098690,train
3098698,train
3098702,train
3098722,train
3098730,train
3098742,test
3098746,train
3098754,train
3098782,train
3098786,train
3098798,train
3098802,train
3098826,train
3098850,train
3098862,train
3098866,train
3098874,train
3098878,train
3098902,train
3098906,train
3098910,train
3098914,train
3098918,train
3098930,test
3098938,train
3098942,train
3098954,train
3098958,train
3098962,train
3098966,train
3098970,train
3098982,train
3098986,train
3099002,train
3099006,test
3099010,train
3099018,train
3099022,train
3099030,train
3099034,test
3099038,train
3099042,train
3099054,train
3099058,train
3099062,train
3099066,train
3099070,train
3099078,train
3099082,train
3099090,train
3099098,train
3099106,train
3099122,train
3099130,train
3099150,train
3099154,train
3099162,train
3099174,test
3099178,train
3099190,train
3099214,train
3099218,train
3099222,train
3099226,train
3099230,train
3099238,test
3099242,train
3099246,train
3099254,train
3099258,test
3099262,test
3099270,train
3099282,test
3099286,train
3099290,train
3099294,train
3099298,train
3099302,train
3099306,test
3099322,train
3099334,train
3099342,train
3099346,train
3099350,train
3099358,train
3099362,test
3099366,train
3099370,train
3099374,train
3099382,train
3099386,train
3099390,train
3099398,train
3099406,train
3099414,test
3099418,train
3099434,test
3099442,train
3099454,test
3099462,test
3099466,train
3099470,test
3099474,test
3099482,train
3099498,train
3099502,train
3099514,train
3099518,test
3099534,train
3099542,train
3099546,train
3099562,train
3099570,train
3099578,train
3099582,train
3099586,train
3099590,train
3099594,train
3099598,train
3099602,train
3099606,train
3099614,train
3099626,train
3099630,train
3099650,train
3099662,test
3099666,train
3099670,train
3099674,train
3099678,train
3099686,test
3099706,test
3099710,train
3099730,train
3099738,train
3099742,train
3099750,train
3099782,train
3099786,train
3099794,train
3099798,train
3099802,train
3099806,train
3099810,train
3099814,train
3099822,train
3099826,train
3099834,train
3099842,train
3099854,train
3099866,train
3099878,train
3099894,test
3099898,train
3099914,train
3099922,train
3099926,train
3099930,train
3099934,train
3099938,train
3099950,train
3099954,train
3099962,train
3099966,train
3099970,train
3099974,train
3099978,train
3099982,test
3099986,train
3099990,train
3099998,train
3100006,train
3100010,train
3100026,train
3100038,train
3100042,train
3100066,test
3100074,train
3100078,test
3100082,train
3100098,train
3100106,train
3100110,train
3100114,train
3100118,train
3100122,train
3100126,train
3100142,train
3100150,train
3100154,train
3100158,train
3100166,train
3100170,train
3100190,train
3100206,test
3100210,test
3100214,train
3100222,train
3100230,train
3100234,train
3100238,train
3100242,train
3100246,train
3100250,train
3100254,train
3100258,train
3100266,test
3100270,train
3100274,train
3100282,test
3100286,train
3100294,train
3100302,train
3100306,train
3100322,train
3100346,train
3100350,train
3100354,train
3100362,train
3100366,test
3100378,test
3100390,train
3100402,train
3100406,test
3100410,train
3100418,train
3100434,train
3100438,train
3100446,train
3100458,train
3100462,train
3100470,train
3100474,train
3100482,test
3100486,test
3100498,train
3100514,train
3100518,train
3100530,train
3100542,train
3100546,train
3100550,test
3100554,train
3100562,train
3100574,train
3100578,train
3100606,train
3100622,train
3100626,train
3100630,train
3100634,train
3100638,test
3100658,train
3100670,test
3100678,train
3100698,train
3100706,train
3100726,train
3100734,train
3100766,train
3100774,train
3100782,test
3100786,train
3100802,train
3100806,train
3100810,train
3100814,train
3100818,train
3100822,train
3100826,train
3100830,train
3100846,train
3100858,train
3100862,train
3100866,test
3100870,train
3100874,train
3100878,test
3100882,train
3100898,test
3100902,train
3100906,train
3100914,train
3100918,train
3100938,train
3100946,test
3100954,train
3100958,train
3100962,test
3100974,train
3100978,train
3100982,test
3100986,train
3100994,test
3100998,test
3101002,train
3101006,train
3101010,train
3101018,test
3101022,test
3101026,train
3101030,train
3101034,train
3101062,train
3101066,train
3101070,test
3101074,train
3101078,train
3101094,train
3101098,train
3101102,test
3101110,train
3101118,train
3101126,train
3101130,train
3101150,train
3101158,train
3101162,test
3101166,train
3101174,train
3101178,train
3101190,train
3101198,train
3101206,train
3101210,test
3101218,train
3101230,test
3101246,train
3101250,test
3101258,train
3101266,train
3101270,train
3101278,train
3101286,train
3101302,test
3101318,test
3101322,train
3101342,train
3101346,test
3101358,test
3101362,test
3101366,train
3101374,train
3101378,train
3101382,train
3101386,train
3101402,train
3101410,train
3101422,train
3101434,test
3101450,train
3101454,train
3101486,train
3101490,train
3101494,test
3101498,test
3101502,train
3101514,train
3101518,test
3101522,train
3101526,train
3101546,test
3101550,train
3101554,train
3101562,train
3101566,test
3101570,train
3101578,train
3101594,train
3101598,train
3101602,test
3101606,test
3101614,train
3101618,train
3101622,train
3101630,train
3101638,train
3101642,test
3101654,train
3101658,train
3101666,test
3101670,train
3101678,train
3101694,test
3101698,train
3101702,train
3101710,train
3101714,train
3101718,train
3101722,train
3101734,train
3101758,train
3101766,train
3101782,train
3101786,train
3101790,train
3101806,train
3101814,test
3101818,train
3101822,train
3101826,train
3101838,test
3101846,train
3101850,train
3101858,test
3101862,test
3101870,train
3101878,train
3101890,train
3101898,train
3101902,test
3101918,train
3101930,train
3101942,train
3101950,train
3101954,train
3101958,train
3101966,test
3101970,train
3101978,test
3101986,train
3101990,train
3102006,test
3102018,test
3102022,train
3102026,train
3102030,train
3102034,train
3102038,train
3102042,train
3102046,test
3102054,train
3102058,train
3102062,train
3102070,train
3102074,train
3102078,train
3102094,train
3102098,train
3102106,train
3102110,train
3102114,train
3102122,train
3102126,test
3102130,test
3102138,train
3102142,train
3102154,test
3102170,train
3102182,train
3102186,train
3102190,train
3102194,train
3102198,train
3102202,train
3102206,test
3102210,test
3102214,train
3102218,train
3102222,train
3102238,train
3102246,train
3102250,test
3102262,train
3102266,train
3102274,train
3102282,train
3102286,test
3102290,train
3102294,train
3102298,train
3102302,test
3102310,test
3102322,train
3102326,train
3102330,test
3102334,test
3102354,train
3102358,train
3102362,train
3102370,test
3102378,train
3102382,test
3102386,train
3102390,train
3102398,train
3102418,train
3102434,test
3102442,train
3102446,train
3102450,train
3102458,train
3102482,train
3102486,test
3102498,train
3102502,test
3102506,train
3102510,train
3102514,train
3102526,train
3102534,train
3102542,train
3102546,test
3102558,train
3102562,train
3102566,test
3102574,train
3102582,train
3102594,train
3102598,train
3102602,train
3102606,train
3102638,train
3102642,train
3102650,train
3102654,train
3102658,train
3102666,train
3102670,test
3102678,train
3102686,train
3102690,train
3102702,train
3102710,train
3102714,train
3102718,test
3102726,train
3102738,train
3102742,train
3102766,train
3102782,train
3102786,train
3102790,train
3102794,train
3102798,train
3102810,train
3102814,train
3102818,train
3102822,train
3102826,train
3102838,train
3102842,train
3102850,train
3102858,train
3102862,train
3102874,test
3102878,train
3102886,test
3102910,train
3102914,test
3102918,train
3102930,test
3102934,train
3102942,test
3102950,train
3102970,train
3102974,train
3102990,test
3102994,train
3103002,test
3103006,test
3103010,train
3103014,train
3103026,test
3103030,test
3103038,test
3103054,train
3103066,train
3103070,test
3103082,train
3103086,train
3103090,train
3103098,train
3103118,test
3103122,test
3103130,train
3103134,test
3103146,train
3103150,train
3103162,train
3103178,train
3103182,test
3103186,test
3103198,test
3103214,train
3103218,test
3103222,train
3103230,train
3103234,train
3103242,train
3103246,train
3103250,train
3103262,train
3103266,train
3103274,test
3103278,train
3103282,train
3103290,train
3103294,train
3103306,train
3103322,train
3103326,test
3103330,train
3103342,train
3103346,train
3103350,train
3103354,train
3103358,test
3103366,train
3103370,train
3103374,train
3103382,train
3103394,test
3103398,train
3103402,train
3103410,train
3103414,train
3103422,train
3103426,train
3103442,train
3103446,test
3103458,train
3103474,train
3103482,train
3103486,train
3103494,train
3103498,test
3103502,train
3103506,train
3103542,train
3103558,train
3103562,train
3103574,train
3103586,test
3103598,train
3103602,train
3103606,train
3103610,train
3103618,train
3103622,train
3103634,train
3103646,train
3103650,train
3103654,train
3103658,train
3103662,test
3103678,train
3103698,train
3103706,train
3103714,train
3103730,train
3103734,test
3103738,train
3103746,train
3103750,train
3103770,train
3103774,train
3103810,train
3103818,train
3103830,train
3103834,train
3103838,train
3103846,train
3103854,train
3103862,train
3103866,test
3103874,train
3103890,train
3103906,test
3103910,train
3103922,train
3103926,train
3103930,test
3103934,train
3103942,train
3103946,test
3103950,train
3103954,test
3103958,test
3103962,train
3103966,train
3103978,train
3103990,test
3103994,train
3104002,test
3104006,train
3104030,train
3104034,train
3104042,train
3104046,train
3104050,train
3104054,train
3104058,train
3104066,train
3104074,train
3104086,train
3104090,train
3104098,test
3104110,train
3104114,train
3104126,train
3104158,train
3104166,train
3104170,train
3104174,test
3104178,train
3104182,train
3104186,train
3104194,train
3104206,train
3104210,test
3104214,test
3104218,train
3104222,train
3104234,train
3104242,train
3104250,train
3104254,test
3104258,train
3104262,train
3104266,train
3104274,train
3104278,train
3104282,train
3104290,train
3104294,train
3104306,train
3104310,train
3104314,train
3104326,train
3104334,train
3104338,train
3104346,train
3104350,train
3104362,train
3104366,train
3104374,train
3104378,train
3104382,train
3104390,train
3104398,train
3104402,train
3104406,train
3104422,train
3104430,train
3104434,train
3104446,train
3104454,train
3104466,train
3104470,train
3104478,train
3104482,train
3104486,train
3104498,train
3104502,train
3104506,train
3104510,train
3104538,train
3104546,train
3104558,train
3104574,train
3104586,train
3104598,train
3104602,train
3104606,test
3104622,train
3104626,train
3104638,train
3104642,train
3104650,train
3104654,train
3104662,train
3104666,train
3104670,train
3104674,test
3104690,train
3104698,train
3104702,train
3104710,train
3104718,train
3104726,train
3104746,train
3104754,test
3104766,train
3104774,test
3104778,train
3104790,train
3104798,train
3104806,test
3104810,test
3104814,train
3104818,train
3104822,train
3104826,test
3104830,train
3104834,train
3104854,train
3104858,train
3104870,train
3104878,test
3104894,test
3104898,train
3104902,train
3104910,train
3104914,train
3104922,train
3104926,train
3104930,train
3104938,train
3104942,train
3104946,train
3104950,train
3104954,train
3104958,train
3104966,train
3104974,test
3104982,test
3104986,train
3104990,train
3104994,train
3105006,train
3105014,train
3105022,train
3105050,train
3105058,train
3105062,test
3105066,train
3105070,test
3105078,train
3105082,train
3105086,train
3105094,train
3105102,test
3105106,test
3105114,test
3105118,train
3105122,train
3105126,test
3105138,train
3105142,train
3105150,train
3105154,train
3105166,train
3105170,test
3105178,train
3105182,train
3105186,train
3105194,train
3105202,train
3105214,test
3105222,train
3105234,train
3105266,train
3105278,train
3105282,train
3105298,train
3105302,train
3105318,train
3105322,train
3105326,train
3105342,train
3105346,train
3105350,train
3105354,train
3105358,train
3105362,train
3105370,train
3105378,train
3105382,test
3105390,train
3105394,test
3105398,test
3105402,train
3105410,train
3105418,train
3105422,train
3105426,train
3105434,test
3105438,train
3105442,train
3105454,train
3105462,test
3105478,test
3105482,train
3105490,test
3105494,train
3105498,train
3105502,train
3105510,train
3105514,test
3105518,train
3105526,train
3105530,train
3105534,train
3105538,train
3105542,train
3105550,train
3105554,test
3105558,train
3105562,train
3105574,train
3105582,test
3105586,train
3105594,test
3105598,train
3105602,train
3105606,test
3105610,train
3105614,test
3105630,train
3105634,train
3105642,train
3105646,train
3105654,train
3105666,test
3105670,train
3105678,train
3105690,train
3105694,test
3105702,train
3105706,train
3105714,train
3105722,test
3105734,train
3105738,train
3105742,train
3105746,test
3105750,train
3105754,train
3105766,train
3105778,test
3105782,train
3105794,train
3105802,test
3105806,train
3105810,train
3105826,train
3105830,train
3105838,train
3105850,train
3105866,train
3105870,train
3105874,test
3105882,train
3105886,train
3105890,train
3105894,train
3105906,train
3105922,train
3105930,train
3105942,test
3105962,train
3105970,train
3105978,train
3105990,train
3105998,train
3106006,train
3106014,test
3106018,test
3106026,test
3106030,train
3106038,train
3106042,train
3106046,train
3106050,train
3106070,train
3106074,train
3106078,train
3106094,train
3106098,train
3106102,test
3106106,train
3106114,train
3106118,train
3106130,train
3106134,train
3106158,train
3106162,test
3106166,train
3106170,train
3106182,train
3106190,train
3106194,train
3106198,train
3106202,train
3106210,train
3106222,test
3106226,train
3106230,train
3106238,train
3106258,train
3106274,train
3106282,train
3106286,train
3106290,train
3106306,test
3106314,train
3106318,test
3106326,train
3106334,train
3106342,train
3106354,train
3106358,train
3106362,train
3106366,train
3106370,train
3106374,train
3106378,train
3106386,train
3106390,train
3106414,train
3106418,test
3106422,test
3106426,train
3106430,train
3106434,test
3106442,train
3106446,train
3106454,train
3106458,train
3106470,test
3106478,train
3106482,train
3106486,test
3106498,train
3106514,train
3106518,test
3106526,train
3106534,train
3106538,train
3106542,train
3106550,train
3106554,train
3106566,train
3106570,test
3106574,train
3106582,train
3106586,train
3106594,train
3106602,train
3106606,train
3106622,train
3106642,train
3106674,train
3106682,train
3106690,test
3106694,train
3106698,train
3106702,train
3106710,train
3106718,test
3106722,train
3106738,train
3106742,train
3106746,train
3106770,train
3106778,train
3106786,train
3106802,train
3106806,train
3106822,train
3106826,train
3106834,train
3106838,train
3106846,train
3106850,train
3106866,train
3106882,test
3106886,train
3106894,train
3106902,train
3106910,train
3106914,train
3106942,train
3106958,train
3106966,train
3106970,train
3106982,train
3106994,train
3106998,train
3107002,train
3107010,train
3107030,test
3107034,train
3107050,test
3107058,train
3107066,train
3107070,test
3107082,train
3107098,train
3107106,train
3107114,train
3107126,train
3107130,train
3107134,train
3107146,test
3107150,train
3107158,train
3107170,train
3107174,train
3107178,train
3107182,train
3107190,test
3107226,train
3107234,train
3107242,train
3107246,train
3107250,test
3107262,train
3107266,train
3107274,train
3107282,train
3107286,train
3107290,train
3107298,train
3107306,test
3107310,test
3107318,train
3107322,test
3107330,train
3107354,train
3107366,train
3107374,train
3107378,train
3107386,train
3107394,train
3107398,train
3107402,train
3107406,train
3107410,train
3107418,test
3107422,train
3107430,train
3107438,train
3107458,train
3107462,train
3107478,train
3107482,test
3107502,train
3107510,train
3107522,train
3107534,train
3107538,train
3107554,train
3107562,train
3107574,train
3107590,train
3107594,train
3107598,train
3107602,test
3107614,train
3107618,train
3107622,train
3107634,test
3107658,train
3107662,train
3107666,train
3107670,test
3107674,train
3107682,train
3107702,test
3107706,train
3107710,train
3107714,train
3107730,train
3107734,train
3107742,train
3107746,test
3107754,train
3107758,train
3107762,train
3107770,train
3107774,train
3107798,train
3107806,train
3107814,train
3107818,train
3107822,train
3107826,test
3107830,train
3107834,train
3107838,test
3107846,train
3107850,train
3107862,train
3107866,train
3107870,test
3107878,train
3107882,train
3107886,train
3107894,train
3107902,train
3107910,train
3107914,train
3107930,train
3107934,train
3107938,test
3107942,test
3107954,test
3107958,train
3107962,train
3107970,test
3107994,train
3108006,train
3108010,train
3108022,train
3108026,train
3108042,train
3108046,train
3108050,train
3108058,train
3108066,train
3108070,test
3108074,test
3108086,train
3108094,train
3108098,train
3108102,train
3108110,test
3108118,train
3108126,train
3108130,train
3108134,train
3108138,test
3108146,train
3108150,train
3108166,train
3108170,train
3108174,train
3108186,train
3108202,train
3108206,train
3108222,test
3108230,train
3108234,train
3108242,test
3108246,train
3108250,test
3108254,train
3108270,train
3108278,train
3108282,train
3108290,train
3108294,train
3108302,train
3108306,train
3108310,train
3108314,train
3108318,train
3108322,train
3108342,train
3108354,train
3108366,train
3108370,test
3108374,train
3108390,train
3108410,train
3108414,train
3108426,train
3108430,train
3108438,train
3108446,test
3108458,train
3108462,train
3108466,train
3108470,train
3108486,train
3108502,train
3108510,train
3108514,train
3108522,train
3108530,test
3108534,test
3108538,train
3108542,train
3108558,test
3108562,train
3108578,train
3108602,train
3108606,train
3108618,test
3108626,test
3108630,train
3108666,train
3108678,test
3108682,train
3108690,train
3108702,train
3108710,train
3108726,test
3108730,train
3108734,train
3108738,train
3108746,train
3108750,train
3108758,test
3108762,train
3108770,test
3108778,train
3108782,test
3108786,train
3108794,train
3108798,train
3108802,train
3108806,train
3108818,train
3108834,test
3108842,test
3108850,train
3108854,train
3108866,train
3108870,train
3108874,train
3108886,test
3108894,train
3108902,test
3108910,train
3108914,train
3108958,train
3108962,train
3108982,train
3108986,train
3109006,train
3109018,test
3109022,train
3109026,test
3109030,train
3109038,train
3109042,train
3109046,train
3109070,train
3109074,train
3109078,train
3109082,train
3109086,train
3109098,train
3109102,train
3109114,train
3109118,train
3109122,train
3109126,train
3109130,train
3109134,test
3109150,train
3109154,train
3109158,train
3109162,train
3109166,test
3109178,train
3109186,train
3109190,train
3109194,test
3109202,test
3109214,train
3109226,test
3109230,test
3109234,train
3109250,train
3109254,train
3109258,train
3109266,train
3109270,train
3109274,train
3109286,train
3109290,train
3109294,train
3109302,test
3109330,train
3109334,train
3109346,test
3109350,test
3109354,train
3109362,train
3109366,train
3109370,train
3109382,train
3109402,test
3109406,train
3109414,train
3109422,train
3109426,train
3109438,train
3109446,train
3109454,train
3109466,train
3109470,train
3109474,train
3109478,train
3109482,train
3109490,train
3109494,train
3109498,train
3109518,test
3109522,test
3109526,train
3109530,train
3109538,train
3109542,train
3109562,train
3109578,train
3109586,train
3109590,test
3109594,train
3109610,train
3109614,train
3109618,train
3109622,train
3109638,train
3109642,test
3109646,train
3109654,train
3109662,train
3109674,train
3109686,train
3109702,test
3109706,train
3109710,train
3109714,train
3109722,train
3109730,test
3109734,train
3109742,train
3109750,train
3109754,train
3109758,test
3109766,test
3109770,test
3109774,train
3109778,train
3109782,train
3109806,train
3109818,train
3109838,train
3109842,test
3109846,train
3109850,train
3109874,train
3109898,train
3109902,train
3109906,test
3109938,test
3109946,train
3109950,train
3109958,test
3109962,train
3109978,train
3109982,train
3109998,test
3110002,train
3110006,train
3110014,train
3110042,train
3110046,train
3110058,train
3110070,test
3110078,train
3110082,train
3110086,train
3110090,test
3110094,train
3110098,test
3110110,train
3110118,test
3110122,train
3110126,train
3110130,train
3110138,train
3110142,train
3110162,train
3110170,train
3110178,train
3110186,train
3110194,train
3110198,train
3110202,train
3110206,train
3110214,test
3110226,train
3110230,train
3110234,test
3110242,train
3110246,train
3110258,train
3110262,train
3110286,train
3110290,train
3110302,train
3110322,train
3110326,train
3110342,test
3110350,train
3110358,train
3110362,test
3110366,test
3110370,test
3110374,train
3110378,train
3110386,test
3110402,train
3110406,train
3110410,train
3110414,train
3110418,train
3110422,train
3110430,train
3110434,train
3110438,train
3110442,test
3110450,train
3110466,train
3110470,train
3110478,train
3110490,train
3110494,train
3110506,train
3110514,train
3110518,train
3110530,train
3110542,train
3110546,train
3110550,train
3110562,train
3110570,train
3110574,train
3110578,test
3110582,test
3110586,train
3110590,train
3110610,test
3110626,test
3110630,train
3110638,train
3110642,train
3110654,train
3110658,test
3110662,train
3110666,test
3110670,train
3110674,test
3110686,train
3110690,train
3110702,train
3110710,train
3110718,test
3110722,train
3110730,train
3110742,train
3110750,train
3110758,train
3110762,train
3110766,train
3110778,train
3110782,train
3110794,train
3110798,train
3110810,train
3110814,train
3110818,train
3110830,train
3110838,test
3110846,train
3110850,train
3110862,train
3110866,train
3110870,train
3110874,test
3110886,test
3110890,train
3110894,train
3110906,train
3110918,train
3110922,train
3110926,train
3110930,train
3110938,train
3110942,train
3110946,train
3110950,train
3110954,test
3110958,train
3110962,train
3110966,train
3110974,train
3110982,train
3110986,train
3110994,train
3111002,train
3111010,train
3111014,test
3111022,train
3111030,train
3111042,train
3111054,train
3111058,test
3111066,train
3111070,train
3111078,train
3111082,train
3111086,train
3111090,train
3111098,train
3111102,train
3111106,train
3111110,test
3111122,train
3111126,train
3111142,test
3111150,train
3111154,test
3111158,train
3111162,train
3111166,train
3111170,train
3111186,test
3111190,train
3111198,train
3111222,train
3111226,test
3111230,train
3111250,train
3111262,train
3111270,train
3111274,train
3111282,train
3111302,train
3111314,test
3111318,test
3111326,train
3111330,train
3111338,train
3111342,train
3111346,train
3111370,train
3111374,train
3111378,train
3111382,train
3111386,train
3111390,train
3111394,test
3111410,train
3111414,train
3111422,train
3111426,test
3111430,train
3111434,train
3111442,train
3111446,train
3111454,train
3111458,train
3111466,train
3111494,train
3111498,train
3111506,train
3111514,train
3111518,train
3111522,train
3111526,train
3111530,train
3111538,train
3111542,train
3111586,test
3111602,train
3111606,train
3111614,train
3111618,train
3111622,train
3111646,test
3111670,train
3111674,train
3111682,train
3111686,train
3111694,train
3111698,train
3111702,train
3111714,train
3111726,train
3111730,test
3111742,train
3111750,train
3111758,train
3111774,train
3111802,train
3111810,train
3111818,test
3111830,train
3111842,test
3111850,test
3111858,test
3111870,train
3111874,train
3111886,test
3111890,train
3111898,train
3111910,train
3111914,train
3111918,train
3111934,train
3111938,test
3111942,train
3111946,train
3111954,train
3111958,train
3111962,train
3111966,train
3111978,train
3111982,train
3111998,test
3112014,train
3112018,train
3112026,train
3112030,train
3112034,train
3112038,train
3112050,train
3112054,train
3112058,train
3112062,test
3112070,train
3112074,train
3112090,train
3112098,train
3112102,train
3112106,train
3112110,train
3112122,train
3112126,train
3112138,train
3112142,test
3112154,train
3112158,train
3112166,train
3112170,train
3112178,train
3112182,train
3112186,train
3112206,train
3112218,train
3112226,train
3112230,test
3112234,train
3112242,train
3112246,test
3112250,train
3112254,train
3112258,train
3112262,train
3112266,train
3112274,train
3112282,train
3112310,train
3112318,train
3112322,train
3112330,train
3112334,test
3112338,train
3112342,train
3112346,train
3112350,test
3112354,train
3112358,train
3112362,train
3112366,train
3112370,train
3112382,train
3112386,train
3112406,train
3112410,train
3112414,train
3112418,train
3112422,train
3112430,train
3112454,train
3112462,train
3112466,train
3112470,train
3112486,train
3112494,train
3112498,train
3112526,train
3112538,train
3112542,train
3112546,train
3112554,train
3112562,train
3112566,test
3112570,train
3112578,train
3112582,train
3112590,train
3112614,train
3112622,train
3112634,test
3112642,test
3112678,train
3112690,train
3112694,train
3112698,train
3112702,train
3112706,test
3112710,train
3112718,train
3112722,train
3112726,test
3112734,train
3112738,train
3112746,train
3112754,train
3112766,train
3112770,train
3112774,train
3112778,train
3112786,train
3112790,train
3112798,train
3112806,test
3112822,test
3112830,train
3112854,train
3112866,train
3112870,test
3112882,train
3112886,test
3112890,train
3112902,test
3112910,train
3112914,test
3112930,train
3112942,test
3112950,train
3112962,train
3112966,train
3112970,train
3112978,train
3112990,test
3113006,train
3113018,train
3113026,train
3113046,train
3113082,train
3113090,train
3113106,train
3113118,test
3113126,test
3113142,train
3113146,train
3113154,test
3113170,train
3113174,train
3113178,test
3113182,train
3113186,test
3113194,train
3113206,train
3113214,train
3113222,train
3113246,train
3113250,test
3113254,train
3113262,train
3113270,train
3113278,train
3113282,train
3113286,train
3113290,train
3113294,train
3113306,train
3113310,test
3113314,test
3113318,train
3113322,train
3113330,train
3113334,train
3113342,train
3113374,test
3113378,train
3113382,train
3113386,train
3113390,train
3113406,train
3113422,train
3113434,train
3113446,train
3113458,train
3113470,train
3113482,test
3113486,train
3113490,test
3113502,train
3113506,train
3113514,train
3113518,test
3113522,train
3113526,test
3113534,test
3113542,train
3113546,train
3113554,train
3113562,train
3113566,train
3113570,train
3113574,train
3113578,train
3113590,train
3113598,test
3113602,train
3113610,train
3113614,test
3113622,train
3113626,test
3113634,train
3113642,train
3113646,train
3113662,train
3113670,train
3113674,train
3113678,train
3113682,test
3113686,train
3113698,train
3113714,test
3113722,train
3113726,test
3113734,test
3113738,train
3113742,train
3113746,train
3113754,train
3113762,test
3113766,train
3113774,train
3113782,train
3113790,train
3113818,test
3113826,train
3113830,train
3113846,train
3113850,train
3113858,train
3113862,train
3113878,train
3113882,train
3113898,train
3113902,train
3113910,train
3113914,train
3113922,train
3113926,train
3113930,test
3113934,train
3113942,train
3113946,train
3113950,train
3113958,train
3113962,train
3113978,train
3113986,train
3113990,test
3113994,train
3113998,train
3114002,train
3114010,train
3114018,train
3114022,train
3114026,train
3114030,train
3114034,train
3114038,train
3114042,test
3114054,train
3114062,train
3114074,train
3114082,train
3114086,train
3114094,train
3114102,train
3114106,test
3114126,train
3114130,test
3114134,test
3114142,train
3114146,train
3114150,train
3114154,train
3114158,test
3114170,train
3114174,train
3114182,train
3114186,train
3114190,train
3114194,test
3114198,train
3114206,train
3114214,train
3114218,train
3114222,train
3114234,train
3114246,train
3114254,test
3114258,train
3114262,train
3114266,test
3114270,train
3114274,test
3114286,train
3114294,train
3114298,test
3114302,train
3114310,train
3114318,train
3114322,test
3114326,train
3114330,train
3114334,train
3114338,train
3114342,train
3114354,train
3114362,train
3114366,test
3114370,train
3114378,train
3114402,train
3114406,train
3114410,train
3114414,test
3114418,test
3114434,train
3114442,test
3114462,train
3114470,train
3114478,test
3114486,train
3114494,train
3114502,train
3114510,train
3114514,train
3114518,train
3114522,train
3114526,train
3114530,train
3114534,train
3114542,train
3114546,train
3114550,train
3114562,test
3114570,train
3114574,train
3114582,train
3114586,train
3114590,train
3114598,train
3114610,train
3114614,test
3114622,train
3114630,train
3114642,train
3114646,test
3114662,train
3114670,train
3114690,train
3114710,test
3114714,train
3114718,train
3114726,train
3114730,train
3114734,train
3114746,test
3114754,test
3114758,train
3114766,train
3114774,train
3114778,train
3114790,test
3114794,train
3114798,test
3114802,train
3114810,train
3114814,train
3114822,train
3114834,test
3114838,train
3114846,train
3114850,test
3114854,train
3114862,train
3114866,test
3114870,test
3114874,train
3114886,train
3114898,train
3114902,train
3114906,test
3114910,train
3114914,train
3114918,train
3114926,train
3114930,train
3114934,train
3114942,train
3114946,train
3114954,train
3114966,train
3114970,test
3114974,train
3114978,train
3114986,train
3114990,train
3115002,test
3115010,train
3115018,test
3115038,train
3115042,train
3115050,test
3115062,train
3115066,train
3115074,test
3115078,train
3115094,train
3115102,train
3115118,train
3115122,train
3115130,train
3115134,train
3115138,train
3115154,train
3115158,test
3115162,train
3115166,train
3115170,train
3115178,train
3115182,train
3115186,train
3115194,train
3115198,test
3115202,test
3115210,test
3115214,train
3115218,train
3115234,train
3115242,test
3115246,test
3115258,train
3115262,train
3115266,test
3115270,train
3115278,train
3115286,train
3115294,train
3115302,train
3115306,train
3115310,train
3115326,test
3115334,train
3115342,train
3115362,test
3115366,train
3115370,train
3115378,train
3115386,train
3115390,train
3115398,train
3115402,train
3115406,train
3115410,train
3115418,train
3115422,train
3115426,train
3115442,train
3115450,train
3115458,train
3115462,train
3115466,train
3115470,test
3115478,train
3115486,train
3115490,train
3115494,train
3115502,train
3115506,train
3115526,train
3115538,train
3115554,test
3115562,train
3115566,train
3115570,train
3115582,train
3115590,train
3115594,train
3115606,train
3115626,train
3115634,train
3115638,train
3115650,test
3115674,train
3115682,train
3115694,train
3115702,train
3115706,train
3115714,train
3115722,test
3115726,test
3115730,train
3115738,test
3115742,train
3115746,train
3115758,train
3115762,train
3115778,train
3115782,test
3115786,train
3115794,train
3115802,train
3115810,train
3115818,train
3115822,test
3115826,train
3115838,train
3115842,train
3115846,train
3115850,train
3115858,train
3115866,train
3115870,train
3115874,train
3115878,train
3115882,train
3115886,train
3115890,train
3115902,train
3115918,train
3115922,train
3115926,train
3115930,test
3115958,train
3115962,test
3115966,train
3115970,train
3115986,train
3115994,train
3115998,train
3116002,test
3116006,train
3116010,train
3116018,train
3116022,train
3116030,train
3116034,train
3116038,train
3116046,train
3116050,train
3116054,train
3116058,train
3116070,test
3116074,test
3116082,train
3116102,test
3116114,train
3116122,test
3116126,train
3116130,test
3116138,train
3116142,test
3116150,train
3116154,train
3116158,train
3116162,train
3116170,train
3116174,train
3116182,train
3116190,train
3116198,train
3116202,train
3116206,train
3116214,train
3116218,train
3116222,test
3116226,train
3116230,train
3116234,train
3116238,train
3116242,train
3116246,train
3116258,train
3116266,train
3116278,train
3116286,train
3116290,train
3116294,train
3116302,train
3116306,train
3116318,train
3116322,train
3116330,train
3116338,train
3116350,test
3116354,train
3116362,train
3116370,train
3116390,train
3116394,test
3116398,train
3116402,test
3116414,train
3116418,train
3116422,train
3116434,train
3116442,test
3116446,train
3116450,train
3116454,train
3116458,train
3116466,test
3116470,test
3116486,train
3116494,train
3116506,train
3116510,train
3116518,train
3116522,test
3116526,train
3116530,train
3116534,train
3116542,train
3116554,test
3116558,train
3116562,train
3116574,train
3116594,test
3116598,train
3116614,train
3116618,train
3116622,train
3116646,train
3116658,train
3116662,test
3116670,train
3116678,train
3116682,train
3116686,train
3116690,train
3116694,train
3116698,test
3116702,train
3116706,train
3116714,train
3116730,test
3116734,test
3116746,train
3116754,train
3116762,train
3116766,train
3116778,train
3116790,train
3116794,train
3116798,train
3116802,test
3116806,train
3116810,train
3116818,train
3116834,train
3116838,train
3116846,test
3116854,train
3116858,train
3116866,train
3116874,train
3116890,train
3116898,test
3116910,test
3116914,train
3116922,test
3116926,train
3116934,train
3116962,train
3116966,train
3116970,test
3116974,train
3116978,test
3116986,test
3116998,train
3117010,train
3117026,train
3117030,train
3117034,train
3117038,test
3117046,train
3117050,train
3117058,train
3117062,train
3117066,train
3117078,train
3117082,train
3117086,train
3117090,train
3117114,train
3117118,test
3117126,train
3117134,train
3117142,train
3117158,train
3117162,train
3117170,train
3117178,train
3117182,train
3117186,train
3117194,train
3117198,train
3117214,train
3117226,train
3117234,train
3117238,train
3117250,train
3117254,train
3117258,train
3117262,train
3117274,train
3117286,train
3117294,train
3117298,train
3117302,train
3117306,train
3117310,train
3117318,train
3117334,train
3117346,train
3117358,train
3117366,test
3117382,train
3117390,train
3117398,train
3117402,test
3117406,train
3117410,train
3117426,train
3117430,train
3117434,train
3117446,train
3117450,test
3117454,test
3117458,train
3117470,train
3117478,train
3117498,train
3117506,train
3117510,test
3117514,test
3117518,train
3117530,train
3117534,test
3117538,train
3117546,test
3117550,train
3117554,train
3117558,train
3117562,test
3117582,train
3117586,train
3117598,test
3117602,test
3117622,test
3117630,train
3117638,train
3117642,train
3117650,test
3117654,train
3117662,test
3117682,train
3117694,test
3117706,test
3117710,test
3117718,train
3117726,test
3117730,test
3117734,train
3117742,train
3117746,train
3117766,train
3117774,train
3117786,train
3117790,train
3117794,train
3117810,train
3117818,train
3117830,train
3117842,train
3117846,train
3117850,train
3117854,train
3117858,test
3117862,train
3117874,test
3117886,train
3117902,train
3117906,train
3117910,test
3117914,train
3117926,train
3117930,train
3117934,train
3117942,train
3117950,test
3117954,train
3117958,train
3117962,train
3117970,train
3117974,train
3117978,train
3117982,train
3117994,train
3117998,train
3118002,train
3118010,test
3118014,train
3118018,train
3118026,train
3118034,train
3118038,train
3118050,train
3118054,train
3118070,train
3118074,train
3118078,train
3118082,train
3118102,test
3118118,train
3118122,train
3118126,train
3118130,train
3118142,test
3118146,train
3118166,train
3118170,test
3118174,test
3118190,train
3118194,train
3118198,train
3118214,train
3118218,test
3118230,train
3118238,train
3118250,train
3118254,train
3118266,train
3118274,train
3118278,test
3118286,test
3118290,test
3118302,train
3118306,train
3118310,train
3118326,train
3118334,train
3118338,train
3118346,test
3118350,train
3118354,test
3118370,train
3118382,train
3118390,train
3118394,test
3118402,train
3118406,test
3118418,train
3118430,test
3118434,train
3118438,train
3118442,test
3118450,train
3118458,train
3118474,train
3118478,train
3118494,train
3118502,train
3118506,train
3118510,train
3118518,train
3118522,train
3118526,train
3118530,train
3118534,train
3118542,train
3118546,train
3118550,test
3118562,train
3118566,train
3118578,train
3118582,test
3118586,train
3118598,train
3118602,train
3118610,train
3118618,train
3118626,train
3118638,test
3118642,test
3118646,train
3118650,train
3118658,train
3118674,test
3118678,test
3118694,train
3118698,test
3118702,train
3118706,train
3118710,train
3118718,train
3118726,train
3118734,train
3118750,train
3118754,train
3118758,train
3118762,test
3118766,test
3118786,test
3118794,train
3118798,test
3118806,train
3118810,test
3118818,train
3118826,test
3118830,test
3118834,train
3118838,train
3118870,train
3118878,test
3118882,train
3118886,train
3118890,train
3118894,train
3118906,train
3118918,train
3118922,train
3118926,train
3118930,test
3118962,train
3118966,test
3118970,train
3118990,train
3118998,test
3119002,test
3119006,train
3119030,test
3119046,train
3119086,train
3119090,test
3119106,test
3119110,train
3119122,train
3119126,test
3119134,test
3119138,train
3119142,train
3119146,train
3119150,train
3119154,train
3119158,train
3119162,train
3119166,train
3119190,test
3119194,test
3119214,train
3119226,train
3119230,train
3119234,train
3119238,train
3119250,train
3119254,train
3119258,test
3119270,test
3119274,train
3119286,train
3119290,train
3119294,train
3119302,train
3119322,train
3119330,train
3119338,test
3119350,train
3119354,train
3119362,train
3119366,train
3119382,train
3119386,test
3119390,train
3119398,train
3119402,train
3119410,train
3119442,train
3119446,test
3119450,test
3119458,train
3119462,train
3119466,test
3119470,train
3119474,train
3119478,train
3119482,test
3119490,test
3119494,train
3119506,train
3119510,train
3119518,train
3119522,test
3119526,train
3119542,train
3119546,test
3119550,train
3119554,test
3119558,train
3119566,train
3119570,train
3119582,train
3119586,test
3119594,train
3119606,test
3119610,train
3119618,test
3119642,train
3119650,train
3119658,train
3119666,train
3119674,train
3119682,train
3119686,test
3119702,train
3119718,train
3119722,test
3119730,train
3119742,train
3119746,train
3119750,train
3119758,train
3119766,test
3119778,train
3119786,train
3119790,train
3119798,train
3119802,train
3119806,train
3119814,train
3119830,train
3119834,train
3119838,test
3119846,train
3119850,train
3119862,train
3119870,train
3119882,test
3119886,train
3119890,train
3119894,test
3119902,test
3119906,test
3119910,train
3119914,train
3119918,train
3119922,test
3119926,test
3119934,train
3119950,train
3119954,train
3119962,test
3119986,train
3119990,train
3119994,train
3120006,test
3120010,train
3120018,train
3120030,train
3120042,train
3120050,test
3120058,train
3120062,test
3120066,test
3120074,test
3120078,train
3120082,train
3120090,train
3120094,train
3120098,train
3120102,train
3120106,train
3120110,train
3120114,train
3120118,train
3120122,train
3120126,train
3120134,test
3120138,train
3120142,train
3120146,train
3120162,test
3120174,train
3120178,train
3120182,train
3120190,train
3120194,train
3120202,train
3120214,test
3120218,train
3120238,train
3120242,train
3120250,train
3120254,train
3120262,test
3120266,train
3120270,train
3120274,train
3120278,train
3120282,train
3120286,train
3120290,train
3120298,train
3120302,train
3120306,train
3120310,test
3120326,train
3120330,train
3120334,train
3120338,test
3120354,train
3120362,train
3120370,train
3120390,train
3120394,train
3120402,train
3120406,train
3120422,train
3120434,train
3120438,train
3120446,test
3120454,train
3120466,train
3120474,train
3120478,test
3120482,test
3120486,train
3120498,train
3120502,train
3120510,train
3120514,test
3120518,train
3120522,test
3120526,train
3120538,test
3120542,test
3120558,train
3120562,train
3120566,train
3120570,train
3120582,train
3120598,train
3120614,train
3120626,train
3120630,train
3120634,test
3120638,train
3120646,train
3120650,train
3120654,train
3120666,train
3120670,test
3120682,train
3120686,train
3120698,train
3120722,train
3120726,train
3120730,train
3120734,train
3120742,train
3120746,test
3120750,train
3120762,train
3120766,test
3120770,train
3120774,train
3120778,train
3120782,train
3120790,train
3120802,train
3120814,train
3120834,test
3120838,train
3120842,train
3120846,train
3120870,train
3120874,train
3120886,train
3120894,test
3120902,train
3120906,train
3120914,train
3120930,test
3120938,train
3120946,train
3120950,train
3120954,train
3120978,train
3120982,train
3120994,train
3120998,train
3121010,train
3121022,train
3121026,test
3121042,test
3121050,train
3121058,train
3121062,train
3121066,train
3121070,test
3121086,train
3121098,train
3121126,train
3121130,train
3121134,train
3121138,test
3121142,train
3121146,train
3121154,train
3121162,train
3121166,train
3121170,train
3121174,train
3121186,train
3121194,train
3121198,train
3121202,train
3121206,train
3121210,test
3121214,train
3121218,train
3121238,test
3121254,train
3121258,train
3121294,train
3121298,train
3121302,train
3121306,train
3121314,train
3121318,train
3121326,test
3121342,test
3121346,train
3121350,train
3121366,train
3121390,train
3121394,train
3121402,train
3121406,train
3121410,train
3121418,train
3121422,test
3121426,train
3121446,test
3121462,train
3121478,train
3121486,train
3121494,train
3121502,train
3121510,train
3121534,train
3121550,test
3121558,train
3121562,train
3121566,train
3121574,train
3121578,train
3121582,train
3121586,train
3121590,train
3121602,train
3121606,test
3121610,train
3121618,train
3121622,train
3121626,train
3121634,train
3121646,train
3121654,train
3121666,train
3121670,test
3121674,train
3121678,test
3121690,train
3121702,train
3121710,test
3121718,train
3121726,test
3121730,test
3121742,train
3121758,test
3121766,train
3121774,test
3121782,train
3121786,train
3121794,train
3121806,train
3121810,train
3121822,train
3121826,train
3121830,train
3121834,train
3121838,train
3121842,train
3121870,train
3121878,train
3121882,test
3121886,test
3121890,train
3121898,test
3121902,train
3121910,train
3121930,train
3121938,test
3121954,train
3121962,test
3121970,train
3121974,train
3121978,train
3121982,train
3121990,train
3122002,train
3122006,train
3122014,train
3122022,train
3122030,train
3122038,train
3122042,train
3122054,train
3122058,train
3122066,test
3122070,test
3122078,train
3122086,train
3122114,train
3122126,train
3122130,train
3122134,train
3122150,train
3122158,train
3122162,train
3122170,train
3122174,test
3122178,train
3122194,train
3122198,train
3122202,test
3122206,train
3122214,test
3122218,train
3122222,test
3122226,test
3122238,train
3122246,train
3122250,train
3122278,train
3122282,test
3122286,train
3122290,train
3122310,train
3122326,train
3122330,test
3122334,train
3122342,train
3122346,train
3122350,train
3122354,train
3122358,train
3122366,test
3122374,train
3122378,train
3122398,train
3122402,train
3122406,train
3122410,test
3122414,train
3122418,train
3122426,train
3122430,train
3122438,train
3122446,train
3122450,train
3122454,train
3122474,test
3122478,train
3122482,train
3122486,train
3122490,train
3122494,train
3122498,train
3122506,train
3122510,test
3122518,train
3122522,train
3122526,train
3122534,train
3122546,train
3122550,test
3122562,train
3122578,test
3122582,test
3122586,test
3122590,train
3122594,train
3122598,test
3122602,test
3122610,train
3122614,train
3122622,train
3122626,train
3122634,test
3122646,test
3122670,train
3122674,train
3122678,train
3122682,train
3122690,train
3122702,train
3122710,train
3122714,train
3122718,test
3122722,train
3122734,train
3122746,train
3122754,test
3122758,train
3122762,train
3122778,train
3122790,train
3122798,train
3122802,train
3122818,train
3122822,train
3122830,test
3122842,train
3122846,test
3122854,train
3122858,test
3122874,train
3122886,train
3122902,test
3122910,train
3122914,test
3122922,test
3122926,train
3122930,train
3122934,train
3122938,test
3122942,train
3122946,train
3122950,train
3122954,train
3122962,test
3122970,train
3122982,train
3122990,test
3122998,train
3123002,train
3123014,train
3123018,train
3123026,test
3123030,train
3123034,train
3123066,train
3123070,train
3123078,test
3123082,train
3123090,train
3123102,train
3123118,test
3123122,train
3123126,train
3123130,train
3123134,train
3123138,train
3123154,train
3123170,train
3123174,train
3123178,train
3123202,train
3123210,train
3123214,train
3123222,train
3123226,train
3123230,train
3123242,test
3123246,test
3123250,train
3123254,train
3123262,train
3123270,train
3123274,train
3123278,train
3123290,train
3123302,train
3123306,train
3123310,train
3123314,train
3123318,train
3123322,train
3123338,train
3123342,train
3123346,train
3123350,train
3123362,train
3123370,train
3123378,train
3123382,test
3123394,train
3123398,train
3123402,train
3123406,test
3123410,train
3123418,test
3123426,train
3123430,train
3123434,train
3123438,train
3123442,train
3123458,train
3123482,train
3123486,train
3123498,test
3123502,train
3123514,train
3123518,train
3123538,train
3123570,train
3123574,train
3123578,test
3123586,train
3123594,train
3123602,train
3123606,train
3123614,train
3123618,test
3123622,test
3123630,test
3123638,train
3123646,test
3123654,train
3123662,train
3123690,train
3123698,train
3123710,train
3123730,train
3123734,train
3123738,train
3123750,train
3123758,train
3123778,test
3123786,train
3123790,train
3123794,train
3123798,train
3123802,train
3123806,train
3123810,test
3123822,train
3123826,train
3123830,train
3123834,train
3123838,train
3123842,train
3123846,train
3123850,test
3123870,train
3123878,test
3123882,test
3123902,test
3123906,train
3123914,train
3123918,train
3123926,train
3123930,train
3123934,train
3123950,train
3123958,test
3123962,test
3123966,train
3123974,train
3123978,train
3123982,train
3123990,test
3124002,train
3124018,train
3124022,train
3124026,train
3124030,train
3124034,test
3124038,train
3124050,train
3124054,train
3124078,train
3124082,train
3124090,train
3124098,train
3124118,train
3124122,train
3124126,train
3124134,test
3124138,test
3124150,train
3124162,train
3124170,train
3124182,test
3124210,train
3124214,train
3124226,train
3124234,train
3124246,train
3124254,train
3124258,train
3124262,test
3124266,train
3124278,train
3124282,train
3124298,train
3124314,train
3124318,train
3124326,train
3124334,train
3124338,train
3124342,test
3124350,train
3124354,train
3124362,train
3124374,test
3124386,train
3124390,test
3124394,test
3124410,train
3124414,train
3124418,train
3124426,train
3124454,train
3124466,train
3124470,train
3124474,train
3124478,test
3124486,train
3124494,train
3124498,train
3124506,train
3124510,train
3124514,test
3124518,train
3124522,train
3124526,test
3124530,train
3124542,train
3124550,train
3124554,train
3124602,train
3124610,test
3124618,train
3124634,train
3124638,train
3124658,train
3124662,train
3124686,train
3124690,train
3124694,test
3124698,train
3124706,test
3124710,train
3124714,train
3124722,train
3124730,train
3124734,train
3124742,test
3124766,train
3124786,train
3124790,train
3124806,train
3124818,train
3124830,test
3124834,train
3124838,train
3124846,train
3124862,train
3124874,train
3124886,train
3124902,train
3124914,test
3124918,test
3124922,train
3124926,train
3124938,train
3124942,test
3124950,train
3124970,train
3124974,train
3124978,train
3124986,test
3124990,train
3124994,test
3124998,train
3125002,train
3125010,train
3125014,train
3125058,train
3125062,train
3125066,train
3125070,train
3125078,train
3125082,train
3125086,train
3125090,train
3125110,train
3125114,test
3125122,train
3125134,train
3125138,train
3125142,train
3125150,train
3125154,train
3125158,test
3125162,train
3125170,train
3125178,train
3125182,train
3125194,test
3125198,test
3125206,train
3125210,train
3125214,train
3125222,train
3125226,train
3125230,test
3125234,train
3125250,train
3125254,train
3125262,test
3125270,train
3125274,train
3125278,test
3125290,train
3125294,train
3125298,train
3125318,test
3125322,train
3125326,train
3125338,train
3125342,train
3125346,train
3125350,train
3125354,train
3125358,train
3125386,train
3125394,train
3125414,train
3125426,train
3125430,train
3125450,train
3125454,test
3125466,test
3125470,train
3125486,train
3125494,test
3125502,train
3125506,test
3125510,train
3125518,train
3125530,train
3125534,test
3125538,train
3125542,train
3125550,train
3125558,train
3125562,test
3125566,train
3125570,test
3125574,train
3125578,train
3125582,train
3125590,train
3125598,train
3125602,train
3125606,train
3125610,test
3125618,train
3125622,train
3125626,train
3125630,test
3125634,test
3125638,train
3125642,test
3125646,test
3125650,train
3125654,train
3125670,train
3125674,train
3125678,train
3125682,test
3125690,train
3125694,train
3125702,train
3125706,test
3125710,train
3125722,train
3125726,test
3125730,train
3125734,test
3125746,test
3125754,test
3125762,train
3125770,train
3125774,train
3125778,train
3125782,train
3125786,train
3125790,train
3125798,train
3125802,train
3125806,train
3125818,train
3125822,test
3125834,train
3125838,train
3125846,train
3125854,train
3125858,train
3125862,train
3125866,train
3125874,train
3125878,train
3125882,test
3125886,test
3125894,test
3125898,test
3125902,train
3125906,train
3125934,train
3125946,train
3125950,train
3125958,train
3125962,test
3125966,train
3125974,train
3125978,train
3125982,train
3125986,train
3125990,train
3125998,test
3126006,test
3126010,train
3126038,train
3126046,train
3126050,test
3126054,train
3126058,train
3126062,train
3126066,train
3126070,train
3126082,train
3126086,train
3126090,test
3126102,train
3126110,train
3126114,test
3126118,train
3126126,train
3126142,test
3126166,train
3126178,train
3126182,train
3126190,train
3126198,test
3126206,test
3126210,train
3126218,test
3126222,train
3126226,train
3126230,train
3126238,train
3126254,train
3126262,train
3126266,train
3126270,train
3126278,train
3126286,train
3126290,train
3126302,train
3126314,train
3126322,train
3126326,test
3126330,train
3126334,train
3126342,train
3126350,train
3126370,test
3126374,train
3126382,train
3126386,train
3126390,train
3126394,train
3126398,train
3126406,train
3126410,train
3126414,train
3126422,train
3126434,test
3126438,train
3126442,train
3126454,train
3126458,train
3126466,train
3126474,train
3126478,test
3126486,train
3126498,test
3126502,test
3126510,train
3126522,test
3126530,train
3126542,train
3126546,test
3126554,train
3126566,train
3126574,train
3126586,train
3126598,train
3126618,train
3126622,test
3126630,train
3126634,train
3126642,train
3126650,train
3126658,train
3126670,train
3126686,test
3126690,train
3126698,test
3126702,train
3126714,train
3126718,test
3126726,train
3126738,train
3126742,train
3126746,train
3126750,test
3126754,test
3126758,train
3126762,test
3126766,train
3126782,train
3126790,train
3126802,train
3126806,train
3126810,train
3126822,train
3126830,train
3126834,train
3126838,test
3126842,test
3126846,train
3126854,test
3126862,train
3126870,train
3126874,train
3126878,train
3126898,train
3126918,test
3126926,train
3126938,train
3126950,train
3126958,train
3126962,train
3126966,train
3126970,train
3126982,train
3126994,train
3126998,train
3127002,train
3127010,train
3127014,test
3127030,test
3127042,train
3127050,train
3127070,train
3127078,train
3127082,train
3127098,train
3127102,test
3127106,train
3127110,train
3127122,train
3127130,train
3127134,train
3127142,train
3127150,train
3127158,test
3127190,train
3127198,train
3127210,train
3127230,train
3127246,train
3127250,train
3127254,train
3127258,train
3127262,train
3127266,train
3127274,train
3127278,train
3127286,train
3127290,train
3127298,train
3127306,train
3127314,test
3127322,train
3127326,train
3127330,train
3127338,train
3127346,train
3127350,train
3127354,train
3127358,train
3127374,test
3127378,train
3127382,train
3127386,train
3127394,train
3127398,train
3127406,train
3127410,test
3127418,train
3127422,train
3127426,train
3127430,train
3127438,train
3127442,test
3127446,train
3127450,train
3127454,train
3127462,test
3127470,train
3127474,test
3127482,test
3127494,train
3127498,test
3127506,train
3127510,test
3127530,train
3127534,train
3127554,train
3127558,train
3127566,train
3127570,train
3127578,test
3127590,train
3127594,train
3127598,train
3127602,train
3127610,train
3127618,train
3127626,train
3127630,test
3127634,train
3127638,train
3127646,train
3127650,train
3127654,train
3127658,test
3127666,test
3127670,train
3127686,train
3127694,test
3127702,train
3127710,test
3127714,train
3127722,test
3127730,train
3127734,train
3127738,train
3127746,train
3127750,train
3127758,train
3127762,test
3127778,train
3127786,train
3127794,test
3127798,train
3127802,train
3127818,train
3127826,train
3127838,test
3127846,train
3127850,train
3127858,test
3127866,train
3127870,train
3127886,train
3127890,train
3127894,train
3127902,train
3127906,test
3127910,train
3127914,train
3127926,train
3127934,train
3127938,train
3127950,train
3127954,train
3127958,train
3127962,test
3127966,train
3127970,train
3127974,train
3127978,train
3127982,test
3127986,train
3128006,test
3128014,train
3128018,train
3128054,train
3128058,train
3128062,train
3128066,train
3128070,train
3128094,test
3128098,train
3128102,test
3128106,test
3128110,train
3128118,train
3128126,train
3128134,train
3128142,train
3128146,train
3128154,train
3128162,train
3128174,train
3128178,train
3128190,train
3128194,train
3128198,test
3128206,train
3128210,train
3128214,train
3128218,train
3128222,test
3128246,test
3128262,train
3128270,train
3128290,train
3128294,train
3128314,train
3128322,train
3128338,train
3128350,train
3128354,train
3128362,train
3128366,train
3128374,test
3128378,train
3128390,train
3128394,train
3128402,train
3128410,train
3128442,train
3128458,train
3128470,test
3128474,train
3128482,train
3128490,test
3128502,train
3128506,test
3128514,train
3128522,test
3128526,train
3128530,train
3128534,train
3128538,train
3128542,train
3128546,train
3128554,test
3128566,train
3128574,train
3128578,train
3128586,train
3128590,train
3128598,train
3128602,test
3128614,train
3128622,train
3128630,train
3128634,train
3128642,test
3128658,train
3128666,train
3128686,train
3128698,train
3128702,train
3128710,train
3128718,train
3128722,train
3128726,train
3128730,train
3128738,train
3128742,train
3128750,test
3128754,train
3128758,train
3128762,train
3128774,test
3128778,train
3128786,test
3128798,train
3128806,train
3128822,train
3128826,train
3128842,train
3128846,train
3128850,test
3128854,train
3128858,test
3128866,train
3128870,train
3128874,test
3128882,train
3128906,train
3128910,train
3128926,train
3128942,train
3128946,train
3128950,train
3128954,train
3128958,test
3128986,train
3128994,train
3128998,test
3129006,train
3129010,train
3129014,train
3129018,train
3129022,train
3129026,train
3129030,train
3129038,test
3129042,train
3129046,train
3129058,test
3129070,test
3129078,train
3129082,train
3129090,train
3129098,test
3129102,test
3129106,train
3129110,train
3129118,train
3129122,train
3129126,train
3129130,train
3129142,train
3129158,test
3129162,train
3129166,train
3129178,test
3129186,test
3129190,test
3129194,test
3129198,train
3129202,test
3129206,test
3129222,test
3129226,train
3129230,train
3129238,train
3129246,train
3129250,train
3129254,train
3129258,train
3129262,train
3129266,train
3129278,test
3129282,train
3129286,train
3129290,test
3129310,train
3129330,train
3129334,train
3129346,test
3129358,train
3129370,train
3129378,train
3129382,train
3129386,train
3129410,train
3129422,train
3129426,train
3129430,train
3129434,train
3129438,train
3129442,train
3129454,train
3129458,train
3129462,train
3129470,train
3129474,train
3129478,test
3129482,test
3129498,train
3129502,test
3129510,test
3129518,train
3129522,train
3129526,train
3129538,train
3129542,train
3129550,train
3129562,train
3129570,train
3129574,test
3129586,train
3129594,test
3129606,train
3129610,train
3129614,train
3129622,test
3129626,train
3129630,train
3129642,train
3129646,train
3129650,test
3129654,train
3129678,train
3129682,train
3129690,test
3129698,train
3129702,test
3129710,train
3129714,train
3129722,train
3129726,train
3129730,train
3129734,train
3129738,train
3129742,train
3129746,train
3129758,train
3129762,train
3129766,train
3129770,test
3129778,train
3129786,train
3129798,test
3129802,train
3129806,train
3129838,test
3129850,test
3129854,train
3129862,train
3129866,train
3129874,train
3129878,train
3129882,train
3129886,train
3129898,train
3129906,test
3129926,train
3129934,train
3129942,test
3129946,train
3129958,train
3129970,train
3129974,train
3129982,train
3129986,train
3129994,test
3129998,train
3130014,train
3130018,train
3130022,test
3130026,train
3130030,train
3130034,train
3130046,train
3130054,train
3130062,train
3130066,train
3130074,train
3130078,train
3130082,train
3130086,test
3130090,train
3130094,train
3130102,train
3130110,train
3130114,train
3130126,train
3130130,test
3130134,train
3130138,train
3130142,train
3130146,train
3130150,test
3130166,train
3130170,train
3130174,test
3130178,train
3130186,train
3130194,train
3130202,train
3130206,test
3130218,train
3130226,train
3130230,train
3130234,train
3130242,train
3130254,test
3130258,train
3130266,train
3130274,test
3130286,test
3130290,train
3130294,train
3130302,train
3130306,train
3130310,train
3130318,train
3130322,train
3130334,train
3130342,train
3130346,train
3130358,train
3130362,test
3130370,train
3130374,train
3130378,test
3130390,train
3130394,train
3130398,train
3130402,test
3130410,train
3130414,test
3130418,test
3130422,train
3130426,train
3130434,train
3130438,train
3130442,train
3130458,test
3130462,train
3130466,test
3130478,train
3130482,train
3130486,train
3130490,train
3130502,train
3130506,test
3130510,train
3130514,train
3130518,train
3130530,test
3130534,train
3130542,train
3130558,train
3130562,train
3130574,train
3130590,train
3130606,train
3130610,train
3130622,train
3130630,train
3130634,train
3130658,train
3130670,train
3130674,train
3130678,train
3130682,train
3130698,train
3130706,train
3130710,train
3130718,train
3130726,train
3130734,train
3130746,test
3130750,train
3130758,train
3130762,train
3130770,train
3130774,train
3130778,train
3130786,train
3130790,test
3130794,train
3130798,train
3130806,train
3130810,train
3130818,train
3130830,train
3130834,train
3130858,train
3130874,train
3130878,test
3130886,train
3130898,train
3130902,train
3130906,train
3130910,test
3130926,train
3130930,train
3130938,train
3130946,train
3130950,train
3130954,test
3130966,train
3130978,train
3130986,test
3130990,train
3130994,test
3131018,train
3131022,test
3131030,train
3131034,train
3131038,train
3131054,train
3131058,train
3131062,train
3131066,train
3131074,train
3131082,train
3131090,train
3131098,train
3131102,train
3131106,train
3131110,train
3131114,train
3131118,train
3131122,train
3131126,train
3131130,train
3131142,test
3131162,train
3131166,test
3131170,test
3131174,train
3131178,train
3131182,train
3131186,train
3131202,train
3131206,train
3131210,train
3131222,train
3131238,train
3131242,train
3131250,train
3131254,train
3131258,train
3131262,train
3131274,train
3131278,train
3131282,train
3131290,train
3131294,test
3131298,train
3131306,train
3131310,train
3131314,test
3131318,train
3131338,train
3131342,train
3131346,train
3131354,train
3131362,train
3131370,train
3131374,train
3131378,train
3131386,train
3131394,train
3131398,test
3131410,train
3131422,test
3131430,train
3131438,train
3131450,train
3131462,train
3131466,train
3131474,train
3131478,test
3131482,train
3131486,train
3131490,train
3131498,train
3131514,test
3131534,train
3131542,test
3131546,train
3131550,train
3131554,train
3131558,train
3131562,train
3131566,train
3131578,train
3131586,train
3131590,train
3131598,train
3131606,train
3131618,test
3131626,test
3131638,train
3131646,train
3131650,train
3131658,train
3131666,train
3131674,train
3131678,train
3131690,train
3131698,train
3131702,train
3131706,test
3131710,train
3131726,train
3131734,test
3131738,train
3131742,train
3131754,test
3131766,test
3131770,test
3131782,test
3131786,train
3131802,train
3131810,train
3131814,train
3131822,train
3131826,test
3131834,train
3131838,train
3131842,test
3131850,test
3131854,train
3131858,train
3131866,train
3131874,train
3131882,train
3131886,test
3131890,train
3131906,train
3131914,train
3131918,train
3131922,train
3131926,train
3131934,test
3131938,train
3131942,test
3131966,test
3131978,test
3132006,train
3132010,train
3132018,train
3132026,train
3132030,train
3132038,train
3132046,train
3132058,train
3132062,train
3132066,train
3132074,train
3132090,train
3132098,train
3132106,train
3132118,train
3132122,train
3132130,test
3132134,train
3132146,train
3132150,test
3132154,train
3132162,train
3132166,test
3132174,train
3132178,test
3132190,train
3132198,train
3132206,test
3132210,train
3132214,train
3132218,train
3132222,train
3132230,train
3132234,train
3132238,train
3132246,test
3132254,test
3132266,train
3132270,train
3132278,train
3132282,train
3132294,test
3132306,train
3132310,train
3132318,train
3132322,test
3132330,train
3132334,train
3132346,train
3132350,train
3132374,test
3132390,train
3132394,train
3132398,train
3132402,train
3132430,train
3132434,train
3132450,test
3132454,train
3132458,train
3132462,train
3132466,train
3132474,train
3132482,test
3132486,test
3132498,train
3132506,train
3132514,train
3132522,train
3132534,train
3132538,train
3132542,train
3132550,train
3132558,train
3132570,test
3132574,train
3132582,train
3132586,test
3132590,train
3132598,train
3132618,train
3132626,train
3132630,train
3132642,train
3132658,train
3132662,train
3132674,test
3132682,test
3132686,test
3132694,train
3132698,train
3132702,train
3132706,train
3132718,train
3132722,train
3132734,train
3132742,train
3132750,train
3132754,train
3132770,train
3132774,train
3132778,train
3132782,train
3132798,train
3132802,train
3132810,train
3132814,train
3132826,train
3132830,train
3132834,train
3132838,train
3132846,train
3132850,test
3132858,train
3132862,train
3132870,train
3132874,test
3132902,train
3132910,train
3132914,train
3132934,train
3132946,train
3132950,train
3132954,train
3132970,train
3132978,train
3132982,test
3132990,train
3132994,train
3132998,test
3133010,train
3133022,train
3133026,train
3133030,test
3133034,train
3133054,train
3133074,train
3133086,train
3133102,train
3133106,train
3133130,train
3133134,train
3133138,train
3133170,train
3133182,train
3133190,train
3133194,train
3133198,test
3133202,train
3133206,train
3133210,train
3133218,train
3133222,train
3133230,train
3133234,train
3133238,train
3133242,train
3133246,train
3133254,train
3133258,train
3133266,test
3133270,train
3133274,train
3133278,train
3133286,train
3133290,train
3133298,train
3133306,train
3133318,train
3133322,train
3133338,train
3133350,train
3133354,train
3133370,train
3133378,train
3133386,test
3133390,train
3133394,train
3133398,train
3133414,test
3133418,test
3133422,train
3133442,train
3133446,train
3133450,train
3133458,train
3133466,train
3133470,train
3133478,train
3133482,train
3133490,train
3133494,test
3133510,test
3133522,train
3133542,train
3133550,test
3133558,train
3133562,train
3133570,train
3133582,test
3133590,train
3133594,train
3133598,train
3133606,test
3133610,train
3133626,train
3133638,train
3133642,test
3133654,train
3133658,train
3133666,train
3133674,train
3133678,train
3133682,train
3133694,train
3133698,train
3133702,train
3133710,train
3133718,test
3133722,train
3133730,train
3133734,train
3133766,train
3133770,train
3133790,train
3133798,train
3133802,test
3133806,train
3133810,train
3133814,train
3133826,train
3133830,train
3133834,train
3133842,train
3133846,train
3133854,train
3133858,test
3133870,train
3133886,train
3133918,train
3133926,test
3133934,train
3133938,test
3133946,train
3133950,train
3133958,train
3133962,test
3133966,test
3133978,train
3133986,test
3134014,train
3134034,train
3134050,test
3134054,train
3134070,train
3134074,train
3134094,test
3134106,test
3134114,train
3134118,train
3134130,test
3134134,train
3134138,train
3134142,train
3134154,train
3134162,test
3134174,train
3134186,train
3134194,test
3134218,train
3134222,train
3134226,train
3134230,test
3134234,train
3134238,train
3134246,train
3134258,train
3134262,train
3134266,train
3134270,train
3134278,train
3134290,train
3134294,train
3134298,train
3134306,train
3134310,train
3134314,test
3134318,test
3134322,test
3134326,train
3134330,train
3134334,train
3134338,test
3134342,train
3134346,train
3134358,test
3134362,test
3134370,test
3134386,train
3134406,train
3134446,train
3134450,train
3134462,test
3134466,train
3134490,test
3134494,train
3134502,train
3134506,train
3134510,test
3134514,train
3134522,train
3134530,train
3134542,test
3134550,train
3134562,train
3134566,train
3134570,train
3134586,train
3134590,train
3134598,train
3134606,train
3134618,test
3134622,train
3134630,test
3134634,train
3134646,test
3134654,train
3134658,train
3134666,train
3134670,train
3134686,train
3134694,test
3134698,train
3134718,train
3134722,test
3134734,train
3134738,test
3134742,train
3134778,train
3134782,train
3134794,test
3134810,train
3134814,train
3134826,test
3134830,train
3134834,train
3134842,train
3134846,train
3134854,train
3134858,test
3134866,train
3134870,test
3134874,test
3134878,train
3134882,train
3134886,train
3134898,train
3134910,train
3134914,train
3134922,train
3134926,train
3134934,train
3134938,train
3134946,train
3134950,test
3134958,train
3134962,train
3134966,train
3134970,train
3134978,train
3134982,train
3134994,test
3135002,test
3135006,train
3135010,train
3135014,train
3135026,train
3135034,train
3135042,test
3135050,test
3135058,train
3135062,train
3135078,train
3135082,train
3135090,train
3135094,train
3135098,train
3135102,train
3135106,train
3135110,test
3135118,train
3135122,test
3135126,test
3135130,train
3135134,train
3135142,test
3135146,train
3135166,train
3135182,test
3135186,train
3135190,train
3135198,train
3135210,train
3135214,test
3135218,test
3135222,train
3135230,train
3135234,train
3135238,train
3135242,train
3135254,train
3135262,train
3135266,train
3135274,train
3135278,train
3135302,test
3135306,train
3135310,test
3135314,test
3135322,train
3135326,train
3135330,train
3135342,test
3135346,train
3135350,train
3135354,train
3135358,train
3135366,train
3135374,train
3135394,train
3135406,train
3135410,train
3135434,test
3135446,test
3135454,train
3135458,train
3135466,test
3135474,train
3135482,train
3135490,train
3135506,train
3135514,train
3135522,train
3135546,train
3135550,train
3135554,train
3135558,test
3135578,train
3135594,train
3135598,train
3135610,train
3135614,train
3135622,train
3135626,train
3135638,train
3135642,test
3135654,train
3135658,train
3135666,test
3135670,train
3135682,train
3135690,train
3135694,train
3135698,test
3135706,train
3135710,train
3135714,train
3135722,train
3135730,train
3135742,train
3135746,train
3135750,train
3135754,train
3135758,train
3135762,train
3135782,train
3135786,train
3135790,train
3135798,train
3135806,test
3135810,test
3135814,train
3135818,train
3135830,train
3135834,train
3135842,test
3135846,train
3135854,train
3135858,train
3135862,train
3135866,train
3135874,train
3135878,test
3135886,train
3135902,test
3135906,test
3135914,test
3135922,train
3135926,train
3135930,train
3135942,train
3135946,train
3135950,train
3135954,train
3135958,train
3135962,train
3135966,test
3135974,test
3135978,train
3135994,train
3136002,train
3136006,train
3136014,train
3136018,train
3136022,train
3136026,train
3136046,train
3136058,train
3136074,train
3136090,test
3136094,train
3136114,train
3136118,train
3136130,train
3136134,train
3136138,train
3136142,train
3136154,test
3136158,train
3136162,train
3136166,train
3136170,train
3136182,train
3136186,train
3136190,train
3136194,train
3136214,train
3136222,train
3136230,train
3136234,train
3136242,test
3136246,train
3136254,test
3136258,train
3136274,train
3136278,train
3136286,train
3136290,train
3136306,train
3136314,train
3136322,train
3136326,test
3136334,train
3136338,test
3136342,train
3136358,train
3136366,train
3136370,train
3136374,test
3136378,train
3136382,train
3136386,train
3136390,test
3136398,train
3136406,train
3136410,train
3136414,train
3136418,test
3136422,train
3136434,train
3136442,train
3136446,test
3136458,train
3136486,train
3136502,train
3136506,train
3136514,test
3136530,test
3136534,train
3136542,test
3136546,train
3136550,train
3136554,test
3136558,train
3136562,train
3136566,train
3136570,train
3136582,train
3136586,test
3136610,train
3136614,train
3136622,train
3136630,train
3136642,train
3136646,train
3136662,train
3136670,train
3136682,train
3136690,train
3136698,test
3136702,train
3136706,train
3136714,train
3136730,test
3136734,train
3136738,train
3136746,train
3136750,train
3136754,train
3136758,train
3136774,train
3136786,test
3136790,test
3136802,train
3136826,train
3136830,train
3136834,train
3136858,test
3136866,train
3136874,train
3136878,train
3136886,test
3136890,train
3136898,train
3136902,train
3136914,test
3136918,train
3136922,train
3136930,test
3136934,train
3136942,test
3136946,train
3136950,train
3136962,test
3136966,train
3136982,train
3136994,train
3137002,train
3137010,train
3137014,train
3137034,train
3137038,train
3137042,train
3137050,train
3137054,train
3137058,train
3137066,train
3137070,train
3137082,train
3137086,train
3137090,train
3137102,train
3137106,train
3137110,train
3137118,train
3137122,train
3137146,train
3137162,train
3137170,test
3137182,train
3137190,test
3137210,train
3137222,test
3137234,train
3137238,train
3137254,train
3137266,test
3137286,train
3137306,train
3137310,train
3137314,train
3137322,train
3137326,train
3137330,train
3137334,train
3137338,train
3137354,train
3137358,train
3137366,train
3137370,test
3137374,train
3137386,train
3137394,test
3137398,train
3137410,train
3137418,train
3137422,train
3137430,test
3137438,train
3137446,train
3137450,train
3137454,train
3137458,train
3137462,train
3137466,train
3137470,train
3137474,test
3137482,train
3137486,test
3137494,train
3137498,train
3137522,train
3137526,train
3137530,test
3137534,train
3137542,train
3137546,train
3137550,train
3137562,train
3137570,train
3137574,test
3137578,train
3137582,train
3137590,train
3137602,train
3137606,test
3137610,test
3137622,test
3137626,test
3137630,train
3137638,train
3137642,train
3137646,test
3137658,test
3137666,train
3137670,train
3137674,train
3137686,train
3137690,train
3137702,test
3137714,train
3137718,train
3137722,train
3137738,train
3137750,train
3137754,train
3137762,train
3137770,train
3137774,train
3137778,test
3137802,test
3137806,train
3137810,test
3137814,train
3137818,train
3137822,train
3137834,train
3137838,train
3137842,test
3137850,train
3137858,train
3137866,train
3137870,test
3137874,train
3137882,test
3137886,test
3137890,test
3137894,test
3137902,train
3137906,train
3137914,train
3137918,train
3137922,train
3137926,test
3137934,train
3137942,test
3137954,train
3137970,train
3137982,train
3137990,train
3137994,train
3137998,train
3138002,test
3138006,test
3138014,train
3138018,test
3138022,train
3138042,train
3138046,train
3138050,train
3138062,train
3138074,train
3138082,train
3138086,test
3138102,train
3138114,train
3138118,test
3138122,test
3138130,train
3138134,train
3138142,train
3138146,train
3138150,train
3138166,train
3138178,train
3138182,train
3138194,train
3138198,test
3138214,train
3138218,train
3138222,train
3138230,train
3138238,train
3138242,train
3138254,train
3138266,train
3138274,train
3138290,train
3138294,train
3138298,train
3138302,test
3138318,test
3138330,train
3138334,train
3138350,train
3138354,test
3138358,train
3138366,train
3138370,train
3138378,train
3138390,train
3138394,train
3138398,train
3138402,train
3138406,train
3138410,train
3138434,train
3138446,train
3138450,train
3138470,train
3138478,train
3138490,train
3138494,train
3138514,train
3138518,train
3138522,train
3138530,test
3138534,train
3138538,train
3138550,train
3138554,train
3138562,train
3138574,train
3138578,train
3138582,test
3138618,train
3138626,train
3138630,train
3138642,train
3138646,train
3138650,train
3138658,train
3138662,train
3138666,train
3138670,train
3138674,train
3138678,train
3138682,train
3138686,train
3138694,train
3138714,train
3138718,train
3138746,train
3138750,train
3138758,train
3138766,train
3138774,train
3138782,train
3138786,train
3138798,train
3138806,train
3138810,train
3138818,train
3138826,train
3138834,train
3138854,test
3138862,train
3138870,train
3138886,train
3138890,train
3138906,test
3138910,test
3138914,train
3138918,train
3138930,train
3138934,test
3138942,train
3138946,train
3138950,test
3138954,train
3138958,train
3138962,train
3138970,train
3138974,train
3138982,train
3138986,test
3138990,train
3138994,train
3138998,train
3139002,train
3139006,test
3139014,test
3139018,train
3139022,test
3139026,train
3139066,train
3139078,test
3139082,train
3139094,train
3139102,train
3139106,test
3139122,train
3139130,test
3139134,train
3139142,train
3139150,test
3139154,train
3139158,train
3139162,train
3139166,train
3139170,train
3139178,train
3139190,train
3139214,test
3139222,train
3139226,test
3139230,train
3139234,test
3139238,train
3139242,train
3139250,train
3139254,train
3139262,test
3139270,train
3139290,train
3139298,test
3139350,train
3139358,train
3139362,test
3139370,train
3139386,train
3139390,train
3139398,train
3139406,train
3139410,train
3139422,train
3139426,train
3139430,train
3139434,train
3139450,train
3139470,test
3139474,train
3139482,train
3139490,train
3139498,train
3139506,train
3139526,test
3139530,train
3139534,train
3139542,train
3139546,train
3139566,train
3139570,train
3139574,train
3139590,train
3139594,train
3139598,train
3139614,test
3139618,train
3139622,test
3139626,train
3139630,train
3139634,train
3139646,test
3139650,train
3139654,train
3139682,train
3139686,train
3139702,test
3139706,train
3139710,train
3139722,train
3139726,train
3139738,train
3139754,train
3139762,train
3139766,test
3139770,train
3139786,test
3139790,train
3139794,train
3139810,train
3139830,test
3139834,train
3139842,train
3139846,train
3139850,train
3139854,train
3139858,train
3139866,train
3139870,train
3139874,train
3139882,train
3139894,train
3139898,train
3139906,train
3139918,test
3139930,train
3139934,train
3139938,test
3139954,test
3139958,test
3139966,train
3139978,test
3139994,train
3139998,train
3140006,train
3140010,train
3140018,train
3140022,test
3140026,test
3140030,train
3140034,train
3140038,test
3140046,test
3140050,train
3140054,train
3140070,train
3140074,train
3140082,train
3140090,train
3140094,test
3140098,test
3140102,train
3140106,test
3140114,train
3140118,test
3140122,train
3140130,test
3140134,train
3140138,train
3140154,train
3140158,train
3140162,train
3140178,train
3140182,train
3140194,test
3140202,test
3140206,train
3140210,train
3140218,test
3140222,train
3140242,train
3140246,train
3140250,train
3140254,test
3140266,test
3140270,train
3140282,train
3140290,train
3140302,test
3140306,train
3140310,train
3140314,test
3140318,train
3140334,train
3140342,train
3140362,train
3140370,train
3140374,test
3140382,train
3140402,train
3140406,train
3140410,train
3140414,train
3140426,test
3140434,train
3140438,train
3140450,train
3140478,train
3140482,train
3140486,train
3140498,train
3140502,train
3140514,train
3140518,train
3140522,train
3140546,train
3140554,train
3140558,train
3140562,train
3140566,train
3140570,train
3140578,train
3140582,train
3140586,test
3140594,train
3140598,train
3140602,train
3140606,train
3140610,train
3140618,test
3140622,test
3140626,train
3140630,test
3140642,train
3140658,test
3140670,train
3140674,test
3140678,train
3140690,test
3140714,train
3140722,train
3140726,train
3140734,train
3140746,train
3140750,train
3140762,train
3140766,train
3140774,train
3140782,train
3140786,train
3140794,train
3140798,train
3140814,train
3140822,train
3140826,test
3140830,train
3140834,train
3140842,train
3140854,train
3140858,train
3140866,train
3140870,train
3140882,train
3140898,train
3140902,test
3140910,test
3140918,test
3140934,train
3140962,test
3140966,test
3140978,train
3140986,test
3140994,train
3140998,train
3141010,train
3141018,train
3141022,test
3141034,train
3141042,train
3141046,train
3141050,test
3141054,train
3141058,test
3141062,train
3141082,train
3141086,test
3141090,train
3141098,train
3141106,train
3141114,train
3141126,train
3141146,train
3141150,test
3141154,train
3141158,train
3141166,test
3141170,train
3141178,train
3141186,test
3141190,train
3141202,train
3141218,train
3141238,train
3141246,train
3141250,test
3141254,train
3141262,train
3141266,train
3141270,test
3141274,train
3141278,train
3141282,train
3141294,train
3141298,train
3141302,train
3141310,train
3141314,train
3141322,train
3141326,train
3141334,train
3141354,train
3141366,train
3141374,train
3141382,train
3141390,train
3141398,train
3141406,train
3141410,train
3141414,train
3141442,train
3141462,train
3141470,train
3141478,train
3141486,train
3141490,train
3141494,train
3141498,train
3141502,train
3141506,train
3141510,train
3141522,train
3141526,train
3141534,test
3141542,train
3141550,train
3141562,train
3141570,train
3141574,train
3141578,train
3141586,train
3141590,train
3141598,train
3141610,test
3141626,train
3141634,test
3141674,train
3141678,train
3141682,train
3141686,train
3141698,train
3141702,train
3141706,train
3141722,test
3141738,test
3141754,train
3141758,test
3141770,test
3141774,test
3141778,train
3141786,train
3141798,train
3141826,train
3141834,test
3141838,train
3141842,train
3141846,train
3141854,test
3141858,train
3141870,train
3141874,train
3141886,test
3141890,train
3141894,train
3141910,train
3141914,train
3141918,train
3141922,train
3141930,train
3141934,train
3141938,train
3141942,train
3141946,train
3141950,train
3141966,train
3141970,train
3141974,train
3141986,train
3141990,train
3141998,train
3142010,train
3142018,train
3142042,train
3142058,train
3142066,train
3142074,train
3142094,train
3142102,train
3142126,test
3142130,test
3142138,test
3142146,train
3142150,test
3142154,test
3142162,train
3142166,test
3142186,train
3142194,train
3142198,train
3142206,train
3142210,train
3142218,test
3142222,train
3142226,train
3142246,train
3142250,train
3142262,train
3142270,train
3142282,train
3142286,train
3142290,train
3142294,train
3142298,train
3142306,test
3142314,test
3142322,train
3142330,test
3142338,test
3142342,train
3142346,train
3142350,train
3142358,train
3142362,train
3142366,train
3142374,train
3142382,test
3142386,test
3142390,train
3142394,train
3142406,train
3142410,train
3142422,train
3142430,train
3142438,train
3142450,train
3142478,train
3142490,train
3142494,train
3142502,train
3142510,test
3142518,train
3142526,test
3142538,test
3142542,train
3142546,train
3142554,train
3142562,train
3142570,train
3142574,test
3142578,train
3142586,train
3142594,train
3142598,train
3142602,train
3142614,train
3142618,train
3142622,train
3142626,train
3142634,train
3142638,train
3142646,train
3142650,train
3142654,train
3142662,train
3142670,train
3142674,test
3142678,train
3142686,test
3142690,train
3142702,train
3142706,test
3142710,train
3142714,train
3142726,train
3142730,train
3142738,test
3142746,train
3142762,train
3142766,train
3142778,train
3142786,train
3142790,train
3142794,train
3142802,train
3142818,train
3142822,train
3142826,train
3142830,train
3142834,train
3142838,train
3142846,test
3142854,train
3142862,test
3142866,train
3142870,train
3142878,train
3142886,test
3142890,train
3142902,train
3142914,train
3142918,train
3142930,train
3142934,train
3142938,train
3142942,train
3142946,train
3142954,train
3142958,train
3142978,train
3142994,train
3142998,train
3143002,train
3143006,test
3143018,train
3143026,train
3143038,train
3143042,train
3143046,train
3143074,train
3143078,train
3143090,train
3143102,test
3143106,train
3143110,test
3143114,test
3143118,train
3143134,train
3143138,test
3143142,test
3143146,train
3143158,train
3143166,test
3143182,train
3143198,train
3143206,train
3143210,test
3143214,train
3143218,train
3143226,train
3143230,train
3143234,train
3143250,train
3143254,train
3143258,train
3143266,train
3143270,train
3143290,test
3143294,test
3143306,test
3143330,test
3143334,test
3143338,train
3143350,train
3143362,train
3143366,train
3143370,train
3143386,train
3143390,train
3143406,train
3143410,train
3143418,train
3143422,train
3143426,train
3143434,train
3143446,train
3143450,train
3143454,train
3143458,train
3143462,train
3143474,train
3143478,train
3143482,train
3143486,train
3143498,train
3143502,test
3143506,train
3143514,test
3143530,train
3143534,train
3143538,test
3143546,train
3143554,train
3143562,test
3143566,train
3143578,test
3143582,train
3143598,test
3143606,train
3143610,train
3143622,test
3143630,train
3143634,train
3143642,train
3143646,train
3143658,train
3143662,train
3143678,train
3143686,test
3143694,test
3143710,train
3143714,train
3143726,test
3143730,test
3143734,test
3143754,train
3143758,train
3143766,test
3143770,train
3143774,test
3143778,train
3143782,train
3143786,train
3143794,train
3143806,test
3143814,test
3143822,train
3143830,test
3143842,train
3143846,train
3143854,train
3143862,train
3143866,train
3143870,train
3143878,train
3143882,train
3143886,train
3143890,train
3143898,test
3143910,train
3143914,train
3143918,train
3143922,train
3143930,train
3143934,test
3143938,train
3143942,train
3143954,train
3143958,train
3143962,test
3143974,train
3143982,train
3143990,test
3143994,test
3143998,train
3144002,train
3144006,train
3144014,test
3144026,test
3144030,train
3144038,train
3144054,train
3144066,train
3144070,train
3144086,train
3144090,train
3144098,train
3144102,train
3144126,train
3144130,train
3144134,train
3144138,train
3144150,train
3144154,train
3144158,train
3144170,train
3144174,train
3144178,train
3144194,train
3144198,train
3144218,test
3144222,train
3144230,test
3144238,train
3144242,train
3144246,train
3144250,train
3144254,test
3144258,test
3144274,train
3144282,train
3144290,train
3144294,train
3144302,train
3144306,test
3144310,test
3144318,train
3144326,train
3144338,train
3144346,train
3144350,train
3144354,train
3144358,train
3144366,test
3144374,train
3144382,test
3144398,test
3144406,train
3144418,train
3144422,test
3144426,train
3144434,train
3144438,train
3144454,test
3144462,train
3144470,test
3144478,train
3144482,train
3144486,train
3144502,train
3144506,train
3144510,train
3144514,test
3144518,train
3144522,train
3144526,train
3144534,train
3144546,train
3144554,train
3144558,test
3144574,train
3144578,train
3144586,test
3144610,train
3144614,train
3144618,test
3144626,train
3144642,train
3144658,train
3144666,test
3144674,train
3144682,test
3144694,train
3144702,train
3144706,test
3144710,train
3144714,train
3144718,train
3144734,test
3144738,train
3144750,train
3144758,train
3144770,train
3144790,train
3144798,train
3144806,train
3144814,train
3144830,train
3144838,train
3144850,train
3144854,train
3144866,train
3144890,test
3144902,train
3144906,test
3144910,train
3144926,train
3144934,train
3144946,train
3144954,train
3144962,train
3144970,train
3144978,train
3144982,train
3144986,test
3145010,test
3145014,train
3145018,test
3145030,train
3145034,train
3145042,train
3145062,train
3145066,test
3145070,test
3145074,train
3145078,train
3145086,test
3145090,test
3145098,train
3145106,train
3145114,train
3145126,train
3145130,test
3145138,train
3145146,train
3145154,train
3145158,train
3145162,train
3145166,train
3145170,train
3145178,train
3145182,train
3145190,test
3145214,train
3145238,test
3145242,train
3145246,train
3145250,train
3145254,train
3145262,train
3145266,test
3145270,test
3145274,train
3145278,train
3145286,train
3145306,train
3145318,train
3145322,train
3145326,train
3145330,train
3145342,test
3145354,test
3145362,train
3145366,train
3145370,train
3145374,train
3145378,train
3145406,train
3145414,train
3145418,train
3145422,train
3145430,train
3145438,test
3145450,train
3145466,test
3145474,test
3145478,train
3145498,test
3145502,train
3145506,test
3145510,train
3145518,test
3145526,train
3145538,train
3145542,train
3145546,train
3145550,test
3145558,train
3145562,train
3145582,train
3145586,train
3145594,train
3145598,train
3145610,train
3145614,train
3145626,train
3145630,train
3145634,test
3145638,train
3145642,train
3145650,train
3145654,train
3145658,train
3145662,train
3145666,train
3145674,train
3145686,test
3145702,test
3145714,train
3145722,train
3145726,train
3145754,train
3145770,train
3145782,train
3145786,train
3145790,train
3145794,train
3145806,train
3145810,train
3145814,train
3145822,train
3145834,train
3145862,train
3145874,test
3145882,train
3145894,train
3145902,train
3145910,test
3145914,train
3145918,train
3145926,train
3145930,train
3145934,train
3145938,train
3145942,test
3145946,train
3145950,train
3145958,train
3145982,train
3145986,train
3145990,train
3145994,test
3146006,train
3146010,train
3146014,train
3146018,train
3146026,train
3146034,train
3146038,train
3146046,test
3146062,test
3146070,train
3146074,train
3146086,train
3146090,train
3146094,train
3146098,test
3146102,test
3146114,train
3146126,train
3146134,train
3146142,test
3146146,train
3146150,train
3146158,test
3146162,train
3146166,train
3146170,test
3146174,train
3146186,train
3146194,test
3146198,test
3146202,train
3146206,train
3146210,train
3146214,train
3146226,train
3146234,train
3146238,train
3146242,test
3146246,test
3146254,train
3146266,test
3146270,test
3146278,test
3146286,test
3146290,train
3146298,train
3146302,train
3146310,train
3146314,train
3146318,train
3146326,train
3146334,train
3146342,train
3146346,train
3146362,train
3146366,train
3146378,train
3146386,train
3146390,train
3146394,train
3146398,test
3146406,train
3146410,train
3146418,test
3146422,test
3146438,train
3146454,train
3146478,train
3146482,train
3146486,train
3146494,train
3146506,train
3146514,train
3146518,train
3146526,train
3146530,train
3146538,test
3146542,test
3146546,train
3146550,train
3146562,train
3146566,train
3146574,train
3146578,train
3146586,test
3146594,train
3146598,train
3146602,train
3146606,train
3146610,test
3146614,train
3146618,train
3146622,train
3146626,train
3146630,train
3146634,train
3146638,train
3146650,train
3146654,test
3146682,test
3146686,train
3146698,train
3146706,test
3146710,train
3146714,test
3146718,train
3146722,train
3146734,test
3146746,train
3146750,test
3146754,test
3146770,train
3146782,train
3146786,test
3146822,train
3146826,train
3146830,test
3146842,train
3146866,test
3146870,test
3146878,train
3146882,train
3146898,train
3146906,train
3146922,test
3146934,train
3146942,train
3146950,train
3146958,train
3146962,train
3146970,train
3146974,train
3146978,train
3146982,train
3146986,train
3146990,train
3146998,train
3147002,test
3147010,train
3147022,train
3147026,train
3147030,test
3147034,train
3147038,train
3147050,train
3147058,train
3147062,train
3147070,test
3147078,test
3147082,train
3147090,train
3147094,train
3147102,train
3147106,train
3147114,train
3147122,train
3147126,train
3147138,train
3147142,train
3147146,train
3147166,train
3147170,train
3147178,train
3147186,train
3147194,test
3147198,train
3147226,train
3147230,test
3147234,train
3147238,train
3147242,train
3147246,train
3147270,train
3147274,test
3147278,train
3147286,test
3147302,test
3147310,train
3147326,train
3147330,test
3147334,train
3147342,train
3147346,train
3147350,test
3147354,train
3147358,train
3147362,test
3147366,train
3147374,test
3147382,train
3147406,train
3147414,train
3147418,train
3147426,train
3147450,train
3147466,train
3147470,test
3147474,train
3147478,train
3147482,train
3147494,train
3147498,train
3147502,train
3147506,train
3147518,train
3147526,train
3147542,train
3147546,train
3147558,train
3147570,train
3147574,train
3147586,test
3147590,train
3147594,train
3147618,train
3147622,test
3147630,train
3147646,train
3147650,train
3147658,train
3147666,train
3147678,test
3147694,train
3147702,train
3147706,test
3147722,train
3147730,train
3147734,train
3147742,train
3147746,train
3147750,train
3147754,train
3147758,train
3147766,train
3147770,test
3147782,train
3147798,train
3147802,train
3147810,test
3147814,train
3147822,train
3147834,train
3147838,train
3147846,train
3147850,train
3147858,train
3147866,train
3147870,train
3147874,test
3147878,train
3147890,train
3147894,test
3147898,train
3147902,train
3147910,train
3147914,train
3147922,train
3147926,test
3147934,test
3147942,train
3147958,train
3147962,train
3147978,test
3147986,train
3147990,train
3147994,test
3148002,train
3148018,train
3148022,train
3148026,train
3148034,test
3148038,train
3148046,test
3148050,train
3148062,test
3148066,train
3148070,train
3148078,train
3148090,train
3148094,train
3148102,train
3148122,train
3148126,test
3148130,test
3148134,train
3148142,test
3148158,train
3148170,train
3148174,train
3148182,train
3148186,train
3148202,train
3148206,test
3148214,test
3148218,train
3148226,train
3148230,train
3148234,train
3148258,train
3148262,train
3148270,test
3148274,train
3148278,train
3148286,train
3148290,train
3148294,train
3148314,train
3148318,train
3148326,train
3148330,train
3148334,test
3148354,train
3148362,train
3148374,test
3148382,train
3148386,test
3148394,train
3148398,train
3148402,train
3148410,train
3148414,test
3148434,train
3148438,train
3148446,train
3148450,train
3148462,train
3148470,train
3148474,test
3148478,train
3148482,train
3148486,train
3148490,train
3148502,train
3148506,train
3148514,test
3148522,test
3148526,train
3148530,train
3148534,train
3148538,train
3148554,test
3148558,test
3148562,train
3148578,train
3148586,train
3148590,train
3148594,train
3148598,train
3148606,train
3148610,test
3148618,train
3148634,train
3148638,train
3148650,train
3148670,train
3148678,train
3148686,train
3148698,train
3148706,train
3148710,train
3148718,train
3148726,test
3148734,test
3148738,train
3148742,train
3148762,train
3148770,train
3148774,train
3148782,train
3148790,train
3148794,train
3148798,train
3148802,train
3148858,test
3148866,test
3148878,train
3148882,train
3148890,train
3148902,train
3148906,test
3148930,train
3148938,train
3148942,train
3148946,train
3148954,train
3148958,train
3148970,test
3148982,train
3148986,train
3148990,train
3148998,train
3149006,train
3149010,train
3149018,train
3149022,train
3149030,train
3149042,train
3149050,train
3149054,test
3149058,train
3149066,train
3149070,train
3149078,train
3149086,train
3149130,train
3149138,test
3149142,test
3149150,train
3149154,train
3149162,test
3149166,train
3149174,train
3149178,train
3149186,train
3149190,train
3149194,train
3149202,test
3149206,train
3149210,train
3149214,train
3149218,train
3149226,test
3149238,train
3149250,train
3149258,test
3149262,train
3149266,train
3149274,train
3149278,train
3149286,train
3149302,test
3149310,test
3149326,train
3149330,train
3149342,train
3149346,train
3149358,train
3149362,test
3149374,train
3149378,train
3149382,train
3149386,train
3149398,test
3149438,test
3149442,train
3149450,train
3149462,train
3149466,test
3149470,test
3149482,train
3149486,test
3149494,train
3149498,train
3149502,train
3149514,train
3149518,train
3149538,train
3149550,test
3149554,train
3149574,train
3149582,train
3149590,train
3149610,train
3149614,train
3149618,train
3149626,train
3149630,train
3149634,train
3149638,train
3149650,train
3149654,train
3149662,train
3149666,train
3149670,train
3149686,train
3149690,train
3149694,train
3149714,train
3149726,train
3149730,test
3149734,train
3149742,test
3149746,train
3149750,test
3149758,train
3149786,test
3149794,train
3149798,train
3149802,train
3149810,train
3149826,train
3149830,train
3149842,train
3149846,train
3149850,train
3149858,train
3149862,train
3149866,train
3149870,train
3149874,train
3149878,train
3149886,train
3149890,train
3149894,test
3149902,train
3149906,train
3149910,train
3149922,test
3149926,train
3149934,train
3149942,train
3149950,test
3149958,train
3149962,train
3149974,train
3149982,test
3149990,train
3149994,test
3150014,test
3150018,test
3150026,train
3150030,train
3150034,train
3150046,train
3150058,train
3150066,train
3150070,test
3150074,train
3150078,train
3150090,train
3150094,train
3150102,train
3150106,train
3150110,train
3150114,train
3150126,train
3150142,train
3150146,train
3150158,train
3150162,train
3150170,train
3150178,train
3150190,train
3150198,train
3150202,train
3150222,train
3150230,train
3150234,train
3150242,train
3150246,train
3150250,train
3150254,train
3150262,train
3150290,train
3150302,train
3150310,train
3150318,test
3150330,train
3150334,train
3150338,train
3150346,train
3150354,train
3150358,train
3150370,train
3150386,train
3150390,train
3150394,test
3150398,train
3150402,train
3150410,train
3150430,train
3150438,train
3150454,train
3150462,train
3150474,train
3150486,train
3150490,train
3150494,train
3150502,test
3150518,train
3150522,train
3150530,train
3150534,test
3150542,train
3150546,train
3150550,train
3150554,test
3150558,train
3150562,train
3150566,train
3150570,train
3150574,train
3150582,train
3150586,train
3150594,train
3150606,train
3150610,train
3150614,test
3150618,train
3150630,train
3150634,train
3150646,train
3150658,train
3150662,train
3150674,train
3150678,test
3150686,train
3150694,train
3150714,train
3150722,test
3150734,train
3150738,train
3150746,train
3150750,train
3150754,train
3150766,train
3150774,test
3150778,test
3150782,train
3150790,train
3150794,test
3150798,test
3150818,train
3150826,test
3150830,train
3150846,test
3150862,test
3150866,train
3150878,test
3150890,train
3150894,train
3150898,train
3150902,train
3150906,train
3150910,train
3150922,train
3150934,train
3150938,train
3150942,train
3150946,train
3150962,train
3150978,train
3150982,train
3150986,train
3150990,train
3150998,test
3151010,test
3151014,train
3151026,test
3151030,test
3151034,train
3151038,train
3151042,train
3151050,train
3151062,test
3151066,train
3151074,test
3151078,train
3151082,train
3151086,train
3151090,train
3151094,train
3151098,train
3151102,test
3151114,train
3151118,train
3151126,test
3151130,train
3151142,train
3151154,train
3151158,train
3151162,train
3151170,test
3151174,train
3151182,train
3151190,train
3151194,test
3151198,train
3151214,train
3151218,train
3151222,train
3151230,train
3151238,train
3151242,train
3151254,train
3151258,train
3151270,train
3151278,test
3151290,train
3151302,train
3151306,train
3151310,test
3151314,train
3151322,train
3151338,train
3151346,train
3151354,train
3151362,train
3151378,test
3151382,train
3151394,train
3151398,train
3151406,train
3151418,train
3151422,test
3151426,test
3151454,test
3151470,train
3151474,train
3151478,train
3151494,train
3151510,train
3151526,test
3151534,train
3151538,train
3151542,train
3151550,train
3151562,train
3151578,train
3151598,train
3151606,train
3151618,train
3151630,test
3151638,test
3151642,train
3151646,test
3151650,test
3151666,train
3151670,test
3151678,train
3151682,train
3151690,test
3151694,train
3151702,test
3151706,train
3151714,train
3151718,train
3151730,train
3151738,train
3151758,train
3151762,train
3151778,train
3151786,train
3151790,test
3151818,train
3151822,test
3151826,train
3151838,train
3151842,train
3151850,test
3151854,test
3151862,train
3151870,train
3151878,train
3151882,train
3151886,test
3151890,train
3151894,test
3151898,train
3151902,train
3151910,train
3151918,test
3151922,train
3151930,train
3151934,train
3151938,train
3151962,train
3151970,test
3151974,train
3151978,train
3151986,train
3151994,train
3152002,train
3152006,train
3152026,train
3152030,train
3152034,train
3152038,test
3152042,train
3152050,train
3152054,train
3152066,train
3152070,train
3152086,test
3152090,train
3152098,train
3152102,train
3152106,train
3152114,train
3152126,train
3152158,train
3152162,train
3152166,test
3152170,test
3152186,train
3152194,train
3152210,train
3152214,train
3152222,train
3152230,test
3152234,train
3152238,train
3152242,train
3152246,train
3152258,test
3152266,test
3152274,test
3152278,train
3152290,train
3152294,test
3152302,train
3152306,train
3152318,train
3152330,test
3152338,train
3152366,train
3152402,train
3152410,train
3152418,train
3152422,train
3152426,train
3152430,train
3152438,train
3152442,train
3152450,train
3152454,train
3152458,train
3152462,train
3152474,train
3152482,train
3152486,test
3152510,test
3152514,train
3152518,train
3152522,test
3152526,train
3152530,train
3152538,test
3152550,test
3152554,train
3152558,train
3152562,train
3152566,train
3152574,train
3152582,train
3152590,train
3152606,train
3152610,train
3152618,train
3152622,test
3152626,train
3152634,train
3152646,train
3152658,train
3152666,train
3152674,train
3152678,train
3152682,train
3152690,train
3152698,train
3152706,train
3152718,train
3152726,train
3152754,train
3152758,train
3152762,train
3152770,train
3152774,train
3152786,train
3152794,train
3152798,train
3152814,train
3152822,train
3152826,train
3152830,train
3152834,train
3152854,test
3152862,test
3152866,train
3152878,train
3152882,train
3152886,train
3152890,test
3152898,train
3152902,train
3152906,train
3152918,train
3152922,test
3152926,test
3152930,train
3152938,test
3152942,test
3152950,train
3152954,train
3152970,train
3152990,train
3152998,train
3153006,train
3153010,train
3153014,train
3153018,train
3153022,test
3153042,train
3153050,train
3153054,train
3153058,train
3153062,test
3153066,train
3153074,train
3153078,train
3153086,train
3153090,train
3153094,train
3153102,train
3153106,train
3153118,train
3153122,train
3153130,train
3153134,train
3153142,test
3153158,train
3153162,test
3153166,test
3153178,train
3153186,train
3153190,train
3153218,train
3153222,test
3153238,train
3153274,test
3153278,train
3153282,train
3153290,train
3153294,train
3153302,test
3153310,train
3153314,train
3153318,train
3153322,test
3153330,train
3153334,train
3153338,train
3153342,train
3153370,train
3153374,train
3153386,train
3153390,train
3153394,train
3153402,train
3153406,test
3153414,test
3153418,train
3153422,train
3153426,train
3153442,train
3153450,train
3153454,train
3153458,train
3153478,train
3153482,train
3153494,test
3153502,train
3153506,train
3153510,train
3153514,train
3153518,train
3153530,train
3153534,train
3153538,train
3153546,train
3153550,train
3153554,train
3153558,train
3153566,test
3153570,train
3153578,train
3153582,train
3153594,train
3153598,train
3153602,train
3153610,train
3153614,test
3153618,train
3153622,train
3153626,train
3153630,train
3153634,train
3153638,train
3153662,train
3153670,train
3153686,train
3153690,train
3153698,train
3153706,test
3153710,train
3153718,train
3153722,train
3153734,train
3153766,train
3153786,train
3153790,train
3153798,train
3153810,train
3153814,train
3153818,train
3153822,train
3153826,test
3153858,train
3153862,test
3153870,test
3153878,test
3153886,test
3153890,test
3153902,train
3153906,test
3153910,train
3153922,train
3153938,train
3153942,train
3153950,train
3153954,train
3153958,train
3153962,test
3153970,train
3153978,test
3153982,train
3153986,train
3154018,train
3154022,train
3154034,train
3154042,train
3154046,train
3154050,train
3154054,test
3154062,train
3154066,train
3154078,train
3154082,train
3154086,train
3154094,train
3154098,train
3154102,train
3154114,train
3154126,train
3154134,test
3154142,train
3154150,train
3154158,test
3154170,train
3154174,train
3154182,test
3154186,train
3154194,test
3154202,test
3154206,train
3154210,train
3154214,train
3154218,train
3154230,train
3154238,train
3154246,train
3154258,train
3154262,train
3154270,train
3154278,train
3154286,train
3154290,train
3154294,train
3154298,train
3154310,train
3154314,train
3154318,train
3154334,train
3154338,train
3154342,train
3154346,test
3154362,train
3154378,train
3154382,train
3154390,train
3154394,train
3154398,train
3154402,train
3154410,test
3154418,train
3154430,train
3154434,train
3154442,train
3154454,test
3154462,train
3154474,train
3154486,test
3154494,train
3154498,train
3154506,train
3154510,test
3154514,train
3154518,train
3154530,train
3154538,train
3154550,test
3154562,train
3154566,test
3154570,train
3154574,train
3154590,train
3154606,test
3154614,train
3154634,train
3154638,train
3154646,test
3154654,train
3154662,train
3154670,train
3154682,train
3154686,train
3154698,test
3154706,train
3154710,train
3154718,train
3154722,train
3154730,train
3154734,train
3154750,train
3154754,test
3154758,test
3154774,train
3154782,train
3154790,train
3154798,train
3154802,test
3154814,train
3154818,test
3154826,test
3154834,test
3154842,train
3154854,train
3154866,train
3154878,train
3154882,train
3154890,train
3154894,train
3154898,train
3154906,train
3154918,train
3154926,train
3154934,train
3154938,train
3154942,train
3154958,train
3154962,train
3154966,train
3154970,test
3154974,train
3154978,test
3154986,test
3155002,train
3155010,train
3155018,train
3155030,train
3155050,train
3155066,train
3155070,train
3155074,train
3155082,test
3155094,train
3155114,test
3155126,train
3155138,train
3155146,train
3155150,train
3155174,train
3155178,train
3155186,train
3155190,test
3155202,train
3155206,train
3155210,test
3155214,train
3155218,train
3155226,test
3155234,train
3155238,test
3155242,test
3155254,train
3155262,train
3155278,train
3155282,train
3155286,train
3155290,test
3155294,train
3155298,train
3155302,test
3155306,test
3155318,train
3155330,train
3155342,train
3155350,test
3155354,test
3155366,test
3155374,train
3155378,train
3155382,train
3155386,test
3155394,train
3155410,test
3155422,test
3155426,train
3155430,train
3155434,train
3155438,train
3155446,train
3155450,train
3155454,train
3155458,train
3155466,train
3155470,train
3155474,train
3155486,train
3155490,train
3155494,train
3155498,train
3155502,train
3155510,train
3155518,test
3155522,test
3155526,train
3155530,train
3155542,train
3155546,train
3155554,test
3155558,test
3155566,train
3155570,test
3155590,train
3155594,train
3155598,train
3155602,train
3155610,train
3155614,train
3155618,train
3155638,test
3155642,train
3155654,train
3155662,train
3155666,train
3155670,train
3155674,train
3155682,test
3155686,train
3155690,train
3155694,train
3155714,train
3155718,train
3155722,train
3155730,test
3155734,train
3155738,test
3155742,train
3155746,train
3155762,train
3155766,train
3155774,train
3155786,train
3155798,test
3155802,train
3155806,train
3155810,test
3155830,train
3155838,test
3155854,train
3155862,train
3155866,test
3155878,train
3155886,test
3155890,test
3155898,train
3155918,test
3155922,train
3155938,train
3155946,train
3155950,train
3155954,train
3155958,train
3155962,test
3155966,train
3155970,train
3155978,train
3155982,train
3155998,train
3156006,train
3156010,train
3156014,train
3156018,train
3156022,test
3156026,train
3156030,train
3156034,train
3156038,train
3156042,train
3156046,train
3156050,train
3156058,train
3156070,train
3156074,train
3156078,train
3156082,train
3156090,train
3156094,train
3156098,train
3156110,train
3156130,train
3156138,train
3156142,test
3156146,test
3156150,train
3156158,train
3156174,train
3156182,train
3156190,train
3156198,test
3156202,train
3156206,train
3156210,test
3156230,train
3156246,train
3156258,train
3156306,train
3156310,train
3156314,train
3156322,train
3156330,train
3156334,train
3156338,test
3156354,train
3156366,train
3156374,test
3156378,train
3156382,train
3156390,test
3156406,train
3156410,train
3156418,train
3156422,train
3156426,test
3156430,test
3156434,test
3156446,test
3156450,train
3156462,train
3156466,train
3156478,train
3156510,train
3156514,train
3156526,train
3156530,train
3156558,train
3156586,train
3156598,train
3156606,train
3156626,train
3156630,train
3156634,test
3156638,test
3156642,train
3156646,train
3156650,train
3156654,train
3156658,train
3156686,train
3156706,train
3156726,train
3156734,train
3156754,train
3156766,train
3156774,test
3156782,train
3156786,train
3156790,train
3156806,train
3156814,test
3156822,train
3156826,train
3156830,train
3156838,train
3156842,test
3156846,train
3156850,train
3156870,train
3156874,train
3156878,train
3156898,train
3156910,train
3156922,test
3156926,test
3156942,train
3156958,train
3156966,test
3156978,train
3156982,train
3156986,train
3157002,train
3157010,train
3157014,train
3157018,train
3157030,train
3157034,train
3157038,train
3157042,train
3157058,train
3157066,train
3157070,train
3157074,train
3157078,train
3157086,train
3157094,test
3157098,train
3157106,train
3157118,train
3157122,train
3157130,train
3157134,train
3157138,test
3157142,train
3157154,train
3157158,train
3157170,train
3157178,train
3157194,train
3157198,train
3157202,test
3157206,train
3157210,train
3157214,train
3157222,train
3157230,test
3157246,train
3157250,train
3157274,train
3157278,train
3157282,train
3157286,train
3157294,train
3157306,test
3157326,train
3157330,train
3157334,train
3157342,test
3157354,test
3157362,test
3157366,train
3157382,train
3157402,train
3157410,test
3157422,train
3157426,train
3157438,train
3157442,train
3157446,train
3157450,train
3157458,test
3157470,test
3157474,train
3157478,train
3157490,train
3157502,train
3157506,train
3157514,test
3157526,test
3157530,train
3157550,train
3157558,train
3157562,train
3157566,train
3157570,test
3157574,test
3157582,train
3157586,test
3157590,train
3157594,train
3157598,train
3157606,train
3157614,train
3157618,train
3157626,train
3157638,train
3157642,train
3157646,train
3157650,train
3157654,train
3157658,train
3157670,train
3157674,train
3157686,train
3157690,train
3157698,train
3157726,train
3157738,train
3157758,test
3157766,train
3157770,train
3157778,test
3157786,test
3157794,train
3157798,test
3157802,train
3157826,train
3157838,train
3157846,train
3157862,test
3157866,train
3157870,train
3157874,train
3157878,test
3157882,test
3157890,train
3157894,test
3157906,test
3157918,train
3157950,train
3157954,train
3157966,train
3157978,train
3157982,train
3157994,train
3157998,train
3158002,train
3158010,test
3158030,test
3158034,train
3158046,train
3158050,train
3158054,train
3158070,train
3158074,train
3158082,train
3158086,test
3158090,train
3158110,train
3158114,train
3158118,train
3158134,train
3158138,train
3158142,train
3158154,test
3158166,train
3158170,train
3158186,train
3158190,train
3158194,train
3158210,train
3158214,train
3158218,train
3158226,test
3158234,test
3158238,train
3158246,train
3158250,train
3158254,train
3158282,train
3158286,train
3158302,train
3158326,train
3158330,train
3158338,test
3158358,test
3158362,test
3158370,train
3158378,test
3158382,train
3158390,train
3158394,train
3158398,train
3158402,train
3158406,train
3158410,train
3158414,train
3158418,test
3158422,test
3158430,train
3158434,train
3158438,train
3158446,train
3158450,train
3158458,train
3158462,train
3158482,train
3158486,train
3158502,train
3158506,train
3158510,train
3158518,test
3158522,train
3158534,train
3158542,train
3158546,train
3158558,test
3158574,train
3158578,train
3158586,train
3158590,train
3158598,train
3158602,train
3158606,test
3158610,train
3158614,train
3158622,train
3158626,train
3158630,train
3158634,train
3158642,train
3158646,train
3158650,train
3158654,train
3158658,test
3158674,train
3158682,train
3158686,train
3158690,test
3158702,train
3158710,train
3158714,train
3158718,train
3158722,train
3158734,test
3158738,test
3158758,train
3158766,train
3158778,train
3158782,train
3158786,train
3158790,train
3158802,train
3158806,train
3158810,train
3158814,train
3158818,train
3158826,train
3158842,train
3158850,test
3158858,test
3158874,train
3158878,train
3158886,train
3158894,test
3158902,test
3158906,train
3158910,train
3158918,train
3158926,train
3158934,train
3158938,train
3158942,train
3158950,train
3158958,train
3158962,test
3158978,test
3158982,train
3158994,test
3158998,train
3159002,train
3159014,train
3159018,train
3159022,train
3159030,train
3159038,test
3159046,train
3159058,train
3159062,train
3159066,train
3159078,test
3159082,train
3159094,test
3159110,train
3159114,train
3159122,train
3159126,train
3159134,train
3159142,test
3159146,train
3159158,train
3159162,train
3159166,test
3159174,train
3159178,train
3159190,train
3159194,test
3159202,train
3159206,train
3159210,test
3159214,test
3159218,train
3159222,train
3159226,test
3159230,test
3159242,train
3159246,train
3159250,train
3159258,train
3159270,train
3159274,train
3159282,test
3159286,train
3159290,test
3159298,test
3159302,test
3159310,train
3159318,test
3159322,train
3159334,train
3159338,test
3159342,test
3159354,train
3159366,train
3159374,test
3159378,train
3159386,test
3159390,train
3159406,train
3159422,test
3159426,test
3159430,train
3159438,train
3159446,train
3159450,train
3159466,train
3159478,train
3159486,train
3159490,train
3159494,train
3159502,test
3159514,train
3159522,train
3159538,test
3159542,train
3159558,train
3159566,train
3159570,train
3159574,test
3159582,train
3159586,train
3159590,train
3159594,train
3159598,train
3159606,train
3159610,train
3159614,train
3159618,train
3159622,train
3159626,train
3159630,train
3159650,test
3159654,train
3159666,train
3159674,train
3159698,train
3159706,train
3159718,train
3159730,train
3159734,train
3159742,train
3159762,train
3159770,train
3159774,test
3159782,train
3159790,test
3159798,train
3159802,train
3159814,train
3159822,train
3159830,train
3159834,train
3159838,train
3159866,train
3159870,train
3159878,train
3159886,train
3159902,train
3159906,train
3159914,train
3159918,train
3159922,train
3159926,test
3159930,test
3159934,test
3159942,test
3159958,train
3159966,train
3159974,train
3159978,train
3159982,train
3159986,train
3159990,train
3159998,train
3160006,train
3160014,train
3160018,train
3160026,train
3160030,train
3160034,train
3160042,train
3160046,test
3160054,train
3160058,train
3160062,train
3160070,train
3160082,train
3160086,train
3160094,train
3160106,train
3160118,train
3160130,train
3160134,train
3160150,test
3160154,test
3160158,train
3160162,test
3160170,test
3160174,train
3160178,train
3160194,train
3160202,train
3160206,train
3160230,train
3160266,train
3160274,train
3160278,train
3160294,train
3160298,train
3160314,train
3160334,train
3160338,test
3160342,train
3160346,train
3160362,train
3160366,train
3160370,train
3160374,train
3160378,test
3160406,train
3160410,test
3160426,train
3160434,test
3160442,test
3160450,train
3160454,train
3160462,train
3160466,train
3160482,train
3160494,train
3160502,train
3160506,train
3160514,train
3160526,train
3160530,train
3160538,test
3160546,train
3160550,test
3160558,train
3160566,train
3160570,train
3160574,train
3160578,train
3160582,train
3160586,test
3160594,train
3160606,train
3160610,train
3160626,train
3160646,train
3160658,train
3160666,train
3160670,train
3160694,train
3160698,train
3160706,train
3160710,train
3160718,train
3160722,train
3160726,train
3160734,train
3160738,train
3160762,test
3160766,train
3160774,test
3160790,test
3160802,test
3160810,train
3160814,train
3160822,train
3160826,train
3160830,train
3160838,test
3160842,train
3160846,train
3160866,train
3160874,train
3160886,train
3160890,train
3160898,train
3160902,train
3160906,train
3160914,train
3160918,train
3160922,train
3160930,train
3160946,train
3160950,train
3160954,train
3160962,train
3160966,train
3160974,train
3160978,train
3160990,train
3160994,test
3160998,train
3161002,test
3161014,train
3161018,train
3161026,test
3161030,train
3161034,test
3161038,train
3161050,train
3161058,test
3161062,train
3161066,train
3161074,train
3161082,train
3161086,train
3161090,train
3161102,train
3161106,test
3161118,train
3161122,test
3161146,test
3161158,test
3161166,train
3161174,train
3161178,train
3161182,test
3161194,train
3161198,train
3161222,train
3161262,train
3161266,test
3161274,train
3161278,train
3161286,test
3161290,train
3161302,train
3161314,train
3161318,train
3161326,train
3161330,train
3161334,test
3161346,test
3161350,train
3161354,train
3161362,train
3161370,train
3161374,train
3161390,train
3161402,test
3161406,train
3161422,train
3161426,test
3161434,train
3161438,test
3161442,train
3161450,train
3161454,train
3161458,test
3161462,test
3161470,train
3161478,train
3161482,train
3161486,train
3161494,test
3161498,train
3161502,train
3161530,train
3161538,train
3161554,train
3161562,train
3161570,train
3161582,train
3161586,train
3161590,train
3161602,train
3161606,test
3161626,train
3161634,train
3161638,train
3161642,train
3161646,train
3161658,train
3161662,train
3161678,train
3161682,test
3161694,train
3161706,train
3161718,train
3161730,train
3161746,train
3161750,train
3161754,train
3161758,train
3161762,train
3161774,train
3161778,train
3161782,train
3161790,train
3161802,train
3161806,train
3161810,test
3161814,test
3161818,train
3161830,test
3161834,train
3161838,train
3161842,train
3161846,train
3161854,train
3161866,train
3161874,test
3161886,train
3161898,test
3161906,train
3161918,train
3161922,train
3161926,train
3161930,train
3161946,train
3161950,train
3161962,train
3161966,train
3161978,train
3161982,train
3161986,train
3161990,train
3161994,train
3162010,train
3162014,train
3162018,test
3162030,test
3162034,train
3162058,train
3162070,train
3162086,train
3162094,train
3162098,train
3162106,train
3162110,train
3162114,test
3162130,train
3162142,train
3162154,train
3162174,train
3162186,test
3162194,train
3162198,train
3162206,train
3162222,test
3162230,test
3162238,train
3162242,train
3162246,test
3162254,train
3162262,train
3162270,train
3162274,train
3162282,train
3162286,train
3162290,train
3162298,train
3162302,train
3162318,train
3162330,test
3162334,train
3162346,test
3162350,test
3162354,train
3162362,train
3162378,train
3162386,train
3162390,train
3162398,train
3162410,test
3162430,test
3162434,train
3162446,test
3162462,train
3162478,train
3162482,train
3162494,train
3162498,train
3162506,train
3162510,train
3162526,train
3162550,train
3162566,train
3162574,train
3162586,train
3162614,train
3162618,train
3162626,train
3162630,train
3162634,train
3162642,train
3162646,train
3162650,train
3162654,train
3162658,train
3162678,train
3162694,train
3162702,train
3162718,train
3162722,test
3162726,train
3162738,test
3162742,train
3162754,train
3162758,train
3162766,train
3162794,test
3162814,train
3162818,train
3162822,train
3162826,train
3162830,train
3162838,train
3162842,test
3162846,train
3162850,test
3162854,train
3162870,train
3162878,train
3162886,train
3162894,train
3162898,train
3162906,train
3162914,train
3162918,train
3162922,train
3162930,train
3162934,train
3162942,train
3162946,test
3162962,train
3162974,test
3162978,train
3162986,test
3162990,train
3162994,test
3163006,train
3163010,train
3163038,train
3163042,train
3163046,train
3163054,train
3163058,train
3163074,train
3163086,train
3163090,train
3163110,train
3163114,test
3163118,train
3163122,train
3163134,train
3163142,train
3163146,test
3163150,train
3163154,train
3163162,train
3163174,train
3163182,train
3163186,train
3163190,train
3163194,train
3163198,test
3163210,train
3163214,train
3163222,train
3163226,train
3163230,train
3163238,test
3163242,train
3163254,train
3163274,train
3163278,train
3163286,train
3163290,train
3163306,train
3163310,train
3163318,train
3163342,train
3163346,train
3163354,train
3163362,test
3163370,test
3163378,train
3163382,train
3163386,train
3163390,train
3163394,test
3163414,train
3163418,test
3163426,train
3163438,train
3163442,train
3163450,train
3163454,train
3163490,train
3163494,train
3163514,train
3163522,train
3163530,train
3163542,train
3163546,train
3163550,train
3163558,train
3163562,train
3163566,train
3163578,train
3163582,train
3163594,train
3163598,train
3163606,train
3163610,train
3163614,train
3163618,train
3163622,train
3163630,train
3163638,train
3163642,test
3163646,train
3163650,test
3163654,train
3163662,test
3163666,test
3163670,test
3163674,train
3163678,test
3163686,train
3163690,train
3163694,train
3163698,train
3163702,train
3163706,train
3163714,train
3163726,train
3163730,train
3163734,train
3163738,train
3163758,train
3163766,train
3163770,train
3163790,train
3163806,train
3163822,train
3163826,test
3163830,train
3163854,train
3163874,train
3163878,test
3163890,train
3163898,train
3163930,train
3163934,train
3163954,train
3163962,train
3163970,train
3163974,train
3163978,train
3163982,train
3163986,train
3163994,train
3163998,train
3164006,train
3164014,train
3164018,train
3164042,train
3164050,train
3164070,train
3164074,train
3164094,train
3164102,train
3164106,train
3164114,train
3164122,train
3164134,train
3164142,train
3164150,train
3164154,train
3164166,train
3164170,train
3164174,train
3164182,train
3164186,test
3164190,train
3164194,test
3164202,train
3164210,train
3164214,train
3164230,train
3164246,train
3164250,train
3164254,train
3164266,train
3164270,train
3164278,train
3164282,train
3164286,train
3164290,train
3164294,train
3164298,train
3164306,train
3164314,train
3164326,train
3164342,train
3164350,train
3164358,train
3164366,train
3164370,train
3164374,train
3164390,train
3164402,train
3164406,test
3164410,train
3164414,train
3164418,train
3164422,train
3164426,train
3164446,train
3164466,train
3164474,train
3164478,train
3164486,test
3164498,train
3164510,train
3164522,train
3164526,train
3164534,test
3164542,test
3164546,train
3164550,train
3164554,train
3164562,train
3164566,test
3164578,test
3164590,train
3164610,train
3164614,train
3164618,test
3164646,train
3164654,train
3164658,train
3164662,train
3164666,train
3164674,train
3164682,test
3164686,train
3164702,train
3164706,test
3164710,train
3164714,train
3164718,train
3164722,train
3164726,test
3164738,train
3164746,train
3164750,train
3164762,train
3164766,train
3164770,train
3164774,train
3164778,test
3164782,train
3164786,train
3164790,train
3164794,train
3164798,train
3164822,train
3164830,train
3164834,train
3164846,train
3164854,train
3164862,train
3164866,train
3164870,train
3164886,train
3164894,train
3164902,test
3164906,test
3164914,train
3164918,train
3164922,test
3164926,train
3164942,train
3164950,train
3164958,train
3164982,train
3164998,train
3165006,train
3165022,train
3165026,train
3165030,train
3165038,test
3165046,train
3165062,train
3165066,train
3165070,test
3165074,train
3165094,train
3165098,train
3165106,train
3165110,train
3165114,train
3165118,train
3165122,test
3165126,train
3165138,train
3165142,test
3165150,train
3165158,train
3165162,train
3165166,train
3165170,train
3165178,test
3165194,train
3165210,train
3165214,train
3165218,test
3165226,train
3165238,test
3165242,train
3165250,train
3165258,train
3165262,train
3165270,train
3165278,train
3165286,train
3165290,train
3165298,train
3165302,train
3165322,train
3165326,train
3165330,train
3165338,train
3165358,train
3165382,train
3165386,train
3165398,test
3165402,train
3165406,train
3165410,train
3165418,test
3165422,train
3165430,train
3165434,train
3165438,train
3165442,test
3165446,test
3165462,train
3165474,test
3165482,train
3165490,train
3165494,train
3165498,train
3165518,train
3165522,test
3165526,train
3165530,train
3165538,train
3165554,train
3165562,test
3165574,train
3165578,train
3165582,train
3165586,train
3165590,train
3165598,train
3165610,test
3165614,train
3165634,train
3165646,test
3165654,train
3165674,train
3165678,train
3165682,train
3165690,train
3165694,test
3165702,test
3165710,train
3165714,train
3165722,train
3165734,train
3165750,train
3165754,train
3165762,train
3165766,train
3165778,train
3165782,train
3165790,test
3165794,train
3165798,train
3165818,train
3165826,train
3165838,train
3165846,train
3165854,train
3165870,test
3165874,train
3165878,train
3165882,train
3165898,train
3165918,train
3165922,test
3165926,train
3165938,train
3165946,train
3165958,train
3165962,train
3165978,train
3165982,train
3165986,train
3165998,train
3166006,train
3166014,train
3166022,train
3166038,train
3166042,train
3166062,test
3166078,train
3166094,train
3166102,train
3166106,train
3166118,train
3166138,train
3166146,train
3166166,train
3166170,train
3166174,train
3166186,train
3166194,train
3166202,train
3166206,train
3166210,test
3166214,train
3166218,train
3166230,train
3166234,train
3166242,train
3166246,train
3166250,test
3166258,train
3166266,train
3166270,train
3166278,train
3166282,train
3166286,test
3166290,train
3166294,train
3166306,train
3166310,train
3166318,train
3166350,train
3166354,train
3166370,train
3166402,train
3166406,train
3166414,train
3166426,train
3166430,train
3166434,train
3166438,train
3166450,train
3166454,train
3166470,train
3166474,train
3166478,train
3166482,train
3166486,train
3166494,train
3166506,train
3166518,train
3166526,train
3166538,train
3166542,train
3166546,train
3166554,test
3166558,train
3166562,train
3166566,train
3166578,train
3166582,test
3166586,test
3166594,test
3166598,test
3166610,train
3166618,train
3166642,train
3166646,train
3166650,train
3166654,train
3166662,train
3166666,train
3166674,train
3166702,train
3166706,train
3166714,train
3166722,train
3166738,train
3166742,train
3166758,train
3166762,train
3166766,train
3166770,train
3166774,train
3166790,train
3166794,train
3166806,train
3166810,test
3166814,train
3166834,train
3166838,test
3166854,train
3166858,test
3166862,train
3166866,test
3166874,train
3166882,train
3166890,train
3166898,train
3166914,train
3166918,test
3166922,train
3166954,train
3166962,test
3166966,train
3166970,test
3166974,test
3166978,train
3166982,train
3166986,test
3167002,test
3167014,test
3167018,train
3167022,train
3167034,train
3167038,train
3167042,train
3167046,train
3167062,train
3167070,test
3167074,train
3167078,train
3167082,train
3167090,train
3167094,train
3167098,test
3167102,train
3167118,test
3167134,train
3167146,train
3167150,train
3167162,train
3167166,train
3167174,train
3167186,train
3167198,train
3167210,train
3167214,test
3167218,train
3167222,train
3167234,train
3167238,train
3167246,train
3167250,train
3167254,train
3167258,train
3167274,train
3167278,train
3167282,train
3167286,train
3167314,train
3167326,train
3167330,train
3167342,train
3167346,train
3167358,train
3167370,train
3167382,train
3167386,train
3167394,test
3167406,train
3167410,train
3167414,train
3167426,train
3167438,train
3167446,train
3167458,train
3167466,test
3167474,train
3167482,train
3167486,train
3167490,train
3167494,train
3167498,train
3167502,train
3167510,train
3167518,test
3167530,train
3167542,test
3167546,train
3167554,train
3167570,train
3167574,test
3167598,train
3167606,test
3167610,train
3167618,test
3167622,test
3167630,train
3167638,train
3167690,train
3167698,train
3167706,train
3167710,train
3167714,train
3167738,test
3167746,train
3167754,train
3167766,train
3167770,train
3167778,train
3167782,train
3167786,train
3167790,train
3167798,train
3167822,train
3167826,test
3167838,train
3167850,train
3167870,train
3167882,test
3167886,train
3167890,test
3167898,train
3167906,test
3167910,train
3167914,train
3167918,train
3167922,train
3167930,train
3167938,train
3167942,train
3167946,train
3167958,train
3167982,train
3167990,test
3167994,test
3167998,train
3168002,train
3168006,train
3168014,test
3168030,train
3168034,train
3168042,train
3168050,train
3168054,train
3168066,train
3168074,train
3168082,train
3168086,test
3168094,test
3168110,test
3168114,train
3168118,train
3168122,train
3168126,train
3168134,train
3168138,train
3168146,train
3168150,train
3168154,train
3168162,train
3168166,train
3168194,train
3168198,train
3168214,train
3168218,train
3168234,train
3168246,train
3168254,train
3168258,train
3168262,train
3168266,train
3168274,train
3168298,train
3168306,train
3168310,test
3168314,train
3168326,train
3168330,test
3168338,train
3168342,train
3168346,train
3168354,test
3168362,train
3168382,test
3168390,test
3168398,train
3168402,test
3168406,test
3168422,train
3168430,train
3168434,train
3168450,train
3168454,train
3168466,test
3168470,test
3168474,train
3168478,test
3168482,train
3168490,train
3168494,train
3168498,train
3168502,train
3168506,train
3168518,test
3168526,train
3168530,train
3168542,train
3168554,train
3168582,train
3168594,train
3168598,train
3168606,train
3168610,train
3168618,train
3168626,train
3168630,train
3168642,train
3168646,train
3168662,test
3168682,train
3168710,train
3168714,train
3168718,train
3168722,test
3168726,train
3168734,train
3168742,train
3168750,train
3168754,test
3168774,train
3168778,train
3168786,train
3168790,train
3168802,train
3168818,train
3168822,test
3168842,test
3168846,train
3168854,train
3168866,train
3168874,test
3168878,train
3168898,train
3168906,train
3168910,train
3168914,test
3168930,train
3168946,train
3168950,train
3168954,train
3168966,test
3168978,test
3168994,train
3168998,train
3169002,train
3169006,train
3169014,train
3169026,train
3169034,train
3169042,train
3169046,train
3169058,train
3169066,test
3169082,train
3169094,train
3169098,train
3169110,train
3169118,train
3169126,train
3169134,train
3169138,test
3169150,train
3169154,train
3169158,train
3169178,test
3169182,train
3169186,train
3169190,train
3169194,test
3169202,train
3169206,train
3169222,train
3169230,test
3169258,test
3169262,test
3169266,train
3169286,train
3169294,train
3169298,train
3169302,test
3169310,train
3169314,test
3169318,train
3169330,test
3169338,train
3169342,train
3169350,train
3169358,test
3169362,train
3169366,train
3169374,test
3169378,train
3169386,test
3169390,train
3169394,train
3169402,train
3169406,train
3169410,train
3169414,train
3169418,train
3169422,train
3169426,train
3169438,train
3169450,train
3169462,test
3169466,train
3169470,train
3169478,test
3169482,train
3169486,train
3169494,train
3169498,train
3169514,train
3169522,test
3169526,train
3169530,train
3169534,test
3169538,train
3169546,train
3169554,train
3169558,train
3169566,train
3169570,train
3169582,train
3169586,train
3169598,test
3169602,train
3169614,train
3169618,train
3169626,train
3169630,train
3169642,train
3169646,train
3169654,train
3169658,test
3169662,test
3169666,train
3169670,train
3169678,train
3169682,test
3169686,train
3169690,train
3169694,train
3169706,train
3169714,train
3169718,train
3169722,train
3169730,test
3169742,train
3169750,test
3169754,train
3169766,train
3169770,test
3169786,train
3169790,train
3169794,train
3169798,train
3169814,train
3169818,train
3169826,train
3169842,train
3169846,train
3169850,test
3169854,train
3169870,train
3169874,train
3169882,train
3169886,train
3169898,test
3169902,train
3169914,train
3169926,train
3169934,train
3169942,train
3169946,train
3169950,train
3169958,test
3169978,train
3169982,test
3169986,train
3169990,train
3169998,train
3170002,train
3170010,train
3170014,train
3170018,test
3170034,train
3170050,train
3170062,train
3170070,test
3170094,test
3170106,test
3170114,train
3170118,train
3170122,train
3170134,test
3170158,train
3170162,train
3170166,train
3170174,train
3170190,train
3170194,train
3170198,train
3170202,train
3170218,train
3170222,train
3170234,test
3170242,test
3170246,train
3170250,train
3170254,train
3170258,train
3170262,test
3170266,test
3170278,train
3170282,train
3170306,train
3170314,train
3170318,train
3170322,train
3170330,train
3170334,train
3170338,train
3170354,train
3170358,train
3170366,train
3170374,test
3170390,test
3170402,train
3170406,test
3170414,train
3170422,train
3170426,train
3170438,train
3170450,train
3170462,test
3170466,train
3170486,train
3170498,train
3170502,train
3170510,train
3170514,train
3170522,test
3170526,train
3170530,train
3170538,test
3170546,train
3170554,train
3170562,train
3170566,test
3170574,test
3170582,train
3170590,train
3170598,train
3170602,train
3170610,train
3170618,train
3170626,test
3170634,train
3170638,test
3170642,train
3170670,train
3170686,train
3170694,train
3170702,train
3170706,train
3170710,test
3170714,test
3170726,train
3170730,train
3170742,train
3170754,train
3170770,train
3170774,test
3170794,train
3170806,train
3170834,train
3170842,test
3170850,train
3170854,test
3170858,test
3170862,train
3170866,test
3170874,train
3170890,train
3170894,train
3170910,train
3170922,test
3170942,test
3170946,test
3170950,train
3170954,train
3170962,train
3170970,train
3170990,train
3170994,train
3171006,train
3171018,test
3171022,train
3171026,train
3171034,train
3171038,train
3171042,test
3171046,train
3171066,train
3171078,train
3171086,train
3171090,train
3171098,train
3171110,train
3171114,train
3171118,train
3171126,train
3171130,train
3171134,train
3171138,train
3171146,test
3171150,train
3171154,train
3171158,train
3171162,train
3171166,train
3171170,train
3171174,train
3171178,train
3171194,test
3171198,test
3171202,test
3171206,test
3171210,train
3171214,train
3171218,train
3171222,train
3171230,train
3171238,train
3171242,train
3171246,train
3171254,test
3171262,train
3171266,train
3171274,train
3171278,train
3171290,test
3171298,train
3171302,train
3171318,train
3171330,train
3171334,train
3171338,train
3171346,train
3171362,test
3171374,train
3171382,test
3171386,train
3171398,train
3171410,train
3171422,train
3171426,train
3171430,train
3171434,train
3171438,train
3171458,train
3171462,train
3171466,test
3171474,train
3171486,train
3171490,train
3171498,train
3171502,train
3171510,test
3171514,train
3171522,train
3171526,train
3171530,train
3171534,train
3171542,train
3171554,train
3171558,train
3171582,train
3171586,train
3171590,train
3171606,train
3171610,train
3171614,train
3171634,test
3171638,train
3171642,train
3171654,test
3171658,train
3171662,train
3171666,train
3171674,test
3171678,train
3171694,train
3171722,test
3171734,train
3171762,train
3171766,train
3171774,train
3171778,train
3171786,train
3171794,train
3171798,test
3171802,train
3171810,train
3171814,train
3171818,train
3171830,train
3171834,train
3171838,train
3171842,train
3171858,train
3171870,test
3171882,train
3171886,test
3171890,train
3171898,test
3171902,test
3171914,train
3171918,train
3171922,train
3171934,train
3171938,test
3171946,test
3171970,train
3171982,train
3171986,train
3171990,train
3171998,train
3172002,train
3172006,train
3172014,test
3172026,test
3172038,train
3172046,train
3172066,train
3172070,test
3172074,train
3172078,train
3172082,train
3172086,train
3172090,train
3172102,test
3172114,train
3172118,test
3172122,train
3172130,train
3172134,train
3172138,train
3172142,train
3172154,train
3172178,train
3172190,train
3172194,train
3172226,train
3172230,train
3172234,train
3172246,train
3172262,train
3172274,train
3172290,train
3172310,test
3172314,train
3172322,train
3172330,train
3172338,train
3172342,train
3172354,train
3172358,test
3172362,train
3172366,train
3172374,test
3172390,test
3172394,train
3172398,train
3172410,test
3172422,train
3172438,test
3172442,train
3172450,test
3172458,train
3172506,train
3172510,train
3172514,train
3172530,train
3172534,test
3172546,test
3172550,test
3172570,test
3172578,train
3172586,train
3172590,train
3172602,train
3172606,train
3172610,train
3172614,train
3172622,train
3172634,test
3172642,train
3172690,train
3172698,train
3172710,train
3172714,train
3172722,test
3172726,train
3172730,train
3172750,train
3172770,train
3172778,train
3172790,train
3172802,train
3172814,train
3172818,test
3172838,train
3172842,train
3172850,test
3172854,train
3172858,train
3172870,train
3172894,train
3172910,test
3172914,train
3172918,train
3172922,train
3172926,train
3172930,train
3172934,train
3172942,train
3172950,test
3172954,train
3172958,train
3172962,test
3172974,train
3172982,train
3172986,train
3172990,train
3172994,train
3172998,train
3173006,train
3173014,train
3173030,train
3173034,train
3173038,train
3173042,train
3173050,train
3173090,train
3173110,train
3173122,train
3173126,train
3173130,train
3173134,test
3173138,test
3173142,test
3173150,train
3173158,train
3173182,train
3173186,test
3173198,train
3173214,test
3173218,train
3173226,train
3173238,train
3173254,train
3173262,train
3173274,test
3173290,train
3173294,train
3173302,test
3173314,train
3173322,train
3173330,train
3173334,test
3173338,train
3173350,train
3173358,train
3173370,train
3173378,train
3173382,train
3173390,train
3173394,test
3173398,train
3173402,train
3173406,train
3173418,test
3173426,train
3173434,test
3173438,train
3173442,train
3173450,train
3173458,train
3173466,train
3173470,train
3173474,train
3173486,train
3173494,train
3173498,test
3173506,train
3173514,train
3173522,train
3173534,train
3173546,test
3173566,train
3173570,train
3173578,train
3173582,train
3173594,train
3173598,test
3173602,train
3173610,train
3173622,train
3173626,train
3173630,test
3173634,train
3173642,train
3173646,train
3173650,train
3173662,train
3173666,train
3173678,train
3173682,train
3173694,train
3173698,train
3173702,test
3173706,train
3173710,train
3173726,train
3173742,train
3173746,train
3173754,train
3173770,test
3173778,train
3173794,test
3173798,train
3173802,train
3173806,train
3173814,train
3173818,train
3173822,train
3173834,test
3173838,train
3173846,train
3173850,train
3173854,train
3173874,train
3173878,test
3173886,train
3173902,test
3173906,train
3173926,train
3173930,train
3173938,train
3173946,train
3173950,train
3173966,train
3173974,train
3173978,train
3173982,train
3173986,train
3173994,train
3174014,train
3174026,train
3174034,train
3174042,train
3174046,test
3174054,test
3174058,train
3174062,train
3174074,train
3174090,train
3174094,train
3174098,train
3174102,train
3174106,train
3174114,test
3174122,train
3174126,train
3174130,test
3174134,train
3174138,train
3174142,train
3174146,test
3174150,train
3174162,train
3174166,train
3174174,train
3174182,train
3174186,train
3174190,train
3174202,train
3174214,train
3174222,test
3174226,train
3174230,train
3174234,train
3174242,train
3174246,train
3174250,train
3174254,train
3174270,train
3174274,train
3174286,train
3174294,train
3174338,train
3174350,train
3174358,train
3174362,train
3174366,test
3174370,test
3174390,train
3174394,train
3174410,train
3174418,train
3174430,test
3174434,test
3174442,train
3174446,train
3174450,test
3174454,train
3174466,train
3174470,train
3174478,train
3174482,train
3174486,train
3174490,train
3174510,train
3174514,test
3174518,train
3174522,train
3174530,train
3174542,train
3174546,test
3174554,train
3174558,train
3174574,train
3174582,test
3174594,train
3174602,train
3174610,test
3174614,train
3174626,train
3174630,test
3174634,train
3174642,train
3174646,train
3174650,train
3174654,train
3174658,train
3174662,train
3174666,test
3174686,train
3174690,test
3174698,train
3174706,test
3174710,train
3174718,train
3174722,train
3174726,train
3174734,train
3174738,train
3174766,train
3174774,train
3174786,train
3174790,test
3174794,train
3174798,test
3174806,train
3174810,train
3174814,train
3174818,test
3174826,train
3174834,train
3174846,train
3174850,test
3174858,train
3174862,train
3174866,train
3174870,test
3174874,train
3174882,train
3174890,train
3174894,train
3174914,train
3174938,test
3174942,train
3174950,test
3174958,test
3174966,train
3174994,test
3174998,train
3175002,train
3175006,train
3175010,train
3175014,train
3175030,train
3175034,train
3175046,train
3175050,train
3175054,train
3175058,train
3175066,train
3175074,train
3175082,train
3175098,train
3175102,train
3175110,train
3175118,train
3175122,train
3175126,train
3175134,train
3175138,test
3175146,train
3175150,train
3175158,train
3175166,train
3175174,train
3175178,train
3175186,train
3175190,train
3175194,train
3175202,train
3175206,train
3175210,train
3175222,train
3175230,train
3175234,train
3175242,train
3175246,train
3175262,train
3175274,test
3175282,train
3175290,train
3175294,train
3175298,train
3175310,train
3175322,train
3175326,train
3175330,train
3175354,test
3175358,train
3175362,train
3175374,train
3175378,train
3175386,train
3175402,train
3175414,train
3175418,train
3175434,train
3175438,train
3175442,train
3175462,test
3175478,train
3175486,train
3175494,train
3175498,train
3175510,train
3175518,train
3175522,train
3175534,train
3175538,train
3175542,train
3175546,train
3175550,train
3175554,test
3175566,train
3175570,train
3175582,train
3175586,test
3175590,test
3175598,train
3175602,train
3175610,test
3175622,train
3175626,test
3175634,test
3175650,train
3175658,train
3175662,test
3175678,train
3175682,train
3175686,train
3175694,test
3175698,train
3175710,test
3175714,train
3175718,test
3175726,train
3175730,train
3175734,test
3175738,test
3175746,train
3175754,test
3175766,train
3175770,train
3175774,train
3175778,train
3175786,train
3175794,test
3175798,train
3175802,train
3175806,test
3175810,train
3175814,train
3175830,train
3175834,train
3175838,train
3175850,train
3175854,train
3175858,test
3175862,train
3175870,test
3175874,train
3175882,test
3175886,train
3175894,train
3175898,train
3175910,train
3175926,train
3175930,train
3175934,train
3175946,train
3175950,train
3175958,test
3175974,train
3175978,train
3175986,train
3175990,train
3175994,test
3176034,train
3176038,train
3176042,train
3176050,train
3176058,train
3176062,train
3176090,train
3176098,test
3176102,train
3176110,train
3176114,train
3176126,test
3176130,train
3176134,train
3176142,train
3176154,train
3176166,train
3176170,train
3176190,train
3176194,train
3176198,train
3176206,train
3176210,train
3176218,train
3176230,train
3176234,train
3176238,train
3176242,train
3176246,train
3176250,train
3176262,train
3176266,train
3176274,train
3176282,train
3176294,train
3176314,test
3176318,test
3176330,test
3176334,test
3176342,train
3176350,train
3176354,train
3176358,train
3176362,train
3176386,train
3176390,test
3176398,train
3176414,train
3176418,train
3176426,train
3176434,train
3176438,test
3176446,train
3176454,train
3176478,test
3176490,train
3176494,train
3176498,train
3176502,train
3176510,train
3176514,train
3176530,train
3176538,train
3176542,train
3176550,train
3176554,train
3176558,train
3176562,train
3176574,test
3176586,train
3176590,train
3176602,train
3176610,train
3176614,train
3176618,test
3176622,train
3176630,train
3176634,test
3176638,train
3176646,train
3176650,train
3176658,train
3176662,test
3176666,train
3176670,test
3176678,test
3176682,test
3176686,train
3176694,train
3176698,train
3176714,train
3176722,test
3176726,test
3176746,test
3176750,train
3176758,train
3176774,train
3176778,train
3176782,train
3176798,train
3176814,test
3176818,train
3176822,train
3176826,test
3176834,train
3176838,train
3176846,test
3176854,train
3176862,test
3176866,train
3176870,test
3176882,train
3176890,train
3176894,test
3176902,train
3176910,train
3176922,train
3176926,train
3176942,train
3176958,test
3176966,train
3176974,train
3176978,train
3176998,train
3177002,test
3177018,test
3177022,train
3177030,train
3177054,train
3177062,train
3177066,train
3177094,train
3177102,train
3177110,train
3177118,train
3177130,train
3177134,test
3177138,test
3177146,train
3177150,train
3177154,test
3177158,train
3177162,train
3177166,train
3177174,train
3177178,train
3177186,train
3177190,train
3177202,train
3177206,train
3177210,train
3177218,train
3177226,test
3177246,train
3177254,train
3177266,train
3177278,train
3177282,train
3177286,train
3177290,train
3177326,test
3177334,test
3177342,train
3177346,test
3177350,train
3177354,train
3177358,train
3177382,train
3177390,train
3177394,train
3177414,train
3177426,train
3177430,train
3177434,train
3177442,train
3177462,train
3177466,train
3177470,train
3177474,test
3177490,train
3177498,train
3177502,train
3177514,train
3177518,test
3177526,train
3177530,train
3177546,test
3177550,train
3177558,test
3177578,train
3177598,train
3177602,train
3177606,train
3177618,train
3177622,train
3177626,test
3177634,train
3177638,train
3177642,train
3177646,train
3177654,train
3177658,train
3177666,test
3177678,train
3177686,train
3177702,train
3177710,train
3177714,train
3177726,train
3177730,train
3177734,test
3177746,train
3177758,train
3177762,train
3177774,test
3177778,train
3177782,train
3177790,train
3177798,train
3177806,train
3177810,train
3177818,train
3177822,train
3177830,train
3177850,train
3177866,train
3177870,train
3177874,train
3177890,train
3177894,train
3177898,train
3177902,train
3177910,train
3177914,train
3177918,test
3177926,train
3177950,train
3177958,train
3177966,test
3177970,train
3177974,train
3177978,train
3177986,test
3177990,train
3177994,test
3178002,test
3178006,train
3178014,train
3178018,train
3178022,train
3178034,test
3178038,train
3178046,train
3178050,train
3178054,train
3178062,train
3178070,test
3178082,train
3178086,train
3178090,train
3178098,train
3178102,train
3178106,train
3178114,train
3178122,test
3178134,train
3178142,train
3178154,train
3178162,train
3178166,train
3178170,test
3178178,train
3178182,test
3178186,train
3178194,train
3178206,train
3178210,train
3178254,train
3178258,test
3178262,train
3178274,test
3178294,test
3178298,train
3178302,train
3178306,test
3178310,train
3178322,test
3178334,train
3178366,train
3178374,test
3178382,train
3178394,train
3178410,train
3178418,train
3178426,train
3178430,test
3178434,train
3178450,train
3178458,train
3178470,train
3178494,test
3178502,train
3178506,train
3178514,test
3178522,train
3178534,train
3178538,test
3178558,train
3178562,train
3178578,train
3178582,train
3178586,train
3178594,train
3178598,train
3178602,train
3178606,train
3178610,train
3178614,train
3178626,train
3178634,train
3178658,train
3178674,train
3178682,test
3178686,train
3178710,train
3178714,train
3178718,train
3178730,train
3178734,test
3178742,train
3178746,train
3178750,train
3178754,test
3178758,test
3178762,train
3178766,train
3178774,train
3178794,train
3178802,train
3178814,train
3178830,train
3178838,train
3178862,train
3178866,test
3178870,train
3178874,train
3178878,train
3178882,train
3178886,train
3178902,train
3178914,train
3178922,train
3178938,train
3178950,train
3178954,train
3178970,train
3178974,train
3178986,train
3178994,test
3178998,train
3179010,train
3179014,train
3179018,train
3179022,train
3179026,train
3179030,test
3179034,train
3179038,train
3179042,train
3179054,test
3179058,test
3179066,train
3179074,test
3179078,train
3179082,train
3179086,train
3179090,train
3179106,train
3179118,test
3179122,test
3179134,train
3179138,test
3179146,train
3179154,train
3179158,train
3179162,train
3179170,train
3179178,test
3179202,train
3179210,train
3179218,train
3179222,train
3179226,train
3179246,train
3179250,train
3179270,train
3179286,train
3179294,train
3179302,test
3179310,train
3179314,train
3179330,train
3179350,train
3179354,test
3179366,train
3179386,train
3179390,test
3179406,train
3179410,train
3179418,train
3179426,train
3179438,train
3179446,train
3179450,test
3179458,train
3179462,train
3179466,train
3179470,train
3179486,train
3179518,train
3179526,train
3179538,train
3179554,train
3179566,train
3179570,test
3179574,train
3179586,train
3179594,train
3179602,test
3179606,test
3179622,test
3179634,train
3179638,train
3179642,train
3179658,train
3179662,train
3179670,train
3179686,train
3179706,train
3179710,train
3179714,train
3179718,train
3179722,train
3179734,test
3179746,train
3179758,test
3179766,train
3179770,train
3179774,train
3179786,train
3179790,train
3179798,train
3179802,train
3179806,train
3179810,test
3179814,train
3179822,train
3179826,train
3179834,train
3179838,train
3179842,train
3179850,train
3179854,train
3179866,train
3179894,train
3179898,train
3179902,test
3179910,train
3179914,train
3179918,train
3179922,test
3179926,train
3179930,test
3179938,train
3179946,test
3179950,train
3179954,test
3179962,train
3179966,train
3179970,train
3179978,train
3179986,train
3179990,train
3179994,test
3180002,train
3180014,test
3180018,train
3180030,train
3180038,train
3180046,train
3180058,train
3180062,train
3180070,train
3180082,train
3180094,train
3180098,test
3180110,test
3180114,train
3180126,train
3180130,train
3180134,train
3180142,train
3180150,train
3180154,test
3180158,train
3180174,train
3180182,train
3180198,test
3180202,train
3180214,train
3180226,train
3180230,train
3180234,test
3180238,train
3180242,train
3180250,train
3180262,test
3180266,train
3180278,train
3180282,train
3180298,train
3180310,train
3180322,train
3180326,train
3180334,train
3180338,train
3180346,train
3180374,train
3180390,train
3180394,test
3180398,train
3180402,train
3180410,test
3180414,test
3180418,test
3180422,train
3180438,train
3180442,test
3180446,test
3180450,test
3180454,train
3180470,train
3180478,train
3180482,train
3180490,train
3180498,train
3180502,train
3180506,train
3180518,train
3180538,train
3180546,train
3180562,train
3180578,train
3180582,test
3180586,test
3180590,train
3180594,train
3180602,train
3180606,train
3180614,test
3180622,train
3180626,train
3180634,train
3180638,train
3180658,train
3180662,train
3180670,train
3180678,train
3180686,train
3180690,train
3180694,train
3180706,train
3180714,train
3180718,train
3180742,train
3180750,test
3180762,train
3180786,train
3180794,train
3180798,test
3180810,train
3180818,train
3180822,test
3180834,train
3180838,train
3180842,train
3180866,train
3180878,train
3180882,train
3180894,test
3180902,train
3180910,test
3180918,train
3180926,train
3180930,test
3180958,train
3180962,train
3180974,train
3180978,test
3180982,train
3180986,train
3180998,train
3181002,train
3181006,train
3181030,test
3181034,test
3181042,train
3181050,train
3181062,test
3181066,train
3181074,train
3181082,train
3181086,train
3181090,train
3181098,test
3181106,train
3181110,train
3181114,train
3181122,train
3181130,train
3181142,train
3181146,train
3181150,train
3181166,test
3181170,test
3181190,train
3181198,test
3181206,train
3181218,train
3181222,train
3181230,train
3181250,train
3181254,train
3181258,train
3181262,test
3181266,train
3181270,train
3181274,train
3181278,train
3181282,train
3181286,train
3181294,train
3181302,train
3181310,train
3181314,train
3181322,train
3181330,train
3181334,train
3181338,test
3181342,train
3181346,test
3181354,test
3181374,train
3181398,train
3181402,test
3181410,train
3181418,train
3181422,train
3181434,test
3181442,train
3181446,train
3181450,test
3181466,train
3181470,train
3181474,train
3181478,train
3181486,test
3181490,train
3181506,train
3181514,train
3181518,train
3181522,train
3181526,train
3181530,train
3181538,train
3181542,train
3181554,train
3181562,train
3181566,train
3181578,test
3181586,train
3181590,train
3181610,train
3181646,train
3181650,test
3181662,train
3181670,train
3181674,train
3181694,train
3181698,train
3181714,train
3181726,train
3181734,train
3181750,train
3181762,train
3181770,train
3181774,test
3181778,train
3181782,train
3181798,train
3181810,test
3181814,train
3181818,train
3181822,test
3181826,train
3181862,train
3181870,train
3181874,train
3181882,train
3181890,train
3181894,test
3181898,train
3181902,train
3181906,test
3181910,train
3181918,test
3181926,train
3181934,train
3181946,train
3181954,train
3181958,train
3181970,train
3181974,train
3181978,train
3181982,train
3181986,train
3181990,train
3181998,train
3182006,train
3182014,train
3182042,train
3182050,train
3182054,test
3182066,train
3182074,test
3182090,train
3182098,train
3182102,train
3182106,train
3182114,train
3182122,train
3182130,train
3182138,train
3182142,train
3182146,train
3182150,test
3182154,train
3182166,test
3182174,train
3182178,train
3182182,train
3182186,train
3182190,train
3182198,test
3182202,train
3182206,train
3182210,test
3182218,train
3182222,train
3182226,train
3182230,train
3182238,train
3182242,train
3182246,train
3182262,train
3182278,train
3182282,train
3182302,train
3182306,test
3182318,train
3182330,train
3182338,train
3182346,train
3182354,test
3182358,test
3182362,train
3182382,train
3182386,test
3182390,train
3182410,train
3182418,train
3182422,train
3182438,test
3182442,train
3182450,test
3182454,test
3182458,test
3182478,train
3182482,train
3182490,train
3182494,train
3182506,train
3182510,train
3182518,train
3182526,train
3182542,test
3182566,train
3182570,train
3182582,train
3182586,train
3182594,test
3182602,test
3182606,train
3182614,test
3182618,train
3182642,train
3182658,train
3182662,train
3182666,test
3182670,test
3182674,train
3182678,test
3182682,test
3182686,train
3182690,test
3182694,train
3182698,train
3182714,train
3182722,test
3182726,train
3182730,train
3182734,test
3182738,train
3182742,train
3182754,test
3182786,train
3182790,train
3182798,train
3182806,train
3182818,test
3182834,test
3182838,train
3182846,train
3182862,train
3182870,train
3182874,train
3182894,test
3182902,test
3182910,train
3182918,train
3182922,train
3182942,train
3182946,train
3182950,train
3182954,train
3182966,train
3182990,train
3183002,train
3183006,train
3183010,train
3183018,train
3183030,train
3183034,train
3183038,test
3183046,train
3183050,train
3183058,train
3183062,train
3183066,train
3183086,train
3183090,test
3183094,train
3183102,train
3183106,train
3183110,train
3183114,test
3183138,train
3183142,train
3183146,train
3183154,train
3183166,train
3183174,train
3183182,train
3183210,train
3183214,train
3183230,test
3183234,train
3183238,test
3183254,train
3183266,train
3183270,train
3183274,train
3183278,train
3183282,train
3183286,train
3183290,train
3183298,train
3183302,test
3183306,train
3183318,train
3183326,test
3183330,train
3183334,train
3183346,train
3183350,train
3183354,train
3183358,train
3183370,train
3183374,train
3183394,train
3183402,train
3183406,train
3183410,train
3183418,test
3183422,test
3183430,train
3183438,train
3183442,test
3183446,test
3183450,train
3183454,test
3183474,test
3183478,train
3183482,train
3183486,train
3183490,train
3183510,train
3183526,train
3183534,train
3183554,train
3183562,train
3183574,train
3183578,train
3183586,train
3183590,train
3183594,train
3183598,train
3183606,train
3183622,train
3183626,train
3183630,train
3183638,train
3183642,test
3183646,test
3183650,test
3183654,train
3183662,train
3183666,train
3183670,test
3183674,train
3183678,train
3183686,train
3183690,train
3183694,train
3183698,train
3183706,test
3183710,test
3183714,train
3183718,train
3183722,train
3183726,test
3183730,train
3183754,train
3183758,train
3183766,train
3183770,train
3183774,train
3183778,train
3183794,train
3183798,test
3183802,train
3183806,train
3183814,train
3183822,train
3183826,train
3183834,train
3183838,train
3183846,train
3183854,train
3183862,train
3183874,train
3183878,test
3183890,train
3183898,train
3183902,train
3183910,train
3183930,train
3183942,train
3183946,train
3183954,train
3183958,train
3183962,train
3183974,train
3183994,train
3184014,test
3184030,train
3184042,train
3184046,train
3184070,train
3184074,train
3184078,train
3184082,test
3184098,test
3184102,test
3184110,train
3184118,train
3184122,train
3184142,train
3184146,train
3184154,train
3184158,train
3184166,train
3184170,test
3184174,train
3184178,test
3184182,test
3184190,train
3184198,test
3184202,test
3184206,train
3184218,train
3184226,train
3184230,train
3184246,test
3184254,train
3184258,train
3184262,train
3184266,train
3184282,train
3184298,train
3184306,train
3184310,train
3184314,train
3184318,train
3184330,test
3184334,train
3184350,train
3184354,train
3184358,train
3184370,test
3184386,train
3184394,test
3184398,train
3184402,train
3184418,train
3184426,train
3184434,train
3184438,train
3184462,test
3184466,test
3184482,train
3184486,train
3184506,train
3184522,train
3184542,test
3184546,train
3184558,train
3184562,test
3184574,train
3184578,train
3184582,train
3184586,train
3184590,train
3184602,train
3184618,train
3184622,train
3184630,train
3184634,train
3184642,train
3184654,train
3184658,train
3184666,train
3184670,test
3184678,test
3184682,train
3184690,train
3184702,train
3184714,test
3184730,test
3184738,train
3184742,train
3184758,train
3184762,train
3184770,train
3184774,train
3184786,train
3184790,train
3184794,train
3184802,test
3184810,train
3184818,test
3184826,train
3184834,train
3184846,test
3184854,test
3184858,test
3184870,train
3184874,test
3184882,train
3184886,train
3184898,train
3184906,train
3184914,train
3184922,train
3184930,train
3184958,train
3184962,train
3184966,train
3184970,train
3184974,test
3184994,test
3184998,train
3185002,train
3185010,train
3185014,train
3185018,train
3185038,train
3185042,train
3185046,train
3185054,train
3185066,train
3185082,train
3185094,train
3185106,train
3185110,train
3185118,train
3185142,train
3185158,train
3185166,train
3185170,train
3185174,train
3185198,train
3185230,train
3185234,train
3185246,train
3185250,test
3185254,train
3185262,train
3185266,train
3185278,train
3185282,train
3185294,train
3185310,test
3185322,test
3185330,train
3185342,train
3185346,train
3185350,train
3185358,train
3185366,train
3185370,train
3185374,train
3185382,train
3185386,train
3185394,train
3185402,test
3185406,train
3185410,train
3185418,train
3185422,train
3185426,train
3185434,test
3185442,train
3185450,train
3185462,train
3185466,train
3185474,test
3185482,test
3185486,train
3185490,train
3185494,train
3185498,train
3185510,train
3185514,train
3185522,train
3185526,train
3185530,test
3185550,train
3185562,train
3185574,train
3185578,train
3185590,train
3185602,train
3185606,train
3185614,test
3185622,train
3185630,train
3185634,train
3185638,test
3185642,train
3185666,train
3185690,train
3185714,train
3185734,train
3185738,test
3185742,train
3185746,train
3185758,test
3185770,train
3185774,train
3185794,test
3185798,train
3185810,test
3185818,test
3185822,train
3185826,train
3185830,train
3185834,train
3185846,train
3185854,train
3185858,train
3185862,train
3185866,test
3185874,train
3185886,train
3185890,test
3185894,train
3185898,train
3185902,train
3185930,train
3185934,test
3185938,train
3185950,train
3185966,test
3185970,train
3185978,train
3185986,train
3185990,train
3185994,train
3186002,train
3186010,test
3186014,train
3186018,train
3186022,train
3186030,train
3186042,train
3186050,train
3186058,test
3186062,train
3186082,test
3186090,train
3186094,train
3186110,train
3186114,train
3186118,test
3186126,train
3186130,train
3186138,train
3186142,train
3186146,test
3186150,train
3186178,train
3186190,train
3186206,train
3186210,train
3186214,train
3186218,train
3186222,train
3186226,train
3186234,train
3186238,test
3186242,test
3186250,test
3186254,test
3186258,train
3186282,test
3186286,train
3186306,train
3186318,train
3186326,train
3186330,train
3186334,train
3186338,train
3186346,train
3186354,train
3186358,train
3186362,train
3186366,train
3186370,train
3186374,train
3186382,train
3186390,train
3186398,train
3186402,train
3186410,train
3186426,train
3186434,train
3186446,test
3186454,train
3186458,train
3186466,train
3186470,train
3186490,train
3186494,train
3186498,train
3186502,test
3186510,train
3186514,train
3186518,train
3186526,train
3186530,train
3186534,train
3186538,test
3186562,train
3186566,train
3186570,train
3186574,train
3186582,train
3186586,test
3186594,test
3186598,train
3186602,train
3186610,train
3186630,train
3186634,train
3186638,test
3186658,train
3186666,train
3186674,train
3186678,train
3186682,train
3186686,test
3186690,test
3186694,test
3186698,train
3186714,train
3186718,train
3186722,train
3186726,train
3186730,train
3186734,train
3186742,train
3186758,test
3186762,train
3186766,train
3186790,train
3186794,test
3186798,train
3186806,train
3186822,train
3186826,train
3186834,train
3186838,test
3186842,test
3186846,train
3186850,train
3186854,train
3186870,train
3186874,train
3186882,train
3186890,test
3186894,train
3186906,train
3186910,train
3186918,train
3186922,test
3186934,test
3186942,train
3186946,train
3186954,test
3186958,test
3186962,train
3186970,train
3186982,train
3186994,train
3186998,train
3187006,train
3187010,test
3187014,train
3187022,train
3187026,test
3187030,train
3187038,train
3187046,train
3187054,train
3187058,train
3187066,test
3187074,test
3187082,train
3187090,train
3187094,test
3187098,train
3187138,train
3187154,train
3187166,train
3187174,test
3187182,test
3187186,train
3187198,train
3187210,train
3187214,train
3187234,train
3187238,test
3187242,train
3187246,train
3187250,test
3187254,train
3187258,train
3187262,train
3187266,train
3187270,train
3187274,train
3187286,test
3187298,train
3187306,test
3187310,train
3187314,train
3187318,train
3187322,train
3187326,train
3187346,train
3187350,train
3187354,train
3187358,train
3187366,train
3187370,train
3187382,train
3187386,train
3187390,train
3187394,train
3187406,train
3187410,train
3187414,train
3187418,train
3187426,train
3187430,test
3187438,train
3187442,train
3187446,train
3187458,train
3187470,train
3187478,train
3187486,train
3187494,train
3187506,train
3187518,train
3187522,train
3187538,train
3187546,train
3187550,test
3187554,train
3187566,train
3187574,train
3187578,test
3187590,train
3187594,train
3187598,train
3187618,train
3187622,train
3187626,test
3187634,test
3187642,train
3187646,train
3187678,train
3187686,train
3187690,train
3187706,train
3187710,train
3187726,train
3187742,train
3187750,train
3187754,train
3187766,test
3187770,train
3187782,train
3187786,train
3187790,test
3187806,test
3187826,train
3187830,train
3187834,train
3187842,train
3187846,train
3187850,train
3187858,test
3187866,train
3187874,train
3187878,train
3187894,test
3187906,test
3187910,train
3187918,train
3187922,train
3187938,train
3187942,train
3187954,train
3187958,test
3187978,test
3187982,train
3187994,test
3188002,train
3188010,test
3188022,train
3188026,train
3188034,train
3188042,train
3188046,train
3188062,train
3188066,test
3188070,train
3188118,train
3188126,train
3188130,test
3188134,train
3188138,train
3188142,test
3188154,train
3188158,train
3188162,train
3188174,train
3188178,train
3188190,train
3188198,train
3188210,train
3188218,train
3188234,train
3188238,train
3188250,train
3188254,train
3188258,train
3188262,test
3188282,test
3188286,train
3188290,train
3188294,test
3188298,train
3188302,train
3188310,train
3188318,train
3188322,train
3188326,test
3188330,train
3188334,train
3188338,test
3188350,train
3188354,train
3188358,train
3188378,train
3188390,train
3188398,train
3188406,test
3188414,train
3188422,train
3188426,train
3188438,train
3188442,test
3188446,train
3188454,train
3188462,train
3188470,test
3188474,train
3188498,train
3188502,train
3188506,train
3188514,train
3188518,test
3188534,train
3188542,train
3188546,train
3188558,train
3188566,test
3188578,train
3188582,train
3188598,test
3188602,test
3188610,test
3188614,train
3188618,train
3188622,train
3188638,train
3188642,train
3188646,test
3188650,train
3188654,train
3188662,test
3188682,train
3188686,train
3188698,train
3188714,train
3188722,train
3188730,train
3188734,train
3188742,train
3188750,train
3188758,test
3188762,train
3188766,train
3188770,test
3188782,train
3188786,train
3188790,train
3188814,train
3188826,train
3188830,train
3188834,train
3188842,train
3188846,train
3188854,test
3188870,train
3188878,train
3188882,train
3188886,test
3188898,train
3188902,train
3188910,train
3188914,train
3188918,train
3188922,test
3188930,test
3188934,train
3188938,test
3188942,train
3188946,train
3188954,train
3188958,train
3188966,test
3188974,test
3188978,test
3188986,train
3188994,train
3188998,train
3189002,train
3189006,test
3189018,train
3189022,test
3189046,test
3189054,train
3189058,train
3189074,train
3189082,train
3189098,train
3189114,train
3189146,train
3189158,test
3189162,train
3189178,train
3189186,train
3189190,train
3189238,train
3189246,train
3189254,train
3189262,train
3189266,train
3189270,train
3189282,test
3189290,train
3189310,train
3189330,train
3189346,train
3189350,train
3189362,train
3189374,train
3189382,train
3189386,train
3189390,train
3189394,test
3189414,train
3189426,test
3189446,train
3189450,train
3189478,train
3189486,test
3189494,train
3189498,train
3189502,train
3189506,test
3189514,test
3189518,train
3189530,train
3189534,train
3189538,train
3189546,test
3189550,train
3189554,test
3189562,test
3189566,train
3189570,train
3189578,train
3189582,test
3189586,train
3189606,train
3189610,train
3189614,test
3189618,train
3189626,train
3189634,train
3189638,train
3189642,train
3189658,test
3189666,train
3189682,train
3189690,train
3189706,train
3189710,test
3189718,train
3189722,train
3189726,train
3189738,train
3189746,train
3189750,train
3189754,train
3189758,test
3189774,train
3189782,test
3189786,train
3189790,train
3189798,train
3189806,train
3189810,test
3189814,train
3189838,train
3189842,train
3189854,train
3189858,test
3189870,train
3189906,train
3189914,train
3189922,train
3189930,train
3189946,test
3189958,test
3189962,test
3189966,train
3189974,train
3189982,train
3189986,train
3189990,train
3189998,train
3190002,train
3190022,train
3190026,train
3190038,train
3190046,test
3190062,train
3190066,test
3190070,train
3190074,test
3190086,train
3190090,train
3190098,test
3190102,train
3190118,train
3190122,train
3190126,train
3190146,train
3190162,train
3190170,test
3190174,train
3190178,test
3190190,train
3190194,train
3190206,train
3190230,train
3190238,train
3190246,train
3190254,train
3190258,test
3190266,train
3190270,train
3190274,train
3190290,test
3190294,train
3190302,train
3190314,train
3190318,train
3190342,train
3190350,train
3190362,test
3190370,train
3190382,train
3190386,test
3190398,train
3190402,train
3190410,test
3190414,test
3190418,train
3190430,train
3190434,train
3190438,test
3190442,train
3190450,train
3190462,train
3190466,train
3190470,train
3190482,train
3190486,train
3190490,train
3190494,train
3190498,test
3190502,train
3190514,train
3190526,train
3190538,train
3190550,train
3190558,train
3190562,train
3190570,train
3190574,test
3190578,train
3190594,train
3190610,train
3190614,train
3190618,test
3190626,train
3190630,train
3190634,train
3190646,train
3190654,train
3190658,train
3190662,train
3190670,test
3190674,train
3190682,test
3190686,train
3190694,train
3190698,train
3190702,train
3190710,train
3190726,test
3190730,train
3190734,train
3190738,train
3190742,test
3190746,train
3190762,train
3190770,train
3190774,train
3190778,train
3190782,test
3190794,test
3190806,train
3190814,test
3190822,train
3190834,train
3190842,test
3190850,train
3190870,train
3190878,test
3190882,train
3190886,train
3190898,train
3190906,train
3190910,train
3190930,train
3190938,train
3190942,test
3190954,test
3190958,train
3190962,train
3190974,train
3190978,train
3190994,test
3191002,train
3191010,test
3191014,train
3191030,train
3191034,train
3191038,train
3191050,test
3191058,train
3191078,train
3191086,train
3191090,test
3191094,train
3191098,train
3191106,train
3191114,train
3191122,train
3191130,train
3191146,train
3191158,train
3191162,train
3191166,train
3191174,train
3191178,train
3191182,test
3191194,test
3191198,test
3191202,train
3191218,train
3191222,train
3191226,train
3191238,train
3191254,test
3191262,train
3191266,test
3191270,train
3191286,train
3191294,train
3191306,train
3191310,test
3191322,train
3191330,train
3191346,train
3191390,train
3191394,train
3191406,train
3191410,train
3191414,test
3191430,train
3191446,train
3191450,train
3191454,test
3191458,train
3191462,test
3191486,train
3191494,train
3191510,train
3191514,train
3191518,train
3191526,train
3191530,train
3191538,train
3191550,train
3191562,train
3191578,train
3191582,train
3191586,train
3191602,train
3191610,train
3191618,test
3191626,train
3191630,train
3191634,train
3191638,train
3191646,train
3191666,train
3191678,train
3191686,train
3191698,train
3191702,train
3191706,train
3191718,train
3191722,test
3191726,train
3191730,train
3191738,train
3191746,train
3191754,train
3191770,train
3191774,train
3191778,test
3191782,test
3191798,train
3191814,train
3191822,train
3191830,train
3191838,test
3191842,train
3191858,test
3191870,test
3191874,train
3191894,train
3191910,train
3191914,train
3191922,train
3191930,train
3191934,train
3191946,train
3191954,train
3191958,train
3191962,train
3191982,train
3191986,test
3191994,test
3192002,test
3192014,train
3192026,train
3192030,test
3192034,train
3192042,train
3192046,test
3192058,test
3192062,train
3192066,train
3192070,train
3192078,train
3192086,train
3192090,train
3192102,train
3192110,train
3192118,train
3192122,train
3192130,train
3192138,test
3192142,train
3192146,train
3192150,train
3192154,train
3192158,test
3192162,test
3192166,train
3192170,test
3192174,train
3192182,test
3192186,train
3192202,train
3192206,test
3192210,train
3192214,train
3192218,train
3192234,test
3192242,train
3192262,train
3192274,train
3192278,train
3192282,train
3192290,train
3192298,train
3192302,train
3192318,train
3192322,train
3192326,train
3192338,test
3192342,train
3192350,train
3192354,train
3192358,train
3192370,train
3192374,train
3192378,train
3192382,train
3192390,train
3192394,train
3192406,train
3192414,train
3192418,test
3192422,train
3192438,train
3192442,test
3192446,train
3192454,train
3192462,train
3192482,test
3192502,train
3192506,train
3192518,test
3192526,train
3192534,test
3192538,train
3192542,train
3192550,train
3192566,train
3192570,train
3192574,train
3192582,test
3192586,train
3192598,train
3192610,train
3192614,train
3192622,train
3192642,test
3192646,train
3192650,train
3192658,test
3192662,train
3192666,train
3192694,train
3192698,train
3192706,train
3192718,test
3192722,train
3192726,train
3192738,train
3192758,train
3192766,train
3192770,train
3192774,train
3192778,train
3192790,train
3192794,train
3192802,train
3192818,train
3192822,train
3192842,test
3192850,train
3192858,train
3192862,train
3192870,train
3192906,train
3192910,train
3192934,train
3192938,train
3192946,train
3192962,train
3192970,train
3192978,train
3192986,train
3192994,train
3193002,train
3193018,train
3193022,test
3193030,train
3193034,train
3193042,train
3193050,test
3193054,test
3193058,train
3193062,train
3193070,test
3193078,train
3193082,train
3193086,train
3193090,test
3193094,train
3193098,train
3193102,train
3193110,train
3193114,train
3193122,train
3193142,train
3193150,test
3193154,train
3193182,train
3193198,train
3193206,train
3193210,train
3193226,train
3193230,train
3193234,test
3193238,train
3193246,train
3193250,train
3193258,test
3193262,train
3193266,train
3193270,train
3193274,train
3193282,test
3193290,train
3193298,test
3193302,train
3193306,train
3193314,train
3193318,train
3193326,train
3193334,train
3193346,test
3193362,train
3193366,train
3193370,test
3193374,train
3193378,train
3193382,train
3193394,train
3193398,train
3193402,test
3193414,train
3193418,test
3193422,train
3193426,train
3193430,train
3193434,train
3193442,train
3193446,train
3193462,train
3193470,train
3193474,train
3193482,train
3193498,test
3193502,train
3193510,train
3193514,train
3193518,test
3193522,test
3193530,train
3193542,test
3193546,train
3193550,train
3193558,test
3193562,train
3193566,test
3193570,train
3193574,train
3193578,train
3193582,train
3193586,train
3193590,train
3193594,train
3193606,train
3193614,train
3193622,train
3193638,train
3193658,train
3193682,train
3193690,train
3193698,train
3193702,test
3193722,test
3193726,train
3193730,train
3193738,train
3193746,train
3193754,train
3193766,train
3193770,test
3193774,train
3193782,test
3193790,test
3193794,train
3193810,train
3193842,train
3193846,test
3193850,train
3193854,train
3193858,test
3193874,train
3193878,train
3193886,test
3193906,train
3193910,train
3193918,train
3193926,train
3193930,train
3193934,train
3193950,train
3193958,train
3193962,train
3193966,test
3193970,train
3193974,train
3193986,test
3193994,train
3194006,train
3194018,train
3194022,train
3194026,train
3194030,test
3194034,train
3194038,train
3194042,train
3194058,train
3194062,train
3194070,train
3194074,test
3194090,train
3194110,train
3194114,train
3194122,test
3194126,train
3194134,train
3194142,train
3194150,train
3194162,test
3194166,train
3194170,train
3194174,test
3194178,train
3194186,test
3194190,test
3194202,train
3194206,train
3194210,test
3194214,train
3194234,train
3194250,test
3194254,train
3194262,train
3194266,train
3194270,train
3194278,train
3194282,train
3194294,train
3194298,train
3194314,train
3194318,train
3194322,train
3194326,train
3194330,test
3194338,train
3194346,train
3194350,test
3194354,train
3194362,train
3194366,test
3194378,test
3194386,train
3194390,train
3194394,train
3194398,test
3194406,train
3194414,train
3194418,train
3194422,train
3194450,train
3194454,train
3194470,test
3194482,train
3194494,train
3194506,test
3194510,test
3194518,test
3194530,train
3194554,train
3194562,train
3194570,test
3194574,test
3194578,train
3194582,test
3194590,test
3194594,train
3194598,train
3194626,test
3194630,train
3194634,train
3194658,train
3194662,train
3194670,test
3194674,train
3194682,train
3194686,train
3194694,test
3194706,train
3194722,train
3194730,train
3194738,train
3194754,test
3194774,train
3194778,train
3194786,train
3194798,train
3194814,train
3194822,test
3194826,train
3194830,train
3194834,test
3194862,train
3194886,train
3194890,test
3194894,train
3194910,train
3194914,train
3194922,test
3194926,train
3194930,train
3194934,train
3194942,train
3194946,train
3194954,train
3194978,train
3194998,test
3195002,train
3195006,train
3195010,train
3195014,train
3195026,train
3195046,train
3195062,train
3195070,train
3195074,train
3195078,train
3195082,test
3195094,train
3195106,test
3195122,train
3195134,train
3195142,train
3195146,test
3195170,test
3195174,train
3195182,train
3195190,train
3195194,test
3195218,train
3195226,train
3195246,train
3195254,train
3195258,train
3195282,train
3195286,train
3195294,train
3195302,train
3195306,test
3195310,train
3195330,train
3195338,train
3195342,train
3195354,train
3195358,train
3195362,train
3195366,train
3195382,train
3195398,test
3195402,train
3195406,train
3195414,train
3195418,test
3195422,train
3195426,test
3195430,train
3195442,train
3195446,train
3195466,test
3195470,train
3195482,train
3195490,train
3195498,train
3195518,train
3195522,train
3195526,train
3195530,train
3195534,train
3195538,train
3195542,train
3195550,test
3195554,test
3195558,train
3195562,train
3195570,test
3195586,train
3195594,test
3195606,train
3195614,train
3195618,train
3195622,train
3195626,train
3195642,train
3195654,test
3195658,train
3195662,train
3195666,train
3195674,train
3195682,train
3195686,train
3195694,train
3195698,train
3195702,train
3195706,train
3195718,train
3195726,train
3195738,train
3195750,train
3195754,train
3195758,train
3195770,train
3195774,train
3195786,train
3195798,train
3195806,train
3195810,train
3195818,test
3195838,train
3195846,test
3195890,train
3195898,train
3195906,train
3195918,test
3195926,train
3195930,train
3195934,train
3195942,train
3195950,train
3195958,train
3195966,train
3195978,train
3195990,train
3196002,train
3196006,test
3196018,train
3196030,test
3196038,train
3196042,train
3196046,train
3196050,train
3196058,train
3196062,train
3196078,test
3196082,test
3196094,train
3196098,train
3196110,train
3196114,train
3196118,test
3196122,train
3196130,train
3196138,train
3196150,test
3196158,train
3196162,train
3196170,train
3196174,train
3196186,train
3196190,train
3196194,train
3196198,train
3196206,train
3196210,train
3196226,train
3196234,train
3196238,test
3196246,train
3196250,test
3196254,test
3196270,train
3196282,train
3196290,train
3196294,train
3196298,train
3196314,train
3196318,train
3196326,train
3196346,test
3196350,test
3196358,test
3196362,train
3196370,test
3196378,train
3196386,train
3196398,test
3196414,train
3196422,test
3196430,train
3196454,train
3196466,train
3196470,train
3196474,test
3196482,train
3196490,test
3196494,train
3196498,train
3196502,train
3196514,train
3196522,train
3196526,train
3196530,train
3196538,train
3196554,train
3196574,train
3196582,train
3196586,train
3196594,train
3196598,train
3196602,train
3196610,train
3196614,train
3196622,train
3196646,train
3196650,train
3196662,train
3196682,train
3196694,train
3196706,train
3196710,test
3196714,train
3196722,train
3196734,train
3196750,train
3196754,train
3196762,train
3196774,train
3196778,train
3196802,train
3196806,train
3196822,train
3196830,train
3196834,train
3196858,train
3196866,train
3196878,test
3196882,train
3196890,train
3196894,train
3196898,train
3196914,train
3196922,train
3196926,train
3196942,train
3196962,train
3196966,test
3196970,train
3196994,train
3197014,train
3197018,train
3197026,test
3197030,train
3197034,test
3197038,train
3197042,train
3197070,train
3197086,train
3197098,train
3197106,train
3197118,test
3197122,test
3197126,test
3197138,train
3197142,train
3197150,train
3197158,train
3197166,train
3197170,test
3197182,train
3197186,train
3197190,test
3197210,train
3197214,train
3197218,train
3197222,train
3197246,train
3197250,train
3197258,train
3197262,train
3197266,train
3197286,train
3197290,train
3197294,train
3197306,train
3197310,test
3197318,train
3197322,train
3197338,test
3197354,test
3197362,train
3197366,test
3197370,train
3197374,test
3197390,train
3197394,test
3197406,train
3197422,test
3197426,train
3197430,train
3197434,train
3197462,train
3197478,train
3197490,train
3197494,train
3197502,train
3197506,test
3197510,train
3197514,test
3197522,train
3197534,train
3197538,test
3197550,train
3197554,train
3197558,train
3197566,train
3197578,test
3197582,train
3197590,train
3197618,train
3197622,test
3197626,train
3197630,train
3197646,train
3197658,test
3197662,train
3197670,train
3197678,train
3197682,train
3197686,train
3197706,test
3197714,train
3197718,train
3197726,train
3197730,train
3197734,test
3197738,train
3197742,train
3197746,train
3197750,train
3197770,train
3197774,test
3197786,train
3197798,test
3197802,train
3197810,train
3197814,test
3197818,train
3197822,train
3197826,train
3197834,test
3197838,test
3197854,train
3197874,train
3197894,train
3197898,train
3197910,train
3197914,train
3197918,train
3197922,train
3197930,train
3197934,train
3197938,test
3197942,train
3197954,test
3197958,train
3197962,test
3197966,train
3197970,train
3197974,train
3197986,train
3197990,train
3198014,train
3198022,train
3198042,train
3198046,test
3198058,train
3198062,train
3198066,test
3198074,train
3198090,test
3198098,train
3198106,train
3198110,train
3198126,train
3198130,train
3198134,train
3198142,train
3198146,train
3198150,test
3198158,train
3198170,train
3198174,train
3198178,train
3198194,train
3198198,train
3198202,train
3198206,train
3198214,test
3198222,train
3198226,train
3198230,test
3198246,train
3198258,train
3198270,train
3198274,train
3198278,train
3198286,train
3198294,train
3198298,train
3198302,train
3198310,test
3198314,test
3198318,train
3198334,train
3198354,train
3198362,train
3198366,train
3198370,train
3198374,train
3198386,train
3198390,train
3198402,train
3198406,train
3198410,train
3198442,train
3198454,train
3198486,train
3198490,train
3198494,test
3198498,train
3198502,train
3198506,train
3198510,train
3198522,train
3198558,train
3198570,train
3198574,train
3198582,train
3198586,train
3198594,train
3198598,train
3198610,train
3198626,test
3198630,test
3198638,test
3198642,train
3198646,train
3198654,train
3198662,train
3198682,train
3198686,train
3198690,train
3198694,train
3198698,train
3198702,train
3198706,train
3198714,train
3198726,train
3198730,test
3198734,train
3198738,train
3198742,test
3198746,train
3198758,train
3198762,train
3198766,train
3198770,test
3198790,train
3198798,train
3198802,train
3198806,test
3198822,test
3198830,test
3198842,train
3198850,train
3198866,train
3198870,test
3198878,train
3198882,test
3198898,train
3198914,train
3198918,test
3198922,train
3198926,train
3198930,test
3198942,train
3198946,test
3198962,test
3198966,train
3198970,train
3198974,train
3198978,train
3198982,train
3198986,train
3198990,train
3198994,train
3198998,train
3199006,train
3199010,test
3199018,train
3199026,train
3199030,train
3199034,test
3199058,train
3199062,train
3199070,test
3199078,train
3199082,test
3199094,train
3199098,train
3199106,train
3199110,train
3199114,train
3199118,train
3199142,train
3199158,train
3199162,test
3199178,train
3199186,test
3199202,test
3199210,train
3199218,test
3199238,test
3199242,train
3199250,train
3199258,train
3199266,train
3199270,test
3199282,train
3199286,test
3199298,train
3199314,train
3199318,train
3199322,train
3199330,train
3199338,train
3199342,test
3199346,train
3199358,train
3199362,test
3199382,train
3199386,train
3199390,train
3199394,train
3199398,train
3199406,train
3199414,train
3199438,train
3199442,test
3199446,train
3199458,train
3199462,test
3199470,train
3199474,test
3199482,train
3199490,test
3199506,train
3199526,train
3199546,train
3199550,train
3199554,train
3199558,test
3199562,train
3199566,train
3199574,train
3199586,train
3199594,train
3199602,train
3199618,train
3199630,train
3199634,train
3199638,train
3199650,train
3199658,train
3199662,train
3199666,train
3199674,train
3199678,train
3199686,train
3199690,train
3199698,train
3199702,train
3199706,train
3199710,test
3199726,train
3199738,train
3199742,train
3199750,train
3199754,train
3199762,train
3199766,test
3199770,test
3199774,train
3199798,train
3199814,test
3199822,train
3199826,train
3199846,train
3199850,train
3199854,train
3199858,train
3199862,train
3199866,train
3199902,train
3199906,train
3199910,train
3199918,train
3199926,train
3199930,train
3199934,train
3199946,train
3199950,train
3199954,train
3199958,train
3199974,train
3199998,train
3200002,train
3200014,train
3200022,train
3200034,test
3200042,train
3200046,train
3200050,train
3200058,train
3200070,train
3200082,train
3200090,train
3200102,train
3200110,train
3200122,train
3200130,train
3200134,train
3200142,test
3200146,train
3200154,train
3200158,train
3200170,train
3200174,train
3200182,train
3200186,test
3200190,train
3200198,test
3200202,train
3200206,train
3200210,train
3200214,train
3200218,train
3200222,train
3200226,test
3200234,test
3200246,train
3200250,train
3200262,test
3200270,train
3200290,test
3200294,train
3200298,train
3200302,train
3200306,train
3200310,test
3200318,train
3200322,test
3200330,train
3200334,train
3200338,train
3200354,train
3200358,train
3200362,train
3200374,train
3200386,train
3200390,train
3200394,train
3200402,test
3200410,test
3200422,train
3200438,train
3200446,test
3200470,train
3200482,train
3200506,train
3200518,train
3200526,train
3200530,train
3200566,train
3200570,train
3200578,train
3200590,train
3200598,train
3200610,train
3200618,train
3200630,test
3200638,test
3200646,train
3200650,train
3200662,train
3200666,train
3200682,test
3200686,train
3200694,test
3200698,train
3200706,train
3200718,test
3200730,train
3200742,train
3200746,train
3200754,train
3200762,train
3200766,train
3200770,train
3200778,test
3200782,train
3200786,train
3200790,train
3200794,train
3200802,train
3200806,train
3200818,test
3200822,train
3200834,train
3200838,train
3200842,train
3200850,train
3200858,train
3200862,train
3200874,train
3200894,train
3200918,train
3200926,train
3200950,train
3200954,train
3200958,test
3200962,train
3200974,test
3200978,train
3200990,train
3200998,train
3201002,test
3201010,test
3201014,train
3201018,train
3201022,test
3201030,train
3201042,train
3201046,train
3201050,train
3201054,train
3201074,train
3201082,train
3201086,train
3201094,test
3201110,train
3201114,train
3201126,train
3201142,train
3201150,train
3201154,test
3201158,train
3201170,train
3201178,test
3201182,train
3201186,train
3201198,train
3201202,train
3201218,test
3201226,train
3201234,test
3201254,test
3201258,train
3201266,test
3201270,train
3201274,test
3201278,test
3201282,train
3201286,train
3201298,train
3201306,train
3201318,train
3201326,train
3201338,train
3201342,train
3201350,train
3201354,test
3201366,train
3201370,train
3201390,train
3201394,train
3201398,test
3201402,train
3201406,train
3201414,train
3201430,train
3201450,train
3201470,test
3201478,train
3201482,train
3201486,train
3201498,train
3201506,test
3201514,train
3201518,train
3201522,train
3201526,train
3201530,train
3201534,train
3201542,train
3201546,train
3201554,train
3201562,train
3201566,train
3201570,train
3201586,train
3201598,train
3201610,train
3201614,train
3201618,test
3201622,train
3201626,train
3201634,train
3201638,train
3201642,train
3201654,train
3201670,train
3201674,train
3201678,train
3201694,train
3201702,train
3201706,train
3201710,train
3201714,train
3201718,test
3201722,train
3201730,test
3201738,train
3201742,train
3201750,train
3201766,train
3201770,train
3201774,train
3201786,train
3201794,train
3201810,test
3201822,test
3201834,train
3201842,train
3201846,train
3201850,test
3201866,train
3201878,train
3201882,test
3201886,train
3201890,train
3201894,train
3201898,train
3201902,train
3201910,train
3201942,train
3201954,test
3201962,train
3201966,train
3201978,train
3201982,train
3201994,train
3202002,train
3202010,train
3202014,train
3202018,train
3202022,train
3202026,train
3202030,train
3202042,train
3202050,train
3202054,test
3202062,test
3202070,train
3202082,train
3202086,train
3202106,train
3202110,train
3202114,train
3202142,train
3202146,train
3202150,train
3202166,train
3202170,train
3202182,train
3202186,train
3202190,train
3202202,test
3202214,train
3202222,train
3202226,train
3202246,test
3202250,test
3202254,train
3202262,train
3202266,train
3202270,train
3202274,train
3202278,train
3202314,train
3202318,train
3202322,train
3202346,train
3202350,train
3202362,test
3202378,train
3202390,train
3202394,train
3202410,train
3202414,train
3202418,train
3202430,train
3202434,train
3202442,test
3202450,train
3202458,train
3202466,train
3202470,train
3202478,train
3202490,train
3202494,train
3202498,train
3202502,train
3202518,train
3202530,train
3202554,train
3202558,train
3202590,train
3202594,train
3202606,test
3202614,train
3202618,test
3202622,train
3202626,test
3202638,test
3202650,train
3202658,train
3202662,train
3202678,train
3202682,train
3202706,test
3202710,test
3202718,train
3202750,train
3202754,train
3202762,train
3202782,train
3202794,test
3202798,test
3202802,train
3202810,test
3202814,test
3202818,train
3202838,train
3202842,test
3202846,train
3202862,test
3202870,train
3202874,train
3202882,train
3202886,train
3202890,train
3202898,train
3202906,test
3202910,train
3202930,train
3202938,train
3202942,train
3202950,train
3202962,train
3202966,train
3202974,train
3202978,train
3202982,train
3202986,train
3202990,train
3203002,train
3203014,train
3203022,test
3203026,train
3203034,train
3203050,train
3203054,test
3203058,train
3203066,train
3203070,test
3203074,train
3203086,train
3203098,train
3203102,train
3203114,test
3203118,test
3203122,test
3203126,train
3203130,train
3203150,train
3203154,test
3203158,train
3203162,train
3203166,test
3203174,test
3203178,train
3203186,test
3203190,train
3203194,test
3203198,train
3203226,train
3203230,train
3203246,train
3203250,train
3203254,train
3203270,train
3203274,test
3203278,train
3203282,test
3203286,test
3203298,train
3203318,train
3203322,test
3203338,test
3203346,train
3203350,train
3203370,test
3203374,train
3203378,train
3203386,train
3203398,train
3203402,train
3203410,train
3203414,test
3203418,train
3203426,train
3203430,train
3203434,train
3203438,train
3203454,train
3203458,test
3203466,train
3203470,test
3203474,train
3203478,train
3203506,train
3203510,train
3203518,train
3203538,train
3203542,train
3203546,train
3203554,train
3203566,train
3203574,train
3203578,train
3203582,test
3203598,train
3203614,test
3203618,train
3203630,train
3203638,train
3203642,test
3203646,train
3203650,train
3203662,train
3203678,test
3203686,test
3203690,train
3203694,train
3203698,test
3203706,train
3203710,train
3203714,train
3203726,train
3203742,train
3203766,train
3203778,train
3203786,train
3203790,train
3203798,train
3203806,train
3203814,train
3203818,train
3203830,train
3203834,train
3203838,train
3203842,train
3203846,train
3203854,train
3203862,test
3203874,train
3203914,train
3203918,train
3203926,train
3203942,train
3203946,train
3203954,train
3203970,train
3203974,train
3203982,train
3203998,train
3204006,train
3204014,test
3204018,test
3204022,train
3204042,train
3204054,train
3204058,train
3204074,test
3204078,test
3204090,train
3204098,train
3204102,test
3204106,train
3204110,train
3204114,train
3204126,test
3204134,train
3204138,train
3204174,train
3204178,test
3204194,train
3204198,train
3204202,train
3204206,train
3204222,train
3204226,test
3204230,train
3204242,train
3204254,train
3204258,train
3204262,train
3204266,train
3204274,train
3204278,train
3204282,test
3204290,test
3204298,train
3204302,test
3204310,train
3204314,train
3204318,train
3204322,train
3204326,train
3204342,train
3204350,train
3204354,train
3204358,train
3204362,train
3204366,train
3204374,train
3204378,train
3204398,train
3204402,train
3204414,train
3204418,train
3204422,train
3204430,train
3204438,test
3204442,train
3204446,train
3204454,train
3204458,test
3204462,train
3204466,train
3204478,train
3204486,train
3204490,train
3204502,train
3204506,train
3204510,train
3204514,train
3204522,train
3204530,train
3204534,train
3204538,train
3204554,test
3204558,test
3204562,train
3204574,train
3204586,train
3204594,train
3204606,train
3204610,train
3204622,train
3204626,train
3204630,train
3204634,train
3204638,train
3204646,train
3204650,train
3204654,train
3204658,test
3204670,train
3204678,test
3204682,train
3204690,train
3204694,train
3204698,train
3204702,test
3204710,test
3204714,train
3204718,train
3204722,train
3204738,train
3204758,train
3204766,test
3204770,train
3204774,train
3204778,train
3204786,train
3204794,train
3204802,test
3204814,train
3204826,train
3204830,train
3204838,train
3204850,train
3204854,train
3204858,train
3204866,train
3204874,train
3204878,train
3204882,test
3204886,train
3204894,train
3204898,test
3204902,train
3204910,train
3204922,train
3204930,train
3204938,test
3204942,test
3204946,test
3204954,train
3204958,train
3204962,test
3204970,test
3204974,test
3204978,train
3204982,test
3204994,train
3205006,train
3205026,test
3205034,train
3205038,train
3205046,train
3205054,train
3205058,train
3205066,train
3205098,train
3205102,train
3205118,train
3205142,train
3205146,test
3205162,train
3205166,test
3205170,train
3205178,train
3205186,train
3205194,train
3205198,train
3205202,train
3205206,train
3205210,train
3205214,train
3205238,train
3205262,train
3205266,train
3205270,test
3205274,train
3205282,train
3205290,test
3205294,train
3205298,train
3205310,test
3205318,train
3205322,train
3205330,train
3205338,test
3205342,train
3205346,train
3205354,test
3205362,test
3205366,train
3205374,train
3205382,test
3205386,train
3205394,train
3205398,train
3205402,train
3205410,test
3205430,train
3205442,test
3205454,train
3205458,train
3205466,test
3205470,test
3205474,train
3205482,train
3205486,train
3205490,train
3205502,train
3205538,train
3205542,train
3205550,train
3205558,test
3205566,test
3205574,test
3205594,train
3205598,train
3205610,train
3205622,train
3205626,train
3205630,test
3205642,train
3205646,train
3205650,test
3205654,train
3205666,test
3205670,train
3205674,test
3205678,train
3205686,train
3205690,train
3205698,test
3205702,train
3205710,test
3205718,test
3205722,train
3205726,train
3205734,train
3205738,test
3205746,train
3205754,test
3205778,train
3205782,train
3205786,test
3205794,test
3205798,train
3205802,train
3205806,train
3205814,test
3205826,train
3205834,train
3205838,train
3205854,train
3205858,train
3205870,train
3205886,train
3205894,train
3205898,test
3205918,test
3205922,test
3205926,train
3205930,test
3205938,train
3205958,train
3205962,train
3205966,test
3205970,train
3205982,train
3205986,train
3205994,train
3205998,test
3206018,train
3206030,train
3206038,train
3206058,train
3206062,train
3206066,train
3206070,test
3206074,test
3206078,test
3206082,train
3206090,train
3206094,train
3206098,train
3206122,train
3206138,train
3206146,train
3206154,train
3206158,train
3206166,train
3206174,test
3206178,train
3206182,train
3206198,train
3206206,train
3206218,test
3206222,train
3206226,train
3206230,train
3206234,train
3206242,test
3206270,train
3206278,train
3206290,train
3206294,test
3206302,train
3206306,train
3206310,train
3206322,train
3206326,train
3206330,train
3206334,train
3206342,test
3206350,test
3206366,train
3206382,train
3206390,train
3206398,train
3206410,train
3206414,test
3206418,train
3206422,train
3206430,test
3206450,train
3206454,train
3206458,test
3206462,train
3206470,train
3206478,train
3206490,train
3206494,train
3206502,train
3206510,train
3206514,train
3206518,train
3206522,train
3206526,train
3206542,train
3206554,train
3206566,train
3206574,test
3206578,train
3206594,train
3206598,train
3206602,train
3206614,train
3206626,train
3206646,test
3206654,train
3206658,train
3206662,train
3206666,train
3206674,train
3206678,train
3206682,train
3206694,train
3206714,train
3206718,test
3206734,train
3206738,test
3206750,train
3206754,train
3206758,test
3206762,train
3206770,train
3206774,train
3206778,train
3206782,train
3206786,train
3206798,train
3206814,train
3206818,train
3206822,train
3206842,train
3206846,train
3206850,test
3206854,test
3206862,train
3206866,train
3206874,train
3206878,train
3206882,train
3206886,test
3206890,train
3206894,train
3206898,train
3206902,train
3206926,train
3206930,train
3206934,train
3206942,train
3206946,test
3206958,train
3206962,train
3206966,train
3206974,train
3206990,train
3206994,train
3206998,train
3207010,train
3207022,train
3207030,train
3207034,train
3207038,train
3207050,test
3207062,train
3207070,train
3207094,train
3207098,train
3207102,train
3207130,train
3207134,train
3207142,train
3207146,train
3207150,train
3207154,test
3207166,train
3207170,train
3207178,train
3207186,test
3207218,train
3207234,train
3207238,train
3207250,train
3207254,test
3207274,test
3207298,train
3207314,train
3207322,test
3207326,train
3207350,train
3207354,train
3207358,train
3207362,train
3207366,test
3207374,test
3207382,test
3207390,train
3207402,train
3207410,train
3207414,train
3207418,test
3207422,train
3207426,train
3207438,train
3207446,train
3207454,test
3207470,train
3207474,test
3207490,train
3207498,train
3207510,train
3207530,test
3207534,train
3207546,train
3207554,train
3207562,train
3207566,test
3207570,train
3207574,train
3207578,train
3207582,train
3207586,test
3207594,test
3207598,train
3207606,test
3207610,train
3207614,train
3207618,train
3207622,test
3207630,train
3207646,train
3207650,train
3207658,train
3207666,train
3207670,train
3207674,train
3207682,train
3207686,train
3207698,train
3207702,train
3207718,train
3207722,train
3207734,train
3207738,train
3207766,train
3207778,train
3207782,train
3207790,test
3207794,train
3207810,train
3207814,test
3207818,train
3207826,train
3207846,train
3207850,train
3207854,train
3207858,train
3207866,train
3207878,train
3207882,train
3207886,train
3207910,train
3207914,test
3207918,train
3207922,train
3207930,train
3207938,test
3207942,train
3207954,train
3207958,test
3207962,train
3207970,train
3207982,train
3207986,train
3207990,train
3207994,train
3207998,train
3208002,train
3208006,train
3208014,train
3208034,train
3208042,train
3208054,train
3208062,train
3208070,train
3208078,train
3208086,train
3208090,train
3208098,train
3208106,train
3208110,test
3208114,train
3208130,train
3208134,train
3208142,train
3208170,train
3208178,train
3208186,train
3208194,train
3208206,train
3208222,test
3208238,train
3208246,train
3208250,train
3208262,train
3208266,test
3208270,train
3208282,train
3208286,train
3208290,train
3208298,train
3208310,train
3208314,test
3208330,train
3208338,train
3208342,test
3208362,test
3208366,train
3208370,train
3208374,train
3208382,train
3208386,train
3208390,train
3208398,train
3208402,train
3208418,test
3208422,train
3208430,train
3208438,train
3208442,train
3208446,train
3208450,train
3208458,train
3208470,train
3208474,test
3208478,train
3208486,train
3208502,train
3208506,train
3208514,train
3208526,train
3208530,test
3208534,train
3208538,test
3208542,test
3208546,train
3208566,test
3208570,train
3208582,train
3208586,train
3208618,test
3208622,train
3208626,test
3208630,train
3208638,train
3208642,train
3208646,train
3208654,train
3208658,train
3208666,train
3208674,train
3208678,train
3208702,train
3208710,test
3208714,train
3208726,test
3208734,test
3208742,train
3208754,train
3208766,train
3208786,train
3208790,train
3208794,train
3208798,train
3208802,train
3208814,train
3208826,train
3208834,train
3208838,test
3208842,train
3208846,train
3208850,train
3208858,train
3208882,train
3208886,train
3208894,train
3208898,train
3208914,train
3208922,train
3208926,train
3208934,train
3208942,train
3208954,test
3208962,train
3208966,train
3208974,train
3208978,test
3208982,test
3208994,train
3208998,train
3209030,train
3209034,train
3209054,train
3209062,test
3209070,train
3209074,train
3209082,train
3209086,test
3209098,train
3209102,train
3209106,train
3209110,test
3209114,train
3209118,test
3209126,train
3209130,train
3209146,train
3209158,train
3209162,train
3209174,train
3209178,train
3209182,train
3209186,test
3209194,train
3209198,test
3209202,train
3209206,train
3209214,train
3209218,train
3209222,train
3209230,train
3209238,train
3209270,train
3209278,train
3209286,train
3209290,train
3209294,train
3209306,train
3209310,train
3209318,train
3209350,train
3209354,train
3209358,test
3209366,train
3209374,train
3209382,train
3209390,test
3209406,train
3209414,train
3209422,test
3209426,train
3209430,train
3209458,test
3209466,train
3209470,train
3209482,test
3209486,train
3209494,train
3209510,train
3209514,train
3209522,train
3209526,train
3209530,train
3209546,train
3209566,test
3209578,train
3209582,train
3209586,train
3209590,train
3209598,train
3209614,test
3209618,train
3209630,test
3209634,train
3209642,test
3209646,test
3209694,train
3209710,train
3209718,train
3209726,train
3209734,train
3209746,train
3209750,test
3209754,train
3209758,train
3209762,train
3209766,test
3209770,train
3209774,train
3209798,train
3209806,test
3209810,test
3209814,train
3209818,test
3209826,test
3209830,train
3209834,train
3209858,test
3209870,train
3209874,train
3209878,test
3209886,test
3209890,test
3209906,test
3209910,train
3209922,train
3209942,train
3209946,train
3209954,train
3209974,test
3209978,train
3209982,train
3210010,train
3210038,train
3210042,train
3210046,train
3210050,train
3210058,train
3210062,test
3210070,train
3210074,test
3210090,train
3210098,train
3210114,train
3210134,train
3210138,train
3210146,train
3210154,train
3210162,train
3210174,train
3210202,train
3210206,train
3210210,test
3210218,test
3210222,train
3210238,train
3210242,train
3210270,train
3210282,train
3210286,train
3210290,train
3210294,train
3210298,train
3210302,train
3210314,train
3210322,train
3210346,test
3210350,train
3210354,test
3210358,test
3210362,train
3210374,test
3210378,train
3210386,train
3210390,train
3210394,train
3210402,train
3210430,train
3210434,train
3210442,train
3210450,train
3210458,train
3210466,test
3210470,train
3210474,test
3210482,test
3210490,test
3210498,test
3210514,train
3210518,train
3210538,test
3210554,train
3210558,train
3210562,train
3210570,train
3210578,train
3210590,train
3210602,train
3210606,train
3210610,train
3210622,train
3210626,train
3210634,train
3210646,train
3210662,train
3210666,train
3210670,test
3210674,train
3210682,train
3210686,train
3210690,train
3210698,train
3210706,train
3210710,train
3210714,test
3210738,train
3210742,train
3210746,test
3210750,test
3210762,train
3210766,train
3210778,test
3210782,test
3210806,train
3210810,train
3210826,test
3210830,train
3210834,train
3210854,train
3210862,train
3210870,train
3210882,train
3210890,train
3210898,train
3210906,train
3210910,train
3210914,train
3210918,test
3210930,train
3210938,train
3210942,test
3210946,train
3210950,test
3210966,train
3210970,train
3210978,train
3210982,train
3210998,train
3211002,train
3211010,train
3211018,train
3211026,test
3211030,train
3211034,train
3211038,train
3211042,test
3211046,train
3211054,test
3211066,train
3211070,train
3211078,train
3211086,train
3211094,train
3211098,train
3211106,train
3211118,train
3211134,train
3211138,train
3211150,train
3211162,test
3211170,train
3211174,test
3211198,train
3211214,train
3211218,test
3211222,train
3211230,test
3211234,test
3211238,train
3211242,train
3211254,train
3211258,train
3211302,test
3211306,test
3211314,test
3211322,train
3211326,test
3211330,train
3211334,train
3211338,train
3211342,test
3211346,train
3211350,train
3211354,train
3211358,train
3211362,train
3211370,train
3211374,train
3211378,train
3211386,test
3211390,train
3211402,train
3211406,train
3211414,train
3211434,train
3211438,test
3211458,train
3211474,train
3211482,train
3211486,test
3211498,train
3211510,train
3211534,train
3211538,train
3211546,train
3211550,train
3211554,train
3211566,test
3211574,train
3211578,train
3211586,train
3211590,train
3211598,train
3211602,train
3211610,test
3211614,train
3211626,train
3211630,train
3211634,train
3211638,train
3211642,train
3211646,test
3211650,train
3211662,train
3211674,train
3211690,train
3211698,train
3211702,test
3211706,train
3211710,test
3211714,train
3211718,train
3211722,train
3211726,train
3211738,test
3211766,train
3211770,train
3211778,train
3211782,train
3211794,train
3211798,train
3211802,test
3211810,test
3211814,train
3211818,train
3211822,train
3211826,train
3211830,train
3211838,train
3211846,train
3211850,train
3211854,train
3211858,train
3211886,test
3211898,train
3211910,train
3211914,train
3211930,train
3211938,train
3211942,train
3211946,test
3211954,train
3211958,train
3211990,train
3211994,test
3212006,train
3212010,train
3212022,train
3212026,train
3212030,train
3212038,train
3212042,train
3212046,test
3212066,test
3212078,train
3212086,train
3212090,train
3212094,train
3212098,train
3212102,train
3212106,train
3212110,train
3212118,train
3212130,train
3212134,train
3212138,train
3212146,train
3212150,train
3212186,train
3212190,test
3212194,train
3212198,test
3212202,train
3212214,train
3212226,train
3212234,train
3212238,train
3212250,train
3212282,train
3212286,train
3212290,test
3212294,train
3212302,train
3212310,train
3212322,train
3212330,train
3212338,train
3212342,train
3212354,train
3212358,train
3212362,test
3212366,train
3212374,train
3212378,train
3212398,test
3212402,train
3212406,test
3212410,train
3212414,train
3212418,train
3212430,train
3212434,test
3212450,train
3212454,test
3212458,train
3212462,train
3212474,train
3212478,train
3212490,train
3212494,train
3212498,train
3212510,train
3212522,test
3212530,train
3212542,test
3212550,train
3212554,train
3212558,train
3212566,train
3212578,train
3212594,train
3212602,train
3212606,train
3212618,train
3212626,train
3212634,train
3212638,train
3212646,train
3212666,train
3212670,train
3212678,train
3212682,train
3212690,test
3212698,train
3212710,train
3212718,train
3212730,train
3212734,train
3212742,train
3212746,test
3212750,test
3212762,train
3212770,train
3212774,train
3212778,train
3212782,train
3212790,train
3212794,train
3212798,test
3212826,train
3212830,train
3212838,train
3212866,train
3212870,test
3212878,train
3212882,train
3212890,train
3212894,train
3212898,train
3212902,train
3212910,train
3212922,train
3212926,train
3212934,train
3212942,train
3212950,train
3212954,test
3212966,test
3212974,test
3212978,train
3212986,test
3212990,train
3212998,train
3213002,train
3213006,train
3213010,test
3213018,train
3213022,train
3213026,train
3213030,train
3213034,train
3213038,train
3213054,train
3213058,train
3213062,train
3213066,train
3213070,train
3213074,train
3213094,train
3213102,train
3213110,train
3213122,test
3213130,train
3213138,train
3213150,train
3213154,train
3213162,train
3213166,train
3213178,train
3213182,train
3213186,train
3213190,train
3213194,train
3213218,test
3213238,train
3213242,train
3213250,train
3213258,test
3213266,train
3213270,train
3213278,train
3213282,test
3213294,train
3213302,train
3213310,test
3213314,train
3213342,train
3213346,test
3213358,train
3213370,test
3213378,train
3213382,train
3213386,train
3213390,train
3213402,train
3213406,test
3213418,train
3213426,test
3213430,train
3213434,train
3213438,train
3213450,test
3213454,train
3213474,train
3213490,train
3213494,train
3213506,train
3213514,test
3213518,train
3213530,train
3213542,train
3213546,train
3213550,train
3213554,test
3213562,train
3213590,train
3213598,train
3213602,test
3213614,train
3213634,train
3213638,train
3213642,test
3213654,test
3213662,train
3213674,test
3213678,test
3213682,train
3213714,train
3213718,train
3213722,train
3213726,train
3213734,train
3213738,test
3213742,test
3213770,train
3213774,train
3213778,train
3213786,test
3213798,train
3213802,train
3213806,train
3213810,test
3213814,train
3213830,train
3213834,train
3213842,train
3213858,train
3213862,train
3213866,train
3213878,train
3213890,train
3213894,test
3213898,train
3213910,train
3213918,train
3213926,train
3213930,train
3213938,train
3213942,train
3213946,train
3213950,test
3213958,train
3213962,train
3213982,train
3213994,train
3213998,train
3214002,test
3214006,train
3214014,train
3214018,test
3214034,train
3214042,test
3214046,train
3214054,test
3214058,train
3214066,train
3214078,test
3214082,train
3214090,train
3214102,test
3214106,train
3214110,train
3214114,train
3214118,train
3214126,train
3214130,test
3214134,train
3214138,train
3214142,train
3214146,train
3214170,train
3214174,test
3214182,train
3214190,test
3214206,test
3214226,train
3214242,train
3214246,train
3214250,train
3214254,train
3214258,test
3214266,train
3214270,train
3214274,train
3214282,train
3214294,test
3214302,train
3214306,train
3214310,train
3214322,train
3214326,train
3214330,train
3214334,train
3214338,train
3214346,train
3214350,train
3214354,train
3214358,test
3214362,train
3214374,train
3214378,train
3214386,train
3214394,train
3214410,train
3214414,test
3214422,train
3214430,test
3214434,train
3214438,train
3214450,train
3214470,test
3214478,test
3214482,train
3214502,train
3214514,train
3214518,train
3214522,train
3214526,train
3214530,train
3214538,test
3214546,test
3214574,train
3214578,test
3214582,train
3214586,train
3214590,train
3214606,test
3214610,train
3214614,test
3214622,train
3214630,train
3214634,train
3214646,train
3214654,train
3214658,test
3214662,train
3214674,train
3214682,train
3214694,test
3214706,train
3214714,train
3214734,train
3214738,train
3214762,train
3214766,train
3214778,train
3214786,train
3214790,train
3214798,train
3214802,train
3214806,train
3214818,test
3214822,train
3214826,train
3214834,train
3214850,test
3214886,train
3214890,test
3214898,train
3214902,test
3214930,train
3214950,train
3214958,train
3214966,test
3214970,train
3214974,train
3214978,train
3214994,train
3215002,train
3215006,train
3215010,train
3215034,test
3215042,train
3215050,train
3215058,train
3215070,test
3215082,train
3215118,train
3215122,train
3215126,train
3215130,train
3215134,train
3215138,train
3215142,test
3215146,train
3215150,train
3215154,test
3215158,train
3215162,train
3215170,train
3215174,train
3215178,train
3215182,train
3215190,train
3215210,test
3215214,train
3215218,train
3215226,train
3215234,train
3215238,train
3215246,train
3215258,train
3215270,train
3215278,train
3215282,train
3215290,train
3215298,test
3215302,train
3215310,train
3215314,train
3215322,test
3215326,test
3215338,train
3215366,train
3215370,train
3215374,train
3215386,train
3215390,train
3215402,train
3215418,test
3215426,train
3215434,train
3215438,test
3215446,train
3215450,train
3215458,test
3215494,test
3215502,train
3215518,train
3215522,train
3215526,train
3215530,test
3215534,train
3215546,train
3215554,train
3215562,train
3215570,train
3215574,test
3215578,train
3215594,test
3215598,train
3215602,train
3215610,test
3215618,train
3215626,train
3215634,train
3215638,train
3215642,test
3215670,train
3215674,train
3215678,train
3215694,train
3215698,train
3215702,test
3215710,train
3215714,train
3215718,train
3215722,test
3215734,train
3215746,train
3215758,train
3215766,train
3215782,test
3215786,test
3215806,train
3215814,train
3215818,train
3215822,train
3215826,train
3215842,train
3215846,train
3215850,train
3215854,test
3215858,test
3215862,train
3215866,train
3215870,train
3215874,train
3215878,test
3215882,train
3215886,train
3215894,train
3215910,train
3215934,train
3215946,train
3215950,train
3215954,train
3215966,train
3215974,test
3215982,train
3216002,test
3216010,train
3216034,train
3216038,train
3216054,train
3216062,train
3216074,train
3216078,train
3216090,train
3216094,test
3216098,test
3216110,train
3216114,test
3216118,test
3216130,test
3216134,train
3216138,train
3216142,train
3216146,train
3216154,train
3216162,test
3216166,train
3216170,train
3216174,train
3216178,train
3216186,train
3216190,train
3216194,train
3216214,train
3216218,train
3216222,train
3216226,test
3216230,train
3216250,train
3216262,train
3216266,train
3216282,train
3216286,train
3216290,test
3216298,train
3216302,train
3216306,train
3216314,test
3216318,train
3216322,train
3216326,test
3216330,test
3216334,train
3216342,test
3216358,train
3216362,test
3216366,train
3216390,train
3216406,train
3216418,train
3216442,test
3216446,train
3216450,train
3216474,train
3216486,train
3216494,train
3216498,train
3216506,test
3216514,test
3216530,train
3216542,train
3216546,train
3216550,train
3216554,train
3216558,train
3216562,test
3216570,train
3216574,train
3216586,train
3216590,test
3216594,train
3216598,train
3216606,train
3216614,test
3216626,train
3216630,train
3216642,test
3216658,test
3216662,train
3216666,train
3216686,train
3216694,train
3216702,train
3216714,train
3216726,train
3216734,test
3216742,train
3216746,train
3216750,train
3216762,train
3216766,train
3216770,train
3216778,train
3216790,test
3216802,train
3216806,test
3216814,train
3216826,train
3216842,test
3216846,train
3216850,train
3216858,train
3216862,train
3216866,train
3216874,train
3216882,test
3216886,test
3216894,train
3216898,train
3216906,train
3216914,test
3216918,train
3216926,train
3216930,test
3216942,train
3216954,train
3216962,train
3216978,test
3216990,train
3216994,train
3216998,train
3217002,train
3217006,train
3217014,test
3217022,train
3217026,test
3217042,train
3217054,train
3217066,train
3217070,train
3217078,train
3217082,test
3217086,train
3217094,train
3217098,test
3217118,test
3217122,train
3217130,train
3217142,test
3217150,train
3217154,train
3217158,train
3217162,train
3217170,train
3217178,train
3217194,test
3217198,test
3217202,train
3217210,test
3217214,train
3217218,test
3217226,train
3217238,train
3217242,test
3217274,train
3217278,train
3217286,train
3217302,train
3217306,train
3217322,train
3217330,test
3217338,train
3217342,train
3217346,train
3217354,train
3217358,train
3217362,test
3217370,train
3217374,train
3217394,train
3217414,test
3217418,train
3217426,train
3217430,train
3217478,train
3217482,train
3217502,test
3217510,train
3217514,test
3217518,train
3217522,train
3217526,train
3217530,train
3217534,test
3217542,train
3217550,train
3217562,train
3217570,test
3217574,train
3217578,train
3217586,test
3217610,train
3217622,train
3217626,test
3217630,train
3217638,train
3217650,train
3217658,train
3217666,train
3217674,train
3217682,train
3217690,train
3217698,train
3217702,train
3217710,train
3217718,train
3217722,test
3217730,train
3217734,train
3217738,train
3217742,train
3217750,train
3217754,train
3217758,train
3217762,test
3217774,test
3217778,train
3217782,train
3217786,train
3217790,train
3217802,train
3217810,train
3217818,train
3217822,test
3217830,train
3217850,test
3217862,train
3217870,train
3217882,train
3217886,train
3217902,train
3217926,train
3217942,train
3217954,train
3217962,train
3217966,train
3217970,test
3217974,train
3217990,train
3217994,train
3217998,train
3218002,test
3218010,train
3218026,train
3218054,train
3218066,train
3218074,train
3218078,train
3218082,train
3218086,train
3218090,train
3218098,train
3218134,train
3218146,train
3218150,train
3218170,train
3218174,train
3218182,test
3218210,train
3218214,train
3218218,train
3218226,train
3218230,train
3218238,train
3218262,train
3218266,train
3218274,train
3218298,train
3218314,train
3218322,train
3218326,train
3218334,train
3218338,test
3218342,train
3218350,train
3218378,train
3218390,train
3218402,train
3218406,train
3218422,train
3218438,test
3218442,test
3218454,train
3218462,test
3218470,train
3218474,train
3218478,train
3218490,train
3218494,train
3218498,train
3218502,test
3218506,train
3218522,train
3218526,train
3218538,train
3218554,test
3218558,test
3218566,train
3218582,train
3218598,test
3218602,train
3218606,train
3218610,train
3218614,test
3218630,train
3218634,train
3218646,train
3218650,train
3218658,train
3218662,test
3218666,train
3218678,test
3218690,train
3218694,train
3218702,test
3218742,test
3218758,train
3218766,train
3218770,train
3218774,train
3218778,train
3218794,train
3218802,test
3218818,train
3218826,train
3218830,train
3218842,train
3218854,train
3218858,train
3218862,train
3218870,train
3218874,train
3218882,train
3218890,train
3218894,test
3218906,train
3218914,train
3218918,train
3218922,train
3218926,train
3218930,test
3218942,train
3218950,train
3218954,train
3218962,test
3218966,train
3218990,train
3219010,train
3219014,train
3219018,train
3219022,train
3219034,train
3219038,train
3219042,test
3219046,train
3219054,train
3219062,test
3219070,train
3219074,train
3219078,test
3219086,train
3219090,train
3219094,train
3219098,train
3219102,train
3219106,train
3219114,train
3219122,train
3219130,train
3219146,train
3219174,train
3219178,train
3219182,train
3219194,train
3219210,train
3219214,test
3219218,train
3219222,train
3219230,train
3219238,train
3219242,test
3219246,train
3219250,train
3219254,test
3219258,test
3219298,train
3219302,test
3219310,train
3219314,test
3219318,test
3219330,train
3219338,train
3219342,test
3219346,train
3219350,train
3219358,train
3219362,train
3219370,train
3219374,train
3219378,train
3219382,train
3219398,train
3219414,train
3219418,train
3219422,train
3219434,train
3219438,train
3219442,test
3219450,test
3219458,train
3219462,train
3219466,train
3219470,test
3219474,test
3219478,train
3219486,train
3219494,train
3219498,train
3219506,train
3219514,train
3219522,train
3219526,train
3219534,train
3219542,train
3219550,train
3219558,test
3219562,train
3219574,train
3219586,train
3219598,train
3219606,train
3219610,train
3219614,train
3219622,train
3219626,train
3219638,train
3219650,test
3219658,train
3219662,train
3219666,train
3219674,train
3219690,train
3219698,train
3219722,train
3219730,test
3219734,train
3219738,train
3219742,test
3219746,test
3219750,train
3219762,train
3219770,train
3219782,test
3219786,train
3219822,train
3219826,train
3219830,train
3219846,train
3219854,train
3219858,train
3219870,train
3219878,train
3219886,test
3219898,train
3219902,train
3219906,train
3219910,test
3219914,train
3219922,train
3219930,train
3219934,train
3219938,train
3219950,train
3219954,test
3219958,train
3219970,train
3219974,test
3219978,train
3219990,train
3219994,train
3219998,train
3220010,train
3220018,train
3220046,train
3220054,test
3220058,train
3220062,test
3220066,train
3220070,train
3220074,train
3220078,test
3220086,train
3220098,train
3220102,train
3220114,train
3220118,train
3220126,train
3220134,train
3220138,test
3220150,train
3220154,train
3220162,train
3220170,train
3220174,train
3220178,train
3220182,train
3220194,test
3220202,train
3220206,train
3220214,test
3220226,train
3220246,train
3220250,train
3220266,train
3220270,train
3220286,train
3220298,train
3220302,test
3220310,test
3220314,train
3220318,train
3220322,train
3220334,train
3220338,test
3220342,train
3220362,train
3220366,train
3220374,train
3220382,train
3220386,train
3220398,test
3220406,train
3220410,train
3220418,test
3220434,train
3220450,train
3220454,test
3220462,test
3220478,train
3220482,train
3220486,train
3220490,train
3220498,train
3220514,train
3220522,test
3220526,train
3220530,train
3220538,test
3220542,train
3220546,train
3220550,test
3220554,train
3220558,train
3220566,train
3220574,train
3220582,train
3220586,test
3220590,test
3220622,train
3220626,train
3220634,test
3220642,train
3220662,train
3220666,test
3220694,train
3220698,train
3220702,test
3220706,train
3220710,train
3220718,train
3220726,train
3220730,train
3220738,train
3220742,train
3220750,train
3220754,train
3220758,train
3220762,test
3220770,train
3220774,train
3220778,train
3220790,train
3220806,train
3220818,test
3220822,train
3220830,train
3220838,test
3220850,test
3220854,train
3220874,train
3220878,train
3220882,test
3220894,train
3220902,train
3220906,train
3220934,train
3220938,train
3220946,train
3220950,train
3220970,train
3220978,train
3220982,train
3220986,train
3220990,test
3220994,train
3220998,train
3221002,train
3221006,train
3221010,train
3221014,train
3221022,train
3221026,train
3221038,train
3221046,train
3221058,train
3221062,train
3221066,train
3221070,test
3221078,test
3221082,train
3221086,test
3221090,train
3221094,train
3221118,test
3221138,train
3221142,train
3221154,train
3221166,train
3221174,train
3221178,train
3221186,test
3221198,train
3221202,train
3221214,train
3221218,train
3221226,test
3221238,train
3221246,train
3221274,test
3221290,test
3221294,train
3221298,test
3221302,test
3221318,train
3221338,train
3221342,train
3221354,train
3221358,train
3221362,train
3221370,train
3221374,train
3221386,test
3221394,train
3221398,train
3221410,train
3221418,train
3221422,train
3221434,test
3221466,train
3221470,train
3221474,train
3221486,train
3221502,test
3221506,train
3221510,train
3221530,train
3221538,test
3221550,train
3221554,train
3221558,train
3221562,test
3221570,train
3221574,train
3221586,test
3221594,train
3221598,test
3221610,test
3221630,train
3221638,test
3221650,train
3221654,train
3221666,test
3221674,train
3221678,train
3221682,test
3221686,train
3221690,train
3221694,train
3221698,train
3221702,train
3221706,train
3221734,train
3221742,train
3221746,train
3221750,train
3221758,train
3221766,test
3221778,test
3221786,train
3221798,train
3221802,train
3221806,train
3221810,train
3221818,test
3221822,test
3221826,train
3221834,train
3221842,test
3221846,train
3221854,train
3221862,train
3221878,train
3221886,train
3221898,train
3221902,train
3221906,train
3221910,train
3221922,train
3221926,train
3221930,test
3221938,test
3221942,train
3221946,train
3221950,train
3221958,train
3221970,test
3221978,train
3221994,train
3221998,train
3222006,train
3222010,train
3222014,test
3222026,train
3222030,test
3222046,test
3222070,train
3222078,train
3222090,train
3222106,test
3222114,test
3222130,test
3222134,train
3222138,train
3222142,train
3222146,train
3222150,test
3222166,train
3222174,train
3222182,train
3222194,train
3222234,test
3222242,train
3222246,test
3222258,train
3222270,train
3222278,train
3222282,train
3222286,train
3222290,train
3222294,train
3222298,train
3222310,train
3222338,train
3222342,test
3222350,train
3222362,train
3222378,test
3222386,test
3222398,train
3222402,test
3222410,train
3222414,test
3222422,train
3222426,train
3222430,train
3222438,train
3222450,train
3222458,train
3222470,train
3222482,train
3222486,train
3222490,train
3222502,train
3222506,train
3222510,train
3222514,train
3222518,train
3222526,train
3222542,train
3222546,train
3222550,train
3222554,train
3222574,test
3222578,train
3222586,train
3222590,train
3222594,test
3222598,train
3222602,train
3222622,train
3222630,train
3222646,train
3222650,train
3222654,train
3222662,test
3222678,train
3222686,train
3222694,train
3222698,train
3222702,train
3222738,test
3222746,train
3222750,train
3222762,train
3222766,train
3222770,train
3222778,train
3222782,train
3222786,train
3222790,test
3222810,test
3222814,train
3222818,train
3222834,train
3222842,test
3222846,train
3222854,train
3222862,train
3222866,test
3222870,train
3222874,train
3222878,test
3222890,train
3222894,train
3222898,train
3222906,train
3222918,train
3222930,train
3222946,train
3222958,train
3222962,train
3222974,train
3222990,train
3223010,train
3223018,train
3223026,test
3223034,test
3223046,train
3223050,train
3223058,test
3223062,train
3223066,train
3223074,test
3223086,train
3223098,train
3223102,train
3223106,train
3223142,train
3223146,train
3223150,train
3223154,train
3223162,train
3223186,train
3223190,test
3223198,test
3223206,train
3223214,train
3223230,train
3223238,train
3223242,train
3223246,train
3223254,train
3223266,test
3223270,train
3223278,train
3223298,test
3223306,train
3223314,train
3223318,train
3223322,train
3223326,test
3223330,train
3223334,train
3223350,train
3223354,train
3223366,train
3223390,train
3223394,train
3223410,train
3223442,train
3223450,train
3223458,train
3223462,test
3223466,test
3223498,test
3223506,test
3223514,train
3223518,train
3223522,train
3223526,test
3223530,train
3223538,train
3223550,train
3223554,test
3223562,train
3223566,train
3223570,train
3223578,train
3223586,train
3223602,test
3223610,train
3223634,test
3223638,train
3223642,train
3223654,train
3223682,train
3223686,train
3223690,train
3223698,train
3223706,test
3223710,train
3223718,train
3223722,test
3223738,train
3223742,test
3223754,test
3223758,train
3223770,test
3223786,train
3223802,train
3223810,train
3223818,train
3223822,train
3223830,train
3223834,test
3223838,train
3223846,train
3223854,train
3223870,train
3223882,test
3223886,train
3223894,train
3223902,train
3223914,test
3223922,train
3223926,train
3223930,train
3223958,train
3223966,train
3223970,test
3223994,train
3223998,train
3224006,test
3224018,train
3224034,train
3224046,train
3224050,train
3224054,train
3224066,train
3224086,test
3224102,test
3224106,train
3224110,train
3224122,train
3224126,train
3224134,test
3224138,train
3224166,train
3224182,train
3224190,train
3224194,test
3224198,train
3224202,train
3224210,train
3224214,train
3224242,train
3224250,train
3224254,train
3224262,train
3224266,test
3224270,test
3224278,train
3224282,test
3224286,train
3224294,train
3224298,train
3224306,train
3224310,train
3224318,train
3224322,train
3224326,train
3224334,train
3224342,test
3224354,test
3224358,train
3224366,train
3224378,train
3224382,train
3224418,train
3224422,train
3224438,train
3224454,train
3224470,test
3224474,train
3224482,train
3224490,train
3224502,train
3224506,train
3224510,train
3224526,train
3224542,train
3224558,train
3224562,train
3224570,test
3224586,train
3224590,train
3224594,test
3224614,test
3224634,train
3224638,train
3224642,train
3224646,train
3224650,train
3224658,train
3224662,train
3224666,train
3224698,train
3224702,train
3224718,train
3224734,train
3224742,train
3224758,train
3224762,train
3224770,test
3224774,train
3224778,train
3224782,train
3224790,train
3224794,train
3224798,test
3224814,train
3224818,train
3224830,train
3224834,train
3224842,train
3224850,train
3224878,train
3224886,train
3224890,train
3224894,train
3224902,test
3224914,train
3224918,train
3224922,test
3224926,test
3224930,train
3224938,train
3224942,train
3224946,test
3224950,train
3224958,train
3224966,train
3224974,train
3224982,test
3224986,train
3224990,train
3224994,train
3225002,train
3225006,train
3225010,train
3225018,train
3225022,train
3225026,train
3225042,test
3225050,test
3225058,train
3225062,train
3225066,train
3225074,train
3225090,train
3225094,train
3225130,test
3225134,train
3225138,train
3225154,train
3225170,train
3225182,train
3225186,train
3225190,train
3225206,train
3225210,train
3225214,train
3225222,test
3225238,train
3225254,test
3225290,train
3225298,train
3225302,train
3225306,train
3225310,train
3225322,test
3225326,train
3225334,train
3225354,train
3225362,train
3225382,test
3225386,train
3225406,train
3225414,train
3225418,train
3225422,train
3225462,train
3225466,test
3225470,train
3225478,train
3225486,train
3225498,test
3225518,train
3225526,train
3225534,train
3225554,train
3225566,train
3225570,train
3225602,train
3225610,train
3225614,train
3225618,train
3225626,train
3225630,train
3225642,train
3225646,test
3225650,train
3225654,train
3225658,train
3225662,train
3225674,test
3225678,test
3225686,train
3225690,train
3225694,train
3225706,train
3225730,train
3225738,train
3225746,test
3225750,test
3225766,test
3225778,train
3225786,test
3225802,train
3225806,train
3225814,train
3225830,test
3225842,train
3225866,train
3225874,train
3225878,train
3225882,train
3225902,train
3225914,train
3225918,test
3225922,train
3225930,test
3225938,train
3225950,train
3225958,train
3225986,train
3225990,test
3225998,train
3226002,test
3226006,test
3226014,train
3226018,train
3226022,train
3226030,train
3226042,test
3226046,train
3226070,train
3226074,train
3226086,test
3226090,train
3226094,train
3226110,train
3226114,train
3226118,train
3226130,train
3226134,train
3226138,train
3226142,train
3226146,test
3226150,train
3226174,train
3226182,train
3226198,train
3226202,train
3226210,train
3226222,train
3226226,train
3226246,test
3226250,train
3226266,train
3226270,train
3226278,train
3226282,train
3226290,test
3226298,test
3226310,train
3226322,train
3226346,test
3226354,train
3226374,test
3226378,train
3226382,train
3226390,train
3226402,test
3226406,train
3226410,train
3226422,train
3226426,train
3226430,train
3226434,train
3226438,train
3226442,train
3226446,test
3226458,train
3226474,train
3226478,test
3226482,train
3226486,train
3226490,test
3226494,train
3226498,train
3226510,test
3226518,train
3226526,train
3226534,train
3226538,train
3226562,test
3226574,train
3226578,test
3226586,test
3226594,train
3226598,train
3226602,train
3226606,train
3226610,train
3226618,test
3226622,train
3226626,train
3226630,train
3226638,test
3226646,train
3226658,train
3226662,test
3226670,train
3226674,train
3226690,test
3226694,train
3226702,train
3226710,train
3226722,test
3226730,train
3226738,train
3226742,train
3226762,train
3226766,train
3226770,test
3226782,test
3226794,test
3226806,train
3226814,train
3226818,train
3226842,train
3226854,test
3226862,train
3226866,train
3226882,train
3226886,train
3226906,train
3226922,train
3226926,train
3226934,train
3226942,train
3226950,train
3226962,train
3226966,train
3226970,train
3226982,train
3226998,train
3227002,train
3227006,test
3227022,train
3227034,train
3227042,train
3227046,train
3227058,test
3227082,train
3227086,train
3227090,train
3227098,train
3227102,train
3227118,test
3227126,train
3227134,train
3227138,train
3227146,train
3227150,train
3227154,test
3227158,train
3227170,train
3227178,train
3227190,train
3227198,train
3227202,test
3227218,train
3227222,test
3227234,train
3227242,test
3227250,train
3227254,train
3227258,train
3227262,test
3227274,train
3227286,test
3227294,train
3227306,train
3227310,train
3227314,train
3227322,train
3227326,train
3227334,train
3227350,train
3227358,test
3227362,train
3227390,train
3227398,train
3227402,train
3227410,train
3227426,train
3227434,train
3227466,train
3227470,train
3227482,train
3227490,test
3227510,train
3227518,test
3227522,train
3227526,train
3227538,train
3227542,train
3227550,train
3227554,train
3227566,train
3227570,train
3227582,train
3227602,train
3227606,train
3227610,test
3227622,train
3227626,test
3227630,train
3227638,train
3227650,test
3227654,train
3227662,train
3227666,train
3227670,train
3227694,train
3227698,test
3227702,test
3227718,train
3227722,train
3227730,test
3227738,test
3227742,train
3227746,train
3227754,test
3227762,test
3227774,train
3227782,train
3227786,train
3227798,train
3227806,train
3227814,train
3227818,train
3227822,train
3227830,train
3227838,train
3227842,train
3227854,train
3227866,test
3227886,train
3227894,train
3227898,train
3227902,train
3227906,train
3227914,train
3227918,train
3227922,train
3227926,train
3227930,test
3227942,test
3227954,train
3227958,train
3227962,train
3227974,train
3227978,train
3227986,test
3227998,train
3228002,test
3228030,train
3228038,train
3228042,train
3228046,train
3228050,train
3228058,train
3228074,train
3228090,train
3228098,train
3228106,test
3228110,train
3228114,train
3228122,test
3228130,test
3228142,test
3228146,train
3228150,train
3228158,test
3228162,train
3228166,train
3228174,train
3228178,train
3228190,train
3228194,train
3228198,train
3228202,train
3228206,train
3228210,train
3228214,train
3228218,train
3228222,train
3228226,test
3228230,train
3228234,train
3228242,train
3228258,train
3228270,train
3228278,test
3228290,train
3228306,test
3228310,train
3228322,train
3228330,train
3228346,train
3228358,train
3228366,train
3228378,train
3228394,train
3228398,test
3228402,train
3228410,train
3228430,train
3228450,train
3228458,test
3228486,train
3228490,train
3228494,test
3228498,train
3228506,train
3228514,train
3228518,test
3228526,train
3228538,test
3228546,train
3228558,train
3228562,train
3228570,train
3228582,train
3228586,train
3228594,train
3228598,test
3228606,train
3228610,train
3228622,train
3228634,train
3228642,test
3228646,test
3228662,train
3228666,train
3228670,train
3228674,train
3228678,test
3228682,train
3228686,train
3228694,train
3228706,train
3228710,train
3228722,train
3228726,train
3228754,train
3228758,train
3228766,train
3228770,train
3228782,test
3228790,train
3228794,test
3228798,train
3228806,test
3228818,train
3228834,train
3228842,train
3228850,train
3228862,train
3228866,train
3228878,train
3228882,train
3228890,train
3228910,train
3228918,train
3228926,train
3228934,test
3228946,test
3228954,test
3228958,train
3228962,train
3228978,train
3228982,test
3228990,test
3229006,train
3229010,train
3229014,train
3229034,train
3229038,train
3229042,train
3229050,train
3229054,train
3229066,train
3229070,train
3229082,train
3229086,test
3229090,train
3229110,test
3229114,train
3229118,test
3229126,train
3229138,train
3229146,train
3229150,train
3229154,train
3229162,train
3229170,train
3229174,train
3229182,test
3229190,test
3229194,test
3229198,train
3229202,train
3229210,train
3229214,train
3229238,train
3229274,train
3229278,train
3229282,test
3229286,train
3229290,train
3229302,train
3229310,test
3229314,test
3229326,train
3229342,train
3229354,train
3229358,train
3229362,train
3229366,train
3229382,train
3229394,test
3229398,train
3229402,test
3229406,train
3229410,train
3229426,train
3229430,test
3229438,train
3229454,train
3229458,test
3229462,train
3229466,train
3229470,test
3229518,train
3229522,train
3229534,test
3229542,test
3229550,train
3229558,train
3229562,train
3229570,train
3229574,train
3229582,train
3229586,test
3229594,test
3229598,train
3229606,test
3229610,train
3229614,train
3229618,train
3229634,train
3229638,train
3229646,test
3229650,train
3229654,train
3229658,train
3229670,test
3229678,train
3229682,test
3229702,train
3229718,train
3229742,train
3229746,train
3229750,train
3229754,train
3229758,test
3229762,train
3229770,train
3229778,train
3229782,train
3229794,train
3229798,train
3229802,train
3229810,train
3229818,train
3229822,train
3229838,train
3229842,train
3229850,train
3229854,train
3229858,train
3229874,train
3229878,test
3229890,test
3229894,train
3229898,train
3229902,train
3229910,train
3229914,test
3229922,test
3229926,test
3229938,test
3229942,train
3229946,train
3229950,train
3229966,test
3229970,train
3229974,train
3229978,train
3229982,train
3229986,train
3229990,train
3229994,train
3229998,test
3230002,test
3230010,train
3230018,train
3230026,train
3230030,train
3230046,train
3230050,train
3230062,train
3230066,test
3230070,train
3230074,train
3230082,test
3230090,train
3230094,train
3230106,train
3230114,train
3230118,train
3230130,train
3230138,train
3230142,train
3230150,train
3230154,test
3230166,train
3230174,test
3230178,train
3230194,test
3230198,train
3230202,train
3230206,train
3230218,train
3230222,train
3230226,test
3230230,train
3230234,train
3230242,train
3230246,train
3230254,train
3230258,train
3230262,train
3230266,train
3230274,train
3230282,test
3230294,train
3230298,train
3230306,test
3230318,train
3230326,train
3230334,train
3230338,train
3230342,train
3230346,train
3230358,train
3230362,train
3230366,train
3230370,test
3230374,train
3230386,train
3230390,test
3230398,train
3230414,train
3230418,train
3230426,train
3230438,train
3230442,train
3230454,train
3230462,train
3230474,test
3230478,test
3230482,test
3230498,train
3230502,train
3230510,train
3230518,train
3230526,test
3230542,train
3230550,train
3230570,train
3230578,train
3230586,train
3230598,test
3230602,train
3230606,test
3230610,train
3230614,train
3230618,test
3230622,train
3230626,train
3230630,train
3230646,test
3230650,train
3230658,train
3230662,test
3230670,train
3230682,train
3230686,train
3230710,train
3230714,train
3230726,train
3230730,test
3230742,train
3230758,train
3230766,train
3230770,train
3230778,train
3230786,train
3230794,train
3230802,train
3230810,train
3230814,train
3230818,train
3230822,train
3230830,train
3230842,train
3230846,train
3230850,train
3230854,train
3230858,train
3230862,train
3230870,train
3230878,train
3230886,train
3230890,train
3230894,test
3230898,train
3230914,train
3230918,train
3230930,train
3230938,train
3230942,train
3230946,train
3230950,train
3230954,train
3230958,train
3230962,train
3230970,test
3230978,test
3230986,test
3230994,test
3230998,train
3231002,train
3231006,train
3231030,train
3231046,train
3231054,test
3231058,train
3231078,train
3231082,test
3231102,train
3231118,train
3231126,train
3231130,train
3231138,train
3231142,train
3231154,train
3231158,train
3231166,test
3231178,test
3231186,train
3231190,train
3231198,test
3231202,train
3231214,train
3231218,train
3231222,train
3231226,train
3231230,train
3231234,train
3231246,train
3231258,test
3231262,test
3231266,train
3231270,train
3231278,train
3231282,train
3231290,train
3231294,test
3231302,train
3231306,test
3231310,train
3231318,train
3231350,train
3231354,train
3231382,train
3231394,train
3231410,train
3231446,train
3231450,test
3231454,train
3231458,train
3231466,train
3231478,train
3231482,train
3231490,train
3231494,train
3231498,train
3231514,train
3231530,train
3231534,train
3231538,test
3231542,train
3231546,train
3231550,train
3231566,train
3231570,train
3231574,test
3231578,test
3231594,train
3231598,train
3231606,train
3231626,train
3231650,train
3231654,test
3231662,train
3231666,train
3231670,train
3231674,train
3231678,test
3231690,test
3231726,train
3231734,train
3231738,train
3231750,train
3231754,train
3231758,test
3231762,train
3231774,train
3231782,train
3231786,train
3231798,train
3231802,train
3231806,train
3231818,train
3231826,train
3231830,train
3231846,train
3231850,train
3231854,test
3231862,train
3231870,train
3231874,train
3231882,train
3231890,train
3231894,train
3231906,train
3231910,train
3231914,test
3231926,train
3231934,train
3231942,test
3231946,train
3231950,train
3231958,train
3231970,train
3231986,train
3231990,test
3232002,train
3232014,train
3232026,train
3232030,train
3232038,train
3232042,train
3232054,train
3232062,train
3232074,train
3232078,train
3232094,train
3232098,train
3232102,train
3232106,train
3232114,test
3232126,train
3232134,train
3232150,train
3232158,train
3232162,train
3232170,test
3232182,train
3232190,train
3232210,train
3232214,train
3232218,train
3232234,train
3232238,train
3232242,test
3232246,train
3232254,train
3232258,test
3232278,train
3232282,test
3232286,train
3232290,train
3232294,train
3232298,train
3232322,train
3232326,train
3232338,train
3232342,train
3232346,train
3232362,train
3232366,train
3232378,train
3232390,train
3232394,test
3232410,train
3232414,train
3232422,test
3232430,train
3232442,test
3232446,train
3232466,test
3232470,test
3232478,test
3232482,train
3232530,train
3232534,train
3232538,train
3232546,train
3232554,train
3232562,train
3232574,train
3232578,train
3232582,train
3232590,test
3232594,train
3232602,train
3232610,train
3232618,test
3232626,train
3232630,train
3232646,train
3232662,train
3232666,train
3232682,train
3232698,test
3232702,test
3232710,train
3232722,train
3232738,test
3232742,train
3232750,train
3232758,test
3232762,train
3232766,test
3232778,train
3232790,test
3232798,train
3232810,train
3232814,train
3232818,test
3232830,train
3232838,test
3232842,train
3232846,test
3232850,train
3232854,train
3232858,test
3232862,train
3232866,train
3232878,train
3232882,train
3232890,train
3232894,train
3232910,train
3232914,train
3232926,train
3232930,train
3232934,test
3232938,train
3232946,train
3232950,test
3232958,train
3232962,train
3232970,train
3232974,train
3232978,test
3232986,test
3232998,test
3233002,train
3233022,train
3233030,test
3233034,train
3233038,test
3233050,train
3233058,train
3233062,train
3233066,train
3233070,train
3233074,train
3233082,train
3233094,train
3233106,train
3233110,train
3233114,train
3233118,train
3233130,train
3233134,train
3233142,train
3233150,train
3233162,train
3233174,train
3233182,train
3233186,train
3233194,train
3233198,train
3233202,train
3233206,train
3233214,train
3233226,train
3233230,train
3233234,train
3233246,test
3233258,train
3233262,test
3233266,train
3233270,train
3233278,train
3233282,train
3233286,train
3233290,train
3233298,train
3233306,train
3233314,train
3233318,train
3233326,train
3233330,train
3233334,test
3233346,train
3233350,train
3233354,test
3233362,train
3233378,train
3233382,test
3233394,train
3233398,train
3233402,train
3233410,train
3233418,train
3233422,train
3233426,train
3233430,train
3233434,train
3233438,train
3233446,train
3233458,train
3233462,train
3233466,train
3233470,train
3233474,train
3233486,train
3233490,test
3233498,train
3233502,train
3233506,train
3233526,train
3233534,train
3233538,test
3233542,test
3233554,train
3233574,test
3233582,train
3233594,train
3233602,train
3233610,test
3233614,train
3233618,train
3233622,train
3233630,train
3233634,train
3233638,train
3233642,test
3233646,train
3233650,train
3233670,train
3233686,train
3233690,train
3233702,test
3233706,train
3233726,train
3233734,train
3233738,test
3233746,train
3233750,train
3233758,train
3233762,train
3233766,train
3233774,train
3233810,train
3233814,train
3233818,train
3233822,train
3233830,train
3233838,train
3233842,train
3233846,train
3233850,test
3233854,train
3233858,test
3233862,test
3233870,train
3233886,test
3233894,test
3233902,train
3233906,train
3233914,test
3233918,train
3233930,train
3233942,train
3233950,train
3233954,train
3233962,train
3233970,train
3233978,train
3233982,train
3233998,train
3234010,train
3234026,train
3234038,train
3234046,train
3234050,train
3234054,train
3234066,train
3234070,train
3234082,train
3234086,train
3234094,train
3234098,train
3234106,train
3234110,train
3234114,test
3234118,test
3234122,train
3234130,train
3234138,train
3234166,test
3234182,train
3234202,train
3234206,train
3234214,train
3234230,train
3234238,train
3234242,test
3234250,train
3234254,test
3234270,train
3234286,train
3234290,train
3234298,train
3234302,train
3234306,train
3234314,test
3234326,train
3234330,train
3234342,train
3234354,train
3234362,train
3234366,train
3234370,train
3234378,train
3234394,train
3234398,train
3234402,train
3234406,train
3234418,train
3234422,train
3234426,train
3234430,train
3234434,train
3234442,train
3234450,test
3234454,test
3234470,train
3234494,train
3234498,test
3234502,train
3234510,test
3234514,train
3234522,train
3234526,train
3234530,train
3234534,train
3234538,train
3234554,train
3234558,train
3234574,test
3234578,test
3234586,train
3234590,train
3234598,train
3234602,test
3234610,train
3234614,train
3234630,train
3234634,test
3234658,train
3234670,train
3234678,train
3234682,train
3234686,train
3234694,train
3234698,train
3234706,train
3234710,train
3234718,train
3234730,test
3234738,test
3234742,train
3234746,train
3234758,train
3234766,train
3234774,train
3234778,train
3234782,test
3234794,train
3234798,train
3234802,train
3234806,train
3234810,train
3234822,train
3234834,test
3234838,test
3234846,train
3234850,train
3234874,train
3234878,test
3234886,train
3234894,train
3234910,test
3234918,test
3234922,train
3234934,train
3234962,train
3234966,train
3234978,train
3234990,train
3234994,test
3234998,train
3235002,train
3235026,test
3235030,train
3235034,train
3235042,test
3235062,test
3235070,train
3235074,train
3235078,test
3235082,train
3235090,train
3235094,test
3235098,train
3235106,train
3235122,train
3235134,train
3235142,train
3235146,train
3235158,train
3235166,train
3235186,train
3235190,train
3235202,train
3235206,test
3235210,train
3235214,test
3235218,train
3235222,train
3235242,train
3235250,train
3235266,train
3235270,train
3235274,test
3235286,train
3235294,train
3235310,train
3235314,train
3235326,train
3235338,train
3235350,test
3235354,train
3235362,train
3235390,train
3235406,train
3235422,train
3235430,train
3235434,test
3235450,train
3235458,train
3235462,train
3235518,train
3235522,train
3235526,train
3235546,train
3235550,train
3235562,test
3235566,test
3235574,train
3235578,train
3235594,train
3235602,train
3235610,train
3235626,train
3235642,test
3235646,train
3235650,train
3235662,test
3235674,test
3235682,train
3235690,train
3235694,train
3235698,train
3235710,train
3235714,test
3235734,train
3235746,train
3235754,train
3235758,train
3235766,test
3235770,train
3235782,test
3235786,train
3235802,test
3235806,train
3235810,test
3235814,train
3235830,train
3235834,train
3235838,test
3235842,train
3235846,train
3235850,train
3235854,train
3235862,train
3235866,test
3235878,train
3235902,train
3235922,train
3235938,train
3235942,train
3235950,train
3235954,train
3235958,train
3235962,train
3235970,train
3235986,train
3236014,train
3236026,train
3236034,train
3236042,train
3236050,train
3236066,train
3236070,train
3236074,test
3236078,train
3236082,test
3236086,train
3236094,train
3236098,test
3236110,train
3236122,train
3236126,test
3236138,test
3236154,train
3236162,test
3236170,train
3236174,train
3236190,test
3236198,train
3236218,train
3236222,train
3236230,test
3236238,train
3236242,test
3236246,test
3236250,test
3236254,test
3236266,train
3236278,train
3236286,train
3236290,train
3236298,train
3236302,train
3236306,train
3236310,test
3236314,train
3236322,train
3236342,test
3236350,train
3236362,train
3236374,train
3236378,test
3236386,train
3236394,train
3236402,train
3236406,train
3236410,train
3236430,test
3236434,train
3236438,train
3236442,train
3236470,train
3236494,train
3236510,train
3236518,train
3236522,train
3236530,train
3236554,train
3236558,train
3236566,train
3236570,train
3236578,test
3236590,train
3236594,train
3236606,train
3236610,train
3236614,train
3236634,test
3236650,train
3236658,train
3236678,train
3236686,train
3236698,train
3236702,train
3236730,train
3236734,train
3236738,train
3236742,train
3236750,train
3236762,test
3236766,train
3236794,train
3236798,train
3236806,train
3236810,train
3236814,test
3236826,train
3236830,train
3236834,train
3236854,train
3236858,train
3236862,train
3236870,test
3236882,train
3236886,train
3236906,test
3236914,train
3236918,train
3236926,train
3236942,train
3236950,train
3236970,train
3236974,train
3236986,train
3237002,train
3237006,train
3237010,train
3237014,train
3237018,train
3237022,train
3237026,train
3237042,train
3237046,train
3237070,train
3237074,train
3237078,train
3237082,test
3237086,train
3237114,train
3237118,train
3237122,train
3237126,test
3237134,train
3237138,train
3237142,train
3237158,train
3237174,train
3237182,train
3237190,train
3237210,train
3237230,train
3237234,train
3237242,test
3237246,train
3237254,train
3237266,train
3237270,train
3237286,train
3237290,train
3237298,train
3237314,train
3237318,train
3237322,train
3237338,train
3237342,train
3237354,test
3237358,train
3237362,train
3237374,train
3237394,train
3237398,test
3237402,train
3237406,train
3237414,train
3237418,test
3237422,test
3237430,train
3237434,train
3237438,train
3237446,train
3237454,train
3237470,train
3237486,train
3237490,train
3237506,train
3237526,train
3237530,train
3237534,train
3237542,train
3237546,train
3237558,train
3237570,train
3237578,train
3237586,train
3237630,train
3237634,test
3237654,train
3237658,train
3237666,train
3237674,train
3237682,train
3237690,test
3237698,train
3237702,test
3237714,test
3237726,test
3237730,train
3237766,train
3237770,train
3237782,train
3237794,train
3237802,train
3237810,train
3237838,train
3237842,train
3237850,train
3237870,train
3237882,train
3237886,train
3237894,train
3237906,train
3237910,test
3237918,train
3237922,train
3237926,train
3237930,train
3237938,train
3237950,train
3237958,train
3237966,test
3237978,train
3237986,test
3237998,test
3238006,train
3238010,train
3238014,train
3238018,train
3238022,test
3238034,train
3238038,train
3238042,train
3238046,train
3238058,test
3238066,train
3238074,train
3238078,train
3238082,train
3238090,test
3238094,train
3238102,train
3238118,train
3238122,test
3238134,test
3238138,train
3238146,train
3238150,train
3238162,train
3238166,train
3238182,train
3238198,test
3238202,train
3238210,train
3238226,train
3238238,train
3238254,train
3238266,train
3238274,train
3238278,train
3238290,train
3238294,test
3238298,train
3238302,train
3238314,train
3238318,train
3238322,train
3238338,train
3238342,test
3238346,train
3238350,test
3238354,train
3238362,train
3238378,train
3238382,train
3238386,train
3238394,train
3238398,train
3238402,test
3238406,test
3238418,train
3238426,test
3238438,train
3238454,train
3238466,train
3238474,test
3238478,train
3238486,train
3238506,train
3238510,train
3238514,train
3238522,test
3238526,train
3238530,train
3238538,train
3238546,train
3238554,train
3238566,train
3238574,test
3238582,train
3238590,test
3238598,train
3238602,train
3238606,test
3238610,train
3238622,train
3238634,train
3238638,test
3238650,train
3238658,train
3238670,train
3238674,train
3238678,train
3238682,test
3238686,train
3238698,train
3238702,test
3238722,train
3238726,train
3238730,train
3238734,train
3238738,train
3238742,test
3238758,train
3238766,train
3238782,train
3238794,train
3238802,test
3238810,train
3238814,test
3238826,train
3238830,train
3238838,train
3238842,test
3238846,train
3238850,train
3238854,train
3238862,train
3238866,test
3238878,test
3238894,train
3238902,test
3238914,test
3238918,train
3238922,train
3238934,train
3238954,train
3238962,train
3238970,test
3238978,test
3238982,train
3238990,train
3238994,train
3239014,train
3239018,train
3239034,train
3239038,train
3239046,test
3239050,train
3239058,train
3239062,train
3239070,train
3239078,train
3239082,test
3239086,train
3239122,train
3239134,test
3239138,test
3239142,train
3239154,train
3239158,test
3239162,train
3239174,train
3239182,train
3239198,train
3239202,test
3239206,train
3239210,train
3239214,test
3239226,train
3239230,train
3239234,train
3239238,train
3239242,train
3239246,train
3239254,test
3239258,train
3239262,train
3239274,train
3239278,test
3239282,train
3239290,train
3239294,train
3239298,train
3239302,train
3239310,train
3239314,train
3239318,train
3239322,test
3239326,train
3239330,train
3239346,test
3239350,test
3239354,train
3239358,train
3239366,test
3239370,test
3239378,train
3239390,test
3239394,train
3239402,train
3239410,train
3239426,train
3239434,train
3239438,train
3239446,test
3239450,train
3239454,train
3239462,test
3239470,train
3239482,train
3239498,train
3239502,train
3239514,train
3239518,train
3239530,train
3239534,train
3239538,train
3239542,test
3239546,train
3239550,train
3239558,train
3239562,train
3239570,test
3239578,train
3239586,test
3239590,train
3239594,train
3239606,test
3239614,train
3239638,test
3239642,train
3239662,train
3239666,test
3239670,train
3239678,train
3239682,test
3239686,train
3239690,train
3239694,train
3239702,train
3239714,train
3239718,train
3239722,train
3239730,train
3239742,train
3239750,train
3239754,train
3239758,train
3239766,train
3239770,train
3239778,test
3239786,train
3239790,train
3239794,train
3239802,train
3239814,train
3239818,train
3239834,test
3239862,train
3239870,test
3239874,test
3239882,train
3239886,train
3239902,train
3239910,train
3239914,train
3239918,train
3239922,train
3239934,test
3239938,train
3239966,train
3239970,train
3239974,train
3239990,train
3239994,train
3239998,train
3240002,test
3240006,train
3240018,train
3240030,test
3240034,test
3240042,train
3240046,test
3240054,train
3240058,train
3240062,train
3240078,train
3240090,train
3240102,train
3240106,train
3240114,train
3240118,train
3240126,test
3240154,train
3240158,train
3240162,train
3240166,train
3240174,train
3240178,train
3240182,train
3240202,train
3240206,train
3240214,train
3240218,train
3240226,train
3240230,train
3240234,train
3240258,train
3240262,train
3240270,train
3240274,train
3240282,train
3240286,train
3240298,train
3240314,train
3240322,test
3240326,train
3240342,train
3240350,train
3240354,test
3240394,train
3240406,train
3240410,train
3240426,train
3240434,train
3240438,train
3240454,train
3240462,train
3240466,train
3240474,train
3240482,train
3240498,train
3240506,test
3240518,train
3240522,train
3240538,train
3240550,test
3240566,train
3240570,test
3240578,train
3240586,train
3240594,train
3240598,train
3240602,train
3240614,train
3240622,train
3240626,test
3240638,test
3240650,train
3240654,train
3240658,train
3240662,train
3240674,train
3240678,train
3240682,train
3240706,train
3240714,train
3240718,train
3240722,train
3240726,test
3240730,train
3240734,train
3240742,test
3240746,train
3240774,train
3240778,train
3240790,test
3240794,train
3240810,test
3240834,train
3240850,train
3240854,train
3240862,train
3240866,train
3240870,train
3240894,test
3240902,test
3240906,train
3240914,train
3240918,train
3240922,train
3240938,train
3240950,train
3240966,train
3240970,train
3240990,train
3240994,test
3240998,test
3241002,train
3241010,train
3241014,train
3241026,train
3241042,train
3241058,train
3241090,test
3241094,train
3241098,train
3241102,train
3241106,train
3241110,train
3241114,train
3241118,train
3241138,test
3241146,train
3241174,train
3241178,train
3241186,train
3241198,test
3241206,train
3241210,train
3241214,test
3241222,test
3241242,train
3241258,train
3241262,train
3241266,train
3241270,train
3241274,train
3241282,train
3241286,train
3241290,train
3241294,train
3241298,train
3241302,train
3241306,test
3241314,train
3241318,train
3241322,train
3241330,train
3241334,train
3241346,train
3241350,train
3241366,test
3241370,train
3241378,train
3241382,train
3241386,train
3241390,train
3241394,train
3241406,train
3241410,train
3241426,train
3241434,train
3241438,train
3241442,train
3241450,train
3241454,train
3241458,test
3241466,train
3241474,test
3241478,train
3241498,train
3241506,train
3241510,train
3241522,test
3241534,train
3241538,test
3241542,train
3241546,train
3241550,test
3241554,train
3241558,train
3241566,train
3241578,test
3241582,train
3241594,test
3241598,test
3241602,train
3241606,test
3241614,train
3241618,train
3241638,train
3241642,train
3241646,train
3241650,train
3241654,train
3241658,test
3241662,test
3241666,train
3241678,train
3241686,test
3241690,train
3241698,train
3241702,train
3241706,train
3241710,test
3241722,train
3241730,train
3241742,test
3241746,test
3241750,train
3241754,train
3241758,train
3241786,train
3241798,train
3241802,train
3241806,train
3241814,train
3241834,train
3241838,train
3241846,test
3241854,train
3241862,train
3241870,train
3241874,train
3241882,train
3241886,train
3241894,train
3241906,train
3241910,train
3241918,train
3241922,train
3241926,train
3241930,train
3241934,train
3241938,test
3241946,train
3241950,train
3241954,train
3241958,train
3241982,train
3241986,train
3241990,train
3241998,train
3242002,test
3242010,train
3242014,train
3242022,train
3242026,test
3242030,train
3242034,train
3242042,train
3242058,train
3242070,test
3242074,train
3242082,train
3242086,train
3242094,train
3242118,train
3242122,test
3242138,train
3242158,test
3242162,test
3242166,train
3242178,train
3242182,test
3242186,train
3242190,train
3242194,test
3242206,train
3242230,train
3242234,train
3242242,train
3242250,train
3242254,train
3242258,train
3242262,test
3242266,test
3242270,train
3242274,train
3242278,train
3242298,train
3242302,train
3242314,train
3242318,train
3242322,train
3242330,train
3242338,train
3242346,test
3242354,train
3242362,train
3242366,train
3242370,train
3242378,train
3242382,train
3242390,test
3242398,train
3242410,test
3242434,test
3242442,train
3242446,test
3242462,train
3242466,train
3242470,test
3242482,train
3242486,train
3242494,train
3242502,train
3242506,train
3242510,test
3242514,test
3242522,train
3242534,test
3242538,train
3242542,test
3242562,train
3242606,train
3242610,test
3242614,train
3242630,train
3242638,train
3242650,test
3242666,test
3242674,train
3242686,train
3242690,train
3242694,train
3242714,train
3242726,train
3242742,train
3242750,train
3242754,train
3242762,train
3242770,train
3242774,train
3242778,test
3242794,train
3242798,train
3242802,train
3242814,train
3242818,train
3242822,test
3242826,train
3242830,test
3242846,train
3242850,train
3242854,train
3242862,train
3242870,test
3242874,train
3242878,train
3242898,test
3242902,train
3242910,train
3242914,train
3242942,train
3242950,train
3242954,train
3242962,train
3242966,train
3242970,test
3242974,train
3242978,test
3242990,train
3242998,train
3243002,train
3243010,train
3243014,train
3243018,train
3243026,train
3243030,train
3243046,train
3243062,train
3243070,test
3243090,train
3243094,train
3243106,test
3243110,train
3243114,train
3243122,train
3243126,test
3243130,train
3243138,train
3243146,train
3243150,train
3243158,train
3243162,train
3243166,train
3243170,train
3243186,train
3243194,train
3243198,test
3243206,train
3243214,train
3243218,train
3243230,train
3243234,train
3243242,test
3243254,test
3243282,train
3243286,train
3243298,train
3243302,train
3243310,train
3243322,train
3243326,train
3243338,train
3243342,test
3243370,train
3243374,train
3243390,train
3243398,test
3243406,train
3243410,train
3243418,train
3243426,train
3243430,train
3243442,test
3243446,train
3243454,train
3243470,train
3243474,train
3243482,train
3243490,train
3243510,test
3243522,test
3243530,train
3243534,train
3243542,test
3243550,train
3243558,train
3243566,train
3243570,train
3243578,train
3243582,train
3243594,train
3243606,train
3243610,test
3243626,train
3243630,train
3243642,train
3243650,train
3243654,test
3243678,train
3243714,test
3243718,train
3243722,train
3243726,train
3243734,train
3243738,train
3243742,test
3243758,train
3243766,train
3243770,test
3243782,train
3243786,train
3243790,test
3243806,test
3243814,train
3243826,test
3243830,train
3243834,train
3243870,train
3243882,train
3243890,train
3243894,train
3243926,train
3243930,train
3243934,test
3243946,train
3243958,train
3243966,train
3243974,train
3243978,train
3243982,train
3243986,train
3243994,train
3244002,train
3244006,test
3244026,train
3244030,train
3244062,train
3244066,train
3244074,train
3244094,test
3244098,test
3244102,train
3244106,train
3244118,train
3244122,train
3244154,train
3244162,train
3244166,train
3244170,train
3244182,train
3244206,train
3244230,test
3244234,train
3244242,train
3244250,train
3244254,train
3244266,train
3244278,train
3244286,train
3244290,train
3244302,train
3244306,train
3244322,train
3244334,train
3244342,train
3244346,train
3244366,train
3244382,train
3244394,train
3244398,train
3244406,train
3244418,train
3244430,train
3244434,train
3244446,train
3244450,train
3244454,test
3244458,train
3244462,train
3244470,train
3244486,train
3244502,train
3244506,train
3244522,train
3244534,train
3244538,test
3244542,train
3244546,test
3244554,train
3244570,train
3244574,train
3244578,train
3244586,train
3244594,train
3244598,test
3244610,train
3244622,train
3244626,test
3244630,train
3244650,train
3244674,train
3244690,train
3244698,train
3244702,test
3244710,train
3244718,test
3244722,train
3244730,train
3244762,train
3244766,train
3244770,train
3244774,train
3244778,train
3244786,test
3244798,train
3244802,train
3244810,train
3244818,train
3244838,train
3244858,train
3244866,train
3244874,train
3244882,test
3244906,train
3244910,train
3244914,test
3244918,train
3244934,train
3244946,train
3244950,train
3244958,train
3244962,test
3244966,train
3244982,train
3244990,train
3244994,train
3245010,train
3245018,train
3245034,test
3245042,train
3245050,train
3245058,train
3245062,train
3245074,train
3245078,train
3245086,test
3245094,train
3245098,train
3245102,test
3245106,train
3245110,train
3245114,train
3245122,train
3245126,train
3245134,train
3245150,train
3245170,train
3245174,train
3245178,train
3245182,train
3245186,train
3245190,train
3245198,test
3245218,train
3245222,train
3245230,train
3245234,train
3245242,test
3245250,train
3245254,train
3245262,test
3245290,train
3245294,train
3245298,train
3245302,train
3245310,train
3245314,train
3245318,train
3245322,train
3245326,train
3245338,train
3245346,train
3245374,train
3245382,train
3245386,train
3245402,train
3245426,train
3245450,train
3245454,train
3245458,train
3245470,test
3245482,train
3245494,train
3245506,train
3245514,test
3245522,train
3245526,train
3245534,train
3245538,train
3245558,train
3245562,train
3245566,train
3245570,train
3245582,test
3245586,train
3245606,train
3245618,train
3245622,train
3245626,train
3245630,train
3245638,train
3245642,train
3245646,test
3245650,train
3245654,train
3245678,train
3245682,train
3245710,train
3245718,train
3245730,train
3245746,train
3245750,test
3245758,test
3245766,train
3245770,train
3245782,train
3245786,test
3245790,train
3245802,train
3245822,train
3245830,train
3245858,train
3245862,train
3245870,test
3245882,train
3245886,train
3245890,train
3245894,train
3245898,train
3245902,train
3245906,train
3245914,train
3245918,train
3245922,train
3245926,train
3245938,train
3245942,train
3245946,test
3245950,train
3245954,train
3245962,train
3245982,test
3245986,train
3245990,test
3245994,test
3245998,train
3246002,train
3246010,train
3246018,test
3246026,train
3246042,train
3246054,test
3246066,train
3246070,train
3246078,train
3246098,train
3246106,train
3246110,train
3246126,train
3246138,train
3246150,train
3246166,train
3246182,train
3246186,train
3246190,train
3246194,train
3246202,train
3246206,train
3246214,train
3246218,train
3246226,train
3246234,train
3246238,train
3246242,test
3246250,train
3246258,train
3246270,train
3246278,train
3246282,train
3246290,train
3246298,train
3246302,train
3246306,train
3246310,test
3246318,train
3246322,train
3246334,test
3246354,train
3246366,train
3246370,train
3246382,train
3246386,train
3246394,train
3246402,train
3246410,train
3246418,train
3246422,train
3246430,train
3246458,train
3246466,train
3246470,train
3246478,train
3246482,train
3246490,train
3246502,train
3246510,train
3246514,train
3246522,train
3246534,train
3246538,test
3246542,train
3246546,train
3246550,test
3246558,train
3246566,train
3246570,train
3246578,train
3246582,train
3246590,train
3246594,train
3246598,train
3246602,train
3246610,train
3246614,train
3246626,train
3246638,train
3246642,test
3246646,train
3246650,train
3246654,test
3246658,train
3246662,train
3246674,test
3246686,train
3246690,train
3246702,train
3246710,train
3246714,test
3246718,train
3246722,train
3246726,train
3246734,test
3246738,train
3246742,train
3246746,test
3246754,train
3246762,train
3246766,train
3246770,test
3246774,train
3246778,train
3246790,train
3246794,train
3246802,train
3246806,test
3246814,train
3246826,test
3246850,train
3246858,train
3246862,train
3246866,train
3246886,train
3246894,train
3246898,train
3246906,train
3246910,train
3246914,train
3246922,train
3246926,train
3246930,train
3246950,train
3246954,train
3246966,train
3246970,train
3246974,train
3246982,train
3246998,train
3247002,train
3247006,train
3247014,train
3247026,test
3247034,train
3247046,train
3247050,test
3247058,train
3247062,test
3247074,train
3247090,train
3247094,train
3247098,train
3247106,train
3247118,train
3247122,train
3247134,train
3247142,train
3247150,test
3247158,train
3247170,train
3247186,train
3247194,train
3247198,train
3247202,test
3247214,train
3247218,train
3247222,train
3247230,train
3247238,train
3247242,train
3247246,train
3247254,train
3247258,train
3247266,train
3247270,train
3247278,train
3247294,train
3247318,test
3247326,train
3247330,train
3247338,train
3247354,train
3247358,train
3247362,train
3247370,test
3247374,train
3247386,train
3247390,test
3247406,train
3247426,train
3247430,test
3247434,train
3247450,train
3247482,train
3247486,train
3247494,train
3247502,train
3247510,train
3247518,train
3247522,train
3247526,train
3247530,train
3247534,train
3247538,train
3247542,train
3247546,train
3247550,test
3247554,train
3247558,train
3247574,train
3247582,train
3247586,train
3247606,train
3247614,test
3247618,train
3247626,test
3247638,train
3247642,train
3247650,train
3247654,test
3247666,train
3247678,train
3247686,train
3247698,train
3247702,train
3247706,train
3247710,train
3247718,test
3247726,test
3247730,test
3247742,train
3247746,train
3247754,train
3247758,train
3247770,train
3247778,train
3247786,train
3247790,test
3247794,train
3247798,train
3247810,train
3247814,train
3247858,train
3247870,train
3247874,train
3247882,train
3247890,train
3247894,test
3247898,train
3247914,train
3247930,test
3247934,train
3247942,train
3247946,train
3247958,train
3247966,train
3247974,train
3247982,train
3247986,test
3247990,train
3248018,train
3248026,train
3248030,test
3248034,train
3248038,test
3248046,train
3248050,train
3248054,train
3248058,train
3248062,train
3248070,test
3248078,train
3248082,train
3248090,train
3248106,train
3248114,train
3248118,test
3248126,train
3248130,train
3248134,test
3248150,test
3248154,train
3248178,train
3248182,test
3248194,train
3248202,train
3248214,train
3248218,train
3248238,train
3248242,train
3248246,train
3248254,test
3248262,train
3248266,train
3248282,train
3248310,train
3248314,train
3248318,train
3248322,train
3248330,test
3248334,train
3248342,test
3248346,test
3248358,test
3248362,train
3248366,train
3248370,train
3248374,test
3248382,train
3248386,test
3248390,train
3248394,test
3248398,train
3248402,test
3248406,train
3248410,train
3248414,train
3248422,train
3248426,train
3248434,test
3248438,train
3248442,train
3248478,train
3248482,train
3248486,train
3248498,train
3248514,train
3248518,test
3248534,train
3248554,train
3248562,train
3248570,train
3248578,train
3248582,train
3248586,train
3248602,train
3248610,train
3248618,train
3248626,train
3248630,test
3248634,train
3248638,train
3248642,train
3248646,train
3248650,train
3248674,train
3248678,train
3248682,train
3248686,train
3248690,train
3248694,train
3248698,test
3248706,train
3248718,train
3248730,train
3248746,train
3248762,test
3248766,train
3248774,train
3248794,train
3248798,test
3248818,test
3248826,train
3248842,test
3248846,test
3248850,train
3248858,test
3248870,train
3248874,test
3248882,train
3248898,train
3248902,test
3248906,train
3248918,train
3248922,train
3248934,train
3248938,train
3248946,test
3248950,test
3248962,train
3248966,train
3248978,test
3249010,train
3249014,train
3249026,train
3249050,train
3249054,train
3249062,train
3249070,train
3249082,train
3249106,train
3249110,test
3249114,train
3249122,test
3249134,train
3249138,test
3249146,train
3249158,test
3249162,train
3249178,train
3249182,train
3249198,test
3249202,test
3249218,test
3249222,train
3249226,train
3249230,test
3249246,train
3249254,test
3249258,test
3249262,train
3249266,train
3249282,train
3249294,train
3249302,train
3249306,train
3249314,train
3249318,train
3249330,train
3249334,train
3249350,train
3249358,train
3249370,train
3249378,train
3249390,train
3249402,test
3249406,test
3249410,train
3249414,train
3249438,train
3249454,train
3249466,train
3249474,train
3249482,train
3249486,train
3249494,train
3249502,train
3249514,train
3249518,train
3249542,train
3249546,train
3249550,train
3249570,train
3249582,train
3249598,train
3249610,train
3249618,train
3249642,train
3249658,train
3249662,train
3249666,train
3249690,train
3249698,train
3249702,train
3249710,train
3249726,test
3249730,train
3249754,train
3249758,train
3249766,train
3249770,train
3249774,test
3249778,test
3249782,train
3249790,test
3249794,train
3249802,train
3249806,train
3249818,train
3249838,test
3249854,train
3249862,test
3249866,train
3249878,train
3249890,test
3249894,train
3249902,train
3249914,train
3249926,test
3249934,train
3249946,train
3249950,train
3249958,train
3249966,train
3249974,train
3249982,train
3249986,test
3250002,train
3250006,test
3250018,train
3250030,test
3250034,train
3250038,train
3250042,test
3250050,train
3250058,train
3250070,train
3250074,train
3250078,train
3250082,test
3250098,test
3250118,train
3250122,train
3250126,train
3250130,train
3250138,train
3250142,train
3250150,test
3250154,train
3250158,train
3250178,train
3250182,train
3250194,train
3250198,train
3250202,test
3250226,test
3250230,train
3250238,train
3250246,train
3250250,train
3250254,train
3250266,train
3250278,train
3250290,train
3250294,train
3250298,train
3250302,train
3250306,train
3250318,train
3250322,train
3250326,train
3250346,train
3250354,test
3250358,test
3250366,test
3250378,train
3250382,train
3250386,train
3250390,train
3250394,test
3250402,train
3250406,train
3250418,train
3250426,train
3250430,train
3250438,train
3250450,train
3250458,test
3250462,test
3250474,train
3250478,train
3250486,train
3250490,train
3250502,test
3250510,test
3250518,train
3250522,train
3250526,train
3250530,train
3250542,train
3250554,test
3250558,train
3250562,train
3250570,test
3250574,test
3250582,test
3250586,train
3250618,train
3250626,train
3250638,train
3250658,train
3250662,train
3250666,train
3250670,train
3250674,train
3250686,train
3250702,train
3250714,test
3250734,train
3250742,train
3250746,train
3250770,train
3250778,train
3250790,test
3250794,test
3250798,train
3250802,train
3250806,train
3250810,test
3250814,train
3250818,train
3250822,train
3250830,train
3250838,train
3250846,train
3250862,test
3250874,train
3250886,train
3250894,train
3250898,train
3250906,train
3250914,train
3250918,test
3250926,test
3250938,train
3250946,train
3250950,test
3250954,train
3250958,train
3250962,test
3250966,train
3250974,train
3250978,train
3250982,train
3250986,train
3250990,train
3251006,train
3251014,train
3251018,test
3251026,train
3251030,test
3251034,train
3251038,train
3251046,train
3251054,train
3251062,test
3251066,train
3251074,train
3251086,train
3251094,train
3251106,train
3251110,train
3251114,train
3251126,train
3251150,train
3251158,train
3251170,test
3251174,train
3251190,train
3251198,train
3251202,test
3251210,train
3251214,train
3251218,train
3251222,train
3251230,train
3251234,test
3251238,train
3251246,train
3251258,train
3251262,train
3251266,train
3251274,train
3251278,train
3251282,train
3251298,train
3251302,train
3251314,train
3251326,test
3251338,train
3251354,test
3251358,train
3251374,train
3251386,train
3251390,train
3251402,test
3251410,train
3251430,train
3251434,train
3251438,train
3251446,test
3251454,train
3251474,train
3251482,train
3251486,train
3251490,test
3251506,train
3251510,train
3251518,train
3251530,train
3251534,train
3251538,train
3251546,train
3251550,train
3251566,train
3251570,train
3251574,test
3251582,train
3251594,train
3251598,train
3251602,train
3251606,train
3251614,train
3251618,train
3251626,train
3251630,train
3251642,test
3251658,train
3251662,test
3251670,train
3251674,train
3251690,test
3251694,train
3251698,train
3251710,train
3251718,train
3251726,test
3251734,train
3251742,train
3251746,train
3251758,train
3251762,train
3251766,train
3251770,train
3251774,train
3251778,test
3251782,train
3251790,train
3251794,test
3251798,test
3251802,train
3251810,train
3251814,test
3251818,train
3251822,test
3251826,train
3251830,train
3251834,train
3251838,train
3251842,train
3251846,train
3251854,train
3251870,test
3251874,test
3251878,test
3251886,test
3251910,train
3251914,train
3251926,train
3251934,test
3251942,train
3251946,test
3251962,test
3251966,train
3251970,train
3251974,test
3251982,test
3251998,train
3252018,train
3252034,train
3252054,train
3252062,train
3252066,test
3252070,train
3252074,train
3252078,train
3252086,train
3252090,train
3252094,train
3252098,train
3252102,train
3252106,train
3252114,test
3252126,train
3252130,train
3252134,train
3252138,test
3252142,train
3252146,train
3252150,train
3252158,train
3252166,train
3252170,test
3252174,train
3252178,train
3252194,train
3252198,test
3252206,train
3252214,test
3252218,train
3252222,train
3252238,test
3252242,test
3252250,test
3252262,train
3252270,train
3252282,test
3252286,train
3252294,train
3252298,train
3252302,train
3252306,train
3252314,test
3252322,train
3252326,train
3252338,test
3252374,train
3252382,test
3252386,train
3252402,test
3252406,train
3252414,train
3252418,train
3252422,test
3252430,train
3252434,test
3252442,train
3252454,test
3252458,train
3252466,train
3252470,train
3252482,test
3252486,train
3252490,train
3252498,test
3252506,train
3252518,train
3252526,train
3252530,train
3252534,test
3252546,train
3252554,test
3252558,test
3252566,test
3252582,train
3252586,train
3252594,train
3252602,train
3252606,train
3252610,train
3252614,train
3252622,train
3252626,train
3252630,train
3252634,train
3252642,train
3252650,train
3252674,train
3252678,test
3252694,test
3252726,train
3252730,train
3252738,train
3252742,train
3252746,train
3252750,train
3252754,train
3252758,test
3252766,train
3252770,train
3252782,train
3252786,train
3252790,test
3252798,test
3252806,train
3252810,train
3252814,train
3252818,test
3252830,train
3252834,train
3252838,test
3252842,train
3252862,train
3252866,train
3252878,train
3252882,test
3252886,test
3252890,train
3252898,train
3252906,train
3252910,test
3252914,test
3252922,train
3252926,train
3252946,test
3252950,train
3252954,train
3252958,train
3252970,train
3252982,test
3253002,train
3253006,train
3253010,train
3253026,train
3253030,train
3253034,train
3253038,train
3253046,test
3253054,test
3253058,train
3253062,test
3253070,test
3253074,train
3253078,train
3253082,test
3253090,train
3253094,train
3253098,train
3253106,train
3253130,train
3253142,train
3253150,train
3253162,train
3253174,test
3253178,train
3253190,train
3253194,train
3253198,train
3253202,train
3253210,train
3253214,test
3253222,train
3253230,train
3253234,test
3253246,train
3253262,train
3253270,test
3253274,train
3253278,test
3253282,train
3253286,train
3253298,test
3253310,train
3253326,test
3253330,train
3253334,train
3253342,train
3253354,test
3253362,train
3253370,train
3253390,train
3253394,test
3253410,train
3253414,test
3253418,train
3253422,train
3253430,train
3253434,train
3253438,train
3253446,train
3253454,train
3253470,train
3253482,train
3253486,train
3253498,train
3253502,test
3253506,train
3253514,train
3253518,test
3253538,train
3253550,test
3253558,train
3253562,train
3253570,train
3253574,train
3253578,train
3253582,train
3253586,train
3253598,train
3253602,train
3253606,train
3253610,train
3253614,train
3253618,test
3253630,train
3253634,train
3253638,train
3253642,test
3253650,train
3253654,train
3253658,train
3253662,train
3253666,train
3253678,train
3253686,train
3253690,train
3253702,train
3253710,train
3253718,test
3253722,train
3253734,train
3253738,test
3253742,train
3253746,test
3253754,train
3253758,train
3253762,train
3253770,train
3253778,train
3253786,train
3253798,train
3253802,train
3253814,train
3253818,train
3253822,train
3253826,test
3253842,train
3253850,train
3253866,test
3253870,train
3253886,test
3253890,train
3253906,train
3253910,train
3253926,train
3253930,train
3253946,train
3253954,train
3253958,train
3253990,train
3253994,train
3254006,train
3254018,train
3254022,test
3254034,train
3254050,test
3254054,train
3254066,train
3254082,train
3254090,train
3254094,train
3254106,train
3254110,train
3254114,train
3254122,train
3254126,train
3254138,train
3254142,train
3254170,test
3254194,train
3254206,train
3254210,train
3254230,train
3254250,train
3254278,train
3254290,train
3254294,train
3254298,train
3254302,train
3254314,train
3254326,train
3254330,train
3254334,train
3254342,train
3254354,train
3254362,train
3254366,train
3254378,train
3254382,test
3254386,train
3254390,train
3254394,train
3254398,train
3254402,train
3254410,train
3254418,train
3254422,train
3254426,train
3254434,train
3254446,train
3254466,train
3254474,train
3254482,train
3254498,train
3254506,train
3254526,train
3254530,train
3254534,train
3254538,train
3254546,train
3254550,train
3254554,train
3254578,train
3254582,train
3254594,test
3254598,train
3254602,train
3254610,test
3254614,train
3254626,train
3254634,train
3254642,test
3254666,train
3254670,train
3254674,train
3254682,train
3254686,train
3254694,test
3254702,test
3254726,train
3254730,train
3254742,train
3254754,train
3254758,train
3254762,train
3254774,test
3254786,train
3254790,test
3254798,train
3254802,train
3254806,train
3254810,train
3254818,train
3254826,train
3254830,train
3254846,train
3254854,test
3254862,test
3254874,train
3254882,test
3254890,train
3254898,train
3254922,test
3254934,train
3254938,test
3254966,train
3254974,train
3254986,train
3254990,test
3254998,train
3255002,train
3255006,train
3255034,train
3255054,test
3255058,train
3255070,train
3255078,train
3255082,train
3255086,train
3255094,train
3255098,train
3255102,test
3255106,train
3255114,train
3255118,train
3255122,train
3255130,train
3255134,train
3255138,train
3255142,train
3255150,train
3255154,train
3255166,test
3255170,train
3255178,train
3255190,train
3255198,train
3255202,train
3255206,train
3255214,train
3255218,train
3255230,train
3255234,train
3255238,train
3255242,train
3255246,train
3255254,train
3255270,train
3255274,test
3255278,train
3255282,train
3255286,train
3255302,train
3255310,train
3255314,train
3255318,train
3255322,train
3255326,train
3255330,train
3255334,train
3255338,train
3255350,train
3255354,train
3255366,test
3255374,train
3255378,train
3255390,train
3255394,train
3255398,train
3255402,train
3255418,train
3255442,train
3255446,train
3255458,train
3255462,train
3255470,test
3255474,train
3255482,train
3255486,train
3255494,train
3255498,train
3255502,train
3255506,train
3255526,train
3255542,train
3255550,train
3255566,train
3255570,test
3255574,train
3255578,train
3255582,test
3255586,train
3255590,train
3255594,train
3255598,train
3255606,test
3255618,train
3255622,train
3255634,train
3255642,train
3255646,train
3255650,test
3255654,train
3255662,test
3255666,train
3255670,train
3255674,train
3255690,test
3255694,test
3255714,train
3255722,train
3255726,train
3255730,train
3255734,train
3255750,train
3255758,train
3255766,train
3255770,train
3255786,train
3255802,train
3255818,train
3255834,train
3255838,train
3255850,train
3255854,test
3255866,train
3255870,train
3255886,train
3255910,test
3255914,train
3255918,train
3255926,test
3255934,train
3255946,train
3255950,train
3255962,train
3255970,train
3255978,train
3255986,train
3256002,train
3256006,test
3256010,train
3256014,train
3256018,test
3256034,train
3256050,train
3256054,train
3256058,train
3256074,train
3256090,train
3256094,train
3256098,train
3256102,train
3256110,train
3256122,test
3256126,train
3256130,train
3256134,test
3256142,train
3256154,train
3256158,test
3256166,train
3256170,train
3256186,train
3256190,train
3256202,train
3256206,train
3256210,train
3256222,train
3256230,train
3256238,train
3256258,train
3256266,train
3256274,test
3256290,train
3256294,train
3256302,train
3256306,train
3256314,train
3256318,train
3256322,test
3256326,test
3256338,train
3256342,train
3256354,train
3256358,train
3256362,train
3256366,train
3256378,train
3256386,train
3256394,train
3256398,train
3256402,train
3256406,train
3256414,train
3256418,train
3256422,train
3256426,train
3256430,train
3256442,train
3256446,train
3256462,train
3256466,train
3256470,train
3256474,test
3256478,train
3256482,train
3256486,test
3256490,train
3256502,train
3256510,train
3256534,train
3256546,train
3256550,train
3256558,train
3256562,train
3256590,train
3256598,train
3256614,train
3256622,train
3256626,train
3256638,test
3256642,train
3256650,train
3256666,train
3256670,train
3256674,train
3256678,train
3256682,test
3256686,test
3256690,test
3256694,train
3256718,test
3256726,test
3256738,test
3256750,train
3256754,train
3256758,train
3256762,test
3256770,train
3256774,train
3256786,test
3256790,train
3256794,train
3256802,train
3256810,train
3256814,train
3256818,train
3256822,train
3256830,train
3256834,train
3256854,train
3256858,train
3256866,train
3256870,train
3256878,train
3256886,test
3256894,train
3256898,train
3256902,train
3256906,train
3256926,train
3256930,train
3256942,train
3256946,train
3256954,train
3256958,train
3256962,test
3256966,test
3256974,test
3256978,train
3256990,train
3256998,train
3257002,train
3257010,train
3257026,test
3257034,train
3257038,train
3257042,test
3257046,test
3257054,train
3257062,train
3257070,train
3257074,train
3257082,train
3257086,test
3257090,train
3257094,train
3257098,train
3257102,train
3257118,test
3257122,train
3257126,train
3257130,train
3257138,train
3257146,train
3257158,train
3257162,train
3257166,test
3257170,train
3257174,test
3257182,train
3257186,train
3257198,test
3257202,train
3257210,test
3257218,train
3257222,train
3257226,train
3257230,train
3257238,test
3257246,test
3257250,train
3257258,test
3257262,test
3257266,train
3257270,test
3257274,test
3257282,test
3257294,train
3257298,train
3257302,train
3257306,train
3257310,train
3257318,train
3257322,train
3257326,test
3257330,test
3257358,test
3257362,train
3257386,train
3257394,train
3257398,train
3257418,train
3257426,test
3257430,train
3257434,train
3257438,train
3257442,test
3257446,test
3257450,train
3257454,train
3257458,train
3257474,train
3257478,test
3257490,train
3257502,test
3257506,test
3257510,test
3257518,train
3257526,test
3257534,train
3257542,test
3257546,train
3257550,test
3257554,train
3257558,train
3257562,train
3257566,train
3257586,train
3257606,train
3257614,train
3257618,train
3257622,train
3257626,train
3257658,train
3257666,train
3257682,train
3257690,train
3257698,test
3257706,train
3257714,train
3257722,train
3257726,train
3257730,train
3257742,test
3257766,train
3257786,train
3257794,train
3257810,test
3257830,train
3257834,train
3257842,train
3257850,train
3257854,train
3257870,train
3257874,train
3257878,train
3257882,train
3257886,train
3257890,train
3257894,test
3257898,train
3257902,train
3257922,train
3257926,train
3257930,test
3257934,train
3257938,train
3257942,train
3257950,train
3257962,train
3257974,train
3257978,test
3257986,train
3258006,test
3258018,test
3258030,train
3258034,train
3258042,train
3258050,train
3258058,train
3258062,train
3258066,train
3258070,test
3258074,test
3258086,test
3258090,train
3258094,test
3258098,train
3258102,train
3258122,train
3258126,test
3258130,train
3258138,train
3258142,train
3258146,train
3258150,test
3258154,train
3258162,train
3258166,train
3258170,train
3258174,train
3258182,train
3258190,train
3258202,train
3258206,train
3258210,train
3258218,train
3258226,train
3258234,train
3258238,train
3258242,train
3258250,train
3258254,train
3258262,train
3258266,train
3258270,train
3258278,train
3258290,train
3258298,test
3258314,train
3258318,test
3258322,train
3258350,train
3258366,test
3258370,train
3258374,train
3258382,train
3258402,train
3258418,train
3258426,train
3258430,train
3258438,train
3258442,train
3258462,train
3258470,train
3258490,train
3258498,test
3258502,train
3258510,train
3258514,train
3258526,train
3258530,test
3258534,test
3258538,train
3258542,train
3258558,train
3258562,train
3258578,train
3258582,train
3258598,train
3258602,test
3258606,train
3258610,train
3258614,test
3258618,test
3258626,train
3258630,train
3258634,train
3258638,train
3258642,train
3258650,train
3258654,test
3258662,train
3258666,test
3258670,train
3258678,train
3258682,train
3258690,train
3258702,train
3258706,train
3258710,test
3258722,train
3258734,train
3258742,test
3258746,train
3258754,train
3258758,train
3258766,train
3258770,train
3258774,train
3258778,train
3258782,train
3258794,train
3258802,test
3258818,train
3258830,train
3258834,train
3258842,train
3258846,train
3258850,train
3258854,train
3258862,train
3258866,train
3258870,test
3258878,test
3258882,train
3258890,train
3258902,test
3258910,train
3258914,train
3258918,train
3258922,train
3258942,train
3258946,train
3258958,test
3258966,train
3258982,train
3258990,train
3259002,train
3259010,train
3259014,train
3259018,train
3259022,train
3259026,train
3259038,train
3259046,train
3259050,train
3259054,test
3259058,train
3259070,train
3259078,train
3259082,train
3259086,train
3259090,train
3259102,train
3259110,train
3259114,train
3259118,train
3259122,train
3259126,train
3259130,train
3259134,train
3259142,train
3259146,train
3259150,train
3259166,test
3259174,train
3259186,train
3259190,test
3259194,train
3259218,test
3259230,train
3259234,train
3259238,train
3259246,train
3259250,train
3259254,train
3259258,train
3259266,train
3259270,train
3259274,train
3259282,test
3259290,train
3259294,test
3259298,test
3259306,test
3259334,train
3259338,test
3259342,train
3259350,train
3259354,train
3259358,train
3259386,train
3259390,test
3259394,train
3259398,train
3259410,train
3259414,test
3259418,test
3259426,train
3259434,train
3259458,train
3259466,train
3259474,test
3259478,test
3259482,train
3259490,train
3259494,train
3259498,train
3259506,train
3259518,train
3259542,train
3259546,train
3259550,train
3259566,test
3259570,test
3259582,train
3259586,train
3259590,train
3259622,train
3259650,train
3259674,test
3259678,test
3259686,train
3259690,train
3259694,train
3259698,train
3259710,train
3259714,train
3259718,train
3259722,train
3259734,test
3259738,train
3259742,test
3259754,train
3259758,train
3259766,train
3259778,train
3259794,train
3259802,test
3259806,test
3259810,train
3259814,train
3259858,train
3259862,train
3259870,train
3259878,train
3259882,train
3259894,train
3259898,train
3259910,test
3259914,train
3259930,train
3259938,train
3259946,train
3259950,train
3259954,test
3259958,train
3259962,test
3259966,test
3259970,train
3259974,train
3259998,test
3260002,test
3260006,test
3260018,train
3260022,train
3260026,train
3260034,train
3260038,train
3260042,test
3260050,test
3260054,train
3260062,train
3260078,test
3260082,train
3260090,train
3260094,train
3260098,test
3260102,train
3260126,train
3260142,train
3260150,test
3260174,train
3260178,train
3260186,train
3260190,train
3260198,test
3260206,train
3260214,train
3260222,train
3260226,train
3260230,train
3260242,train
3260258,train
3260262,train
3260266,test
3260274,train
3260290,train
3260294,train
3260298,train
3260306,train
3260314,train
3260318,train
3260326,test
3260330,test
3260334,test
3260338,train
3260346,train
3260362,train
3260370,train
3260382,train
3260390,train
3260402,train
3260406,test
3260410,train
3260414,train
3260430,train
3260442,test
3260446,train
3260450,train
3260462,train
3260466,test
3260482,train
3260490,test
3260494,test
3260502,train
3260510,test
3260514,train
3260522,train
3260526,train
3260534,train
3260538,train
3260542,test
3260566,train
3260578,train
3260598,train
3260602,train
3260614,test
3260622,train
3260642,test
3260654,train
3260658,train
3260662,train
3260682,train
3260686,train
3260694,test
3260698,train
3260702,test
3260722,train
3260730,train
3260734,train
3260738,train
3260742,train
3260746,train
3260750,test
3260758,train
3260762,train
3260774,train
3260782,train
3260786,train
3260790,train
3260802,train
3260810,train
3260822,train
3260830,train
3260834,test
3260838,train
3260846,train
3260850,train
3260854,test
3260866,train
3260870,train
3260878,test
3260890,train
3260898,train
3260902,train
3260906,test
3260914,test
3260926,train
3260930,train
3260934,test
3260950,train
3260954,test
3260958,train
3260962,test
3260978,test
3260990,train
3260994,train
3261010,train
3261014,train
3261022,train
3261026,train
3261030,train
3261038,train
3261050,train
3261062,train
3261070,test
3261074,train
3261078,train
3261082,train
3261090,train
3261106,train
3261110,train
3261114,train
3261118,train
3261130,train
3261158,test
3261162,train
3261170,train
3261174,train
3261190,train
3261194,test
3261206,train
3261214,train
3261218,test
3261222,test
3261238,train
3261242,train
3261250,train
3261262,train
3261270,train
3261282,train
3261290,train
3261294,train
3261298,train
3261302,test
3261310,train
3261314,train
3261322,train
3261326,test
3261330,test
3261338,train
3261350,train
3261354,test
3261366,train
3261374,train
3261382,test
3261398,train
3261402,train
3261406,train
3261410,train
3261414,test
3261418,train
3261422,train
3261438,train
3261446,train
3261450,train
3261458,train
3261466,train
3261478,train
3261486,train
3261490,train
3261494,train
3261498,train
3261502,train
3261506,train
3261510,train
3261534,test
3261542,train
3261554,train
3261566,train
3261570,test
3261574,train
3261578,train
3261594,train
3261602,test
3261610,train
3261614,train
3261626,test
3261642,train
3261646,train
3261678,test
3261698,test
3261710,test
3261722,train
3261730,train
3261734,train
3261742,train
3261746,train
3261750,train
3261754,test
3261758,train
3261770,train
3261774,train
3261786,train
3261790,test
3261794,test
3261806,train
3261810,train
3261814,train
3261846,train
3261854,train
3261874,train
3261878,test
3261882,train
3261902,train
3261906,test
3261910,test
3261918,train
3261922,train
3261938,train
3261942,train
3261946,train
3261950,train
3261954,train
3261962,train
3261966,train
3261982,train
3261986,train
3262002,train
3262018,train
3262030,train
3262046,test
3262058,test
3262062,train
3262066,train
3262074,train
3262094,test
3262098,train
3262110,train
3262126,test
3262130,train
3262138,train
3262146,train
3262150,train
3262154,train
3262162,train
3262174,train
3262178,train
3262190,train
3262202,train
3262206,train
3262218,train
3262230,test
3262234,train
3262238,train
3262250,train
3262278,test
3262282,train
3262290,train
3262302,test
3262314,train
3262318,train
3262326,train
3262342,train
3262346,train
3262350,train
3262358,train
3262362,train
3262386,test
3262390,train
3262398,train
3262402,train
3262406,train
3262418,test
3262430,test
3262438,train
3262442,test
3262466,train
3262482,train
3262490,test
3262502,train
3262506,train
3262510,train
3262518,train
3262526,train
3262534,train
3262542,train
3262562,train
3262570,train
3262574,train
3262578,train
3262598,train
3262606,train
3262610,train
3262614,test
3262622,train
3262630,train
3262634,train
3262642,test
3262646,test
3262650,test
3262654,train
3262658,train
3262682,test
3262702,train
3262710,train
3262722,train
3262726,test
3262730,train
3262746,train
3262750,train
3262754,train
3262758,train
3262762,train
3262774,train
3262782,test
3262786,train
3262790,train
3262794,train
3262798,train
3262806,train
3262810,train
3262814,train
3262818,train
3262846,train
3262850,train
3262858,train
3262866,test
3262870,train
3262878,test
3262882,train
3262886,train
3262890,test
3262894,train
3262902,train
3262906,train
3262914,train
3262930,train
3262942,test
3262962,train
3262966,train
3262974,test
3262978,train
3262982,train
3262986,train
3262990,test
3262994,train
3263006,train
3263010,train
3263014,test
3263022,train
3263030,test
3263042,train
3263054,test
3263058,train
3263074,train
3263078,test
3263102,train
3263114,train
3263118,train
3263122,train
3263138,train
3263150,train
3263162,train
3263166,train
3263170,train
3263178,train
3263182,train
3263186,train
3263194,train
3263198,train
3263214,train
3263222,train
3263230,train
3263238,train
3263242,test
3263246,train
3263258,train
3263266,train
3263270,train
3263278,train
3263290,train
3263310,train
3263318,train
3263322,train
3263326,test
3263334,train
3263342,train
3263346,train
3263350,train
3263354,train
3263358,train
3263366,train
3263382,train
3263386,train
3263390,train
3263406,train
3263410,train
3263414,train
3263422,train
3263426,train
3263442,train
3263450,train
3263458,train
3263466,train
3263486,train
3263506,test
3263522,train
3263526,train
3263534,train
3263542,train
3263546,test
3263550,train
3263554,test
3263566,train
3263574,train
3263578,train
3263586,train
3263590,train
3263602,test
3263606,train
3263614,test
3263618,train
3263626,train
3263634,train
3263654,train
3263666,train
3263670,train
3263674,train
3263682,train
3263686,train
3263690,train
3263698,train
3263710,train
3263722,train
3263726,train
3263734,train
3263770,train
3263774,train
3263782,train
3263790,train
3263806,train
3263810,train
3263814,test
3263822,train
3263826,train
3263830,test
3263850,train
3263854,train
3263870,train
3263874,test
3263882,train
3263894,test
3263898,train
3263914,train
3263922,train
3263926,test
3263934,train
3263950,train
3263970,train
3263978,train
3263990,train
3263998,test
3264010,train
3264014,train
3264022,train
3264026,train
3264046,train
3264050,train
3264058,test
3264070,train
3264074,train
3264082,train
3264098,train
3264106,test
3264110,train
3264114,test
3264122,train
3264126,train
3264134,train
3264142,train
3264146,train
3264150,train
3264158,train
3264162,train
3264166,test
3264170,test
3264174,train
3264194,test
3264198,train
3264202,train
3264210,train
3264222,train
3264226,train
3264230,test
3264234,train
3264246,test
3264262,train
3264266,train
3264270,train
3264274,train
3264282,train
3264286,train
3264290,train
3264294,test
3264302,train
3264310,train
3264314,train
3264322,train
3264330,test
3264342,test
3264346,train
3264354,train
3264366,train
3264378,train
3264382,test
3264386,train
3264398,train
3264418,train
3264422,train
3264442,train
3264446,train
3264450,train
3264454,train
3264474,train
3264478,train
3264486,train
3264490,train
3264498,train
3264506,test
3264510,test
3264522,train
3264526,train
3264530,test
3264542,train
3264546,train
3264550,train
3264590,train
3264594,train
3264598,train
3264606,test
3264610,train
3264614,test
3264618,train
3264626,test
3264630,train
3264634,train
3264642,train
3264658,test
3264662,test
3264666,train
3264670,train
3264678,train
3264698,train
3264702,train
3264714,train
3264738,train
3264766,train
3264774,train
3264786,train
3264794,train
3264798,train
3264810,train
3264814,test
3264818,train
3264826,test
3264830,test
3264834,train
3264850,test
3264858,train
3264866,test
3264882,test
3264886,train
3264894,train
3264906,test
3264910,test
3264918,train
3264930,train
3264938,train
3264942,train
3264946,train
3264958,train
3264966,train
3264970,test
3264974,train
3264982,train
3264990,train
3264994,train
3264998,train
3265002,train
3265006,train
3265010,train
3265026,test
3265030,train
3265034,test
3265038,train
3265058,train
3265062,train
3265066,train
3265074,train
3265078,train
3265098,train
3265102,train
3265114,train
3265122,train
3265130,train
3265138,train
3265146,train
3265166,train
3265178,train
3265182,train
3265198,train
3265210,test
3265214,train
3265226,train
3265242,test
3265246,train
3265262,test
3265274,test
3265286,train
3265290,train
3265294,train
3265298,train
3265302,test
3265306,train
3265310,train
3265314,train
3265322,train
3265334,train
3265338,train
3265346,train
3265358,train
3265362,train
3265366,train
3265382,train
3265386,train
3265390,train
3265414,test
3265418,train
3265422,train
3265426,train
3265430,test
3265434,train
3265442,test
3265466,train
3265470,train
3265474,train
3265486,train
3265490,train
3265494,train
3265502,train
3265510,test
3265514,train
3265518,train
3265522,train
3265530,train
3265546,train
3265570,test
3265586,train
3265590,train
3265594,test
3265606,train
3265626,train
3265634,train
3265638,train
3265646,train
3265658,train
3265662,test
3265678,train
3265686,train
3265698,test
3265702,train
3265706,test
3265710,test
3265726,test
3265730,train
3265738,train
3265750,train
3265758,train
3265766,train
3265770,train
3265774,train
3265778,train
3265794,train
3265806,train
3265814,train
3265818,train
3265822,train
3265826,test
3265838,train
3265850,train
3265854,train
3265874,test
3265878,train
3265882,train
3265886,train
3265894,train
3265906,train
3265910,train
3265926,train
3265934,test
3265938,test
3265954,train
3265962,train
3265966,train
3265974,test
3265982,test
3265986,train
3265990,train
3265998,train
3266002,train
3266006,train
3266018,train
3266034,train
3266038,train
3266042,train
3266054,train
3266058,train
3266062,train
3266070,train
3266086,train
3266102,train
3266114,test
3266122,test
3266138,test
3266158,train
3266170,train
3266174,test
3266182,train
3266190,train
3266202,test
3266210,test
3266214,test
3266222,train
3266230,train
3266234,train
3266242,train
3266250,test
3266254,train
3266258,train
3266274,train
3266278,train
3266286,train
3266298,test
3266310,train
3266314,train
3266326,train
3266334,test
3266338,train
3266346,train
3266354,train
3266366,train
3266370,train
3266386,train
3266390,train
3266402,test
3266406,train
3266410,train
3266418,train
3266422,train
3266430,train
3266446,train
3266450,train
3266454,test
3266466,test
3266470,test
3266478,train
3266486,test
3266490,train
3266502,train
3266506,train
3266510,train
3266518,train
3266522,test
3266530,train
3266534,train
3266538,train
3266542,train
3266546,test
3266566,train
3266582,test
3266594,train
3266598,train
3266606,train
3266622,train
3266630,train
3266634,train
3266662,train
3266666,train
3266670,train
3266682,train
3266686,train
3266690,train
3266698,train
3266710,train
3266714,train
3266726,train
3266738,train
3266742,train
3266746,train
3266762,train
3266786,train
3266798,test
3266810,train
3266818,train
3266826,train
3266830,train
3266838,train
3266842,test
3266846,train
3266850,train
3266854,test
3266866,train
3266886,train
3266890,train
3266902,train
3266906,train
3266934,train
3266946,train
3266958,train
3266962,train
3266966,test
3266970,train
3266974,test
3266978,train
3266982,train
3266994,test
3267006,train
3267014,train
3267022,train
3267050,train
3267054,train
3267062,train
3267066,train
3267074,test
3267078,train
3267082,test
3267090,test
3267094,train
3267098,train
3267102,train
3267114,train
3267118,test
3267126,test
3267150,train
3267166,train
3267174,train
3267182,test
3267186,train
3267190,train
3267194,train
3267206,train
3267210,test
3267218,train
3267222,train
3267226,train
3267230,train
3267238,train
3267246,train
3267250,train
3267254,train
3267258,train
3267262,train
3267274,test
3267278,train
3267286,train
3267290,train
3267294,train
3267298,train
3267302,train
3267306,train
3267310,train
3267318,train
3267326,train
3267330,train
3267342,train
3267350,train
3267354,train
3267358,test
3267362,train
3267370,train
3267374,train
3267386,train
3267394,test
3267398,train
3267406,test
3267410,train
3267418,train
3267426,test
3267434,train
3267438,test
3267446,train
3267454,train
3267486,train
3267494,train
3267498,train
3267502,test
3267506,train
3267522,train
3267526,test
3267554,train
3267558,train
3267566,train
3267570,train
3267586,test
3267598,train
3267614,test
3267618,train
3267630,train
3267638,train
3267642,train
3267646,train
3267662,test
3267666,train
3267670,train
3267694,train
3267702,test
3267734,train
3267750,train
3267754,train
3267758,train
3267762,test
3267766,train
3267770,test
3267790,train
3267798,test
3267802,train
3267806,train
3267810,train
3267826,test
3267830,train
3267838,train
3267846,train
3267850,train
3267862,train
3267866,test
3267874,train
3267890,test
3267894,train
3267898,test
3267914,train
3267918,train
3267922,train
3267926,test
3267942,train
3267950,train
3267958,train
3267962,test
3267966,test
3267982,train
3267990,test
3268030,test
3268034,train
3268038,train
3268046,train
3268058,train
3268062,test
3268066,test
3268074,train
3268078,test
3268086,train
3268090,train
3268098,test
3268106,test
3268110,train
3268114,train
3268118,test
3268126,test
3268130,train
3268142,train
3268150,train
3268158,train
3268162,train
3268170,train
3268174,train
3268178,train
3268190,train
3268194,train
3268198,train
3268202,test
3268206,test
3268210,train
3268214,train
3268222,train
3268226,train
3268230,train
3268238,train
3268242,test
3268246,test
3268250,train
3268254,train
3268258,train
3268262,train
3268266,train
3268270,test
3268274,test
3268278,test
3268282,train
3268290,train
3268306,test
3268310,train
3268314,test
3268318,train
3268330,train
3268354,train
3268358,train
3268370,train
3268378,train
3268382,train
3268386,train
3268390,train
3268414,train
3268422,train
3268426,train
3268438,train
3268450,train
3268470,train
3268474,train
3268478,train
3268482,train
3268486,train
3268494,train
3268502,test
3268506,train
3268518,train
3268522,train
3268534,train
3268538,train
3268550,test
3268554,train
3268562,train
3268574,test
3268590,train
3268594,test
3268598,train
3268618,train
3268622,test
3268634,train
3268638,test
3268642,test
3268646,train
3268650,train
3268658,test
3268662,test
3268666,test
3268670,train
3268690,train
3268694,test
3268698,train
3268702,train
3268710,train
3268730,test
3268734,test
3268738,train
3268746,test
3268766,train
3268782,train
3268794,train
3268802,train
3268818,test
3268834,train
3268850,test
3268854,train
3268882,train
3268894,train
3268898,train
3268918,train
3268922,train
3268926,train
3268930,train
3268934,train
3268950,test
3268954,train
3268962,train
3268970,test
3268974,train
3268978,test
3268982,train
3268990,train
3268998,test
3269002,train
3269006,train
3269026,train
3269030,train
3269042,train
3269046,train
3269058,train
3269066,train
3269078,test
3269086,train
3269094,train
3269106,train
3269114,test
3269154,test
3269166,test
3269170,train
3269174,train
3269182,train
3269222,train
3269226,train
3269238,train
3269242,train
3269262,train
3269278,train
3269294,train
3269302,train
3269306,train
3269310,test
3269314,train
3269330,test
3269334,train
3269338,train
3269346,train
3269350,train
3269366,train
3269370,train
3269382,train
3269386,train
3269390,train
3269394,train
3269398,test
3269410,train
3269426,train
3269430,train
3269446,train
3269454,train
3269466,train
3269470,train
3269474,train
3269482,train
3269486,train
3269490,train
3269498,train
3269506,train
3269510,train
3269514,train
3269522,train
3269526,train
3269530,train
3269534,train
3269538,train
3269542,train
3269550,train
3269554,test
3269558,train
3269578,train
3269582,train
3269586,test
3269594,train
3269614,test
3269618,train
3269634,train
3269642,train
3269650,train
3269654,train
3269658,train
3269670,test
3269682,train
3269694,train
3269698,train
3269710,train
3269726,train
3269738,train
3269762,test
3269766,train
3269774,test
3269782,test
3269794,train
3269798,train
3269806,train
3269810,train
3269814,test
3269834,test
3269846,train
3269850,test
3269854,train
3269874,test
3269886,train
3269890,train
3269894,train
3269902,train
3269906,train
3269910,test
3269918,train
3269930,train
3269962,train
3269966,test
3269970,test
3269974,train
3269978,train
3269994,test
3269998,train
3270002,train
3270010,train
3270018,test
3270022,test
3270038,train
3270042,test
3270054,test
3270058,train
3270062,train
3270066,train
3270070,train
3270074,train
3270078,train
3270082,train
3270094,train
3270098,train
3270102,train
3270106,train
3270118,train
3270122,test
3270130,train
3270134,train
3270138,train
3270150,test
3270154,train
3270158,train
3270162,train
3270166,train
3270170,train
3270190,train
3270206,train
3270226,test
3270234,train
3270238,test
3270242,train
3270250,test
3270254,train
3270258,test
3270270,train
3270274,test
3270278,train
3270282,test
3270354,train
3270358,train
3270362,train
3270366,test
3270382,train
3270390,train
3270394,train
3270398,train
3270406,train
3270410,train
3270414,train
3270426,train
3270430,train
3270434,train
3270438,train
3270446,train
3270454,train
3270470,test
3270474,train
3270486,train
3270494,train
3270498,test
3270506,train
3270510,train
3270514,train
3270518,train
3270522,train
3270526,test
3270530,test
3270550,train
3270562,train
3270590,train
3270594,train
3270602,train
3270606,train
3270614,train
3270618,train
3270626,train
3270630,train
3270634,train
3270638,train
3270642,test
3270646,test
3270654,train
3270658,train
3270662,test
3270682,train
3270686,train
3270698,train
3270706,test
3270718,train
3270754,train
3270762,test
3270766,train
3270770,test
3270778,train
3270786,train
3270790,train
3270794,train
3270798,test
3270810,test
3270818,train
3270826,test
3270830,train
3270834,test
3270842,test
3270854,train
3270858,train
3270862,train
3270866,train
3270870,test
3270874,train
3270878,test
3270882,train
3270906,test
3270910,test
3270918,train
3270930,train
3270938,train
3270942,train
3270950,test
3270954,train
3270962,test
3270966,train
3270982,train
3270990,train
3271002,train
3271010,test
3271014,train
3271018,train
3271030,train
3271034,train
3271038,train
3271054,train
3271074,train
3271082,train
3271090,train
3271094,train
3271102,test
3271106,train
3271122,train
3271134,train
3271138,train
3271150,test
3271158,test
3271166,train
3271174,test
3271178,test
3271190,train
3271206,train
3271222,train
3271242,test
3271246,train
3271250,test
3271254,train
3271262,train
3271274,train
3271278,train
3271282,train
3271286,train
3271298,train
3271314,train
3271322,train
3271326,train
3271330,train
3271334,train
3271338,train
3271342,test
3271358,train
3271362,train
3271382,train
3271386,train
3271390,train
3271398,test
3271414,train
3271434,train
3271446,train
3271450,train
3271462,test
3271482,test
3271490,train
3271494,test
3271502,train
3271506,train
3271514,test
3271522,train
3271530,train
3271534,test
3271542,train
3271554,test
3271566,train
3271586,train
3271602,test
3271606,train
3271610,test
3271614,train
3271634,train
3271642,train
3271646,train
3271662,train
3271666,train
3271690,train
3271702,train
3271706,train
3271710,train
3271722,train
3271742,test
3271750,train
3271762,train
3271770,train
3271778,test
3271782,train
3271798,train
3271802,train
3271806,train
3271810,train
3271814,train
3271822,train
3271826,train
3271830,train
3271838,test
3271850,test
3271854,train
3271858,train
3271894,test
3271914,train
3271922,train
3271926,train
3271930,train
3271954,train
3271966,test
3271970,train
3271978,train
3271986,train
3272002,train
3272010,train
3272014,train
3272022,test
3272026,train
3272030,train
3272050,train
3272054,test
3272062,train
3272066,train
3272070,train
3272082,test
3272086,train
3272090,test
3272094,train
3272102,train
3272106,test
3272118,train
3272122,test
3272126,train
3272130,train
3272142,train
3272154,test
3272162,train
3272182,train
3272186,train
3272206,test
3272214,train
3272222,train
3272230,test
3272234,train
3272242,train
3272250,train
3272254,train
3272258,train
3272262,test
3272266,train
3272270,train
3272278,train
3272282,train
3272290,train
3272302,train
3272306,train
3272310,train
3272318,test
3272322,train
3272330,train
3272334,train
3272338,train
3272354,train
3272370,train
3272378,train
3272386,train
3272390,test
3272394,train
3272406,train
3272410,test
3272414,train
3272418,train
3272426,train
3272434,train
3272438,train
3272442,train
3272446,train
3272450,train
3272454,test
3272486,train
3272498,train
3272510,test
3272514,test
3272558,train
3272566,train
3272570,test
3272606,test
3272614,test
3272622,train
3272638,test
3272642,train
3272646,train
3272650,test
3272654,train
3272666,test
3272674,test
3272710,train
3272718,train
3272722,test
3272746,train
3272750,train
3272762,train
3272774,test
3272790,test
3272794,train
3272802,train
3272810,train
3272838,train
3272842,train
3272850,train
3272858,train
3272862,train
3272866,train
3272886,train
3272890,train
3272898,test
3272906,train
3272910,test
3272914,train
3272918,test
3272922,train
3272926,test
3272938,train
3272954,train
3272970,train
3272978,train
3272982,train
3272990,train
3272998,test
3273002,train
3273018,train
3273042,train
3273046,test
3273050,train
3273054,train
3273070,test
3273094,train
3273098,train
3273122,train
3273126,test
3273130,train
3273134,train
3273138,train
3273142,train
3273146,train
3273150,train
3273154,train
3273162,train
3273170,test
3273190,train
3273198,train
3273202,train
3273210,train
3273214,train
3273222,train
3273226,train
3273230,train
3273242,train
3273246,test
3273254,train
3273262,train
3273266,train
3273270,train
3273278,train
3273290,train
3273298,train
3273306,train
3273314,train
3273318,train
3273322,test
3273326,train
3273342,train
3273346,train
3273350,test
3273354,train
3273358,train
3273362,train
3273374,train
3273382,train
3273406,train
3273414,train
3273422,train
3273426,train
3273430,train
3273438,train
3273442,train
3273446,train
3273462,train
3273470,train
3273478,train
3273482,train
3273490,train
3273494,test
3273502,train
3273534,test
3273542,train
3273546,train
3273550,test
3273562,train
3273566,train
3273570,train
3273574,train
3273578,test
3273582,train
3273602,train
3273606,test
3273610,train
3273614,train
3273622,train
3273626,test
3273642,train
3273650,train
3273658,train
3273670,train
3273674,train
3273678,test
3273698,test
3273702,train
3273710,train
3273722,train
3273730,train
3273734,train
3273742,train
3273746,train
3273750,train
3273754,test
3273758,train
3273766,train
3273770,train
3273774,test
3273778,train
3273782,test
3273786,train
3273790,train
3273794,test
3273798,train
3273814,train
3273822,train
3273826,test
3273834,train
3273842,train
3273846,train
3273882,train
3273886,train
3273898,train
3273910,test
3273922,train
3273942,train
3273950,train
3273966,test
3273974,test
3273986,train
3273990,train
3274002,train
3274014,test
3274018,train
3274026,train
3274030,train
3274034,train
3274038,train
3274042,test
3274046,train
3274058,train
3274062,train
3274078,train
3274090,train
3274110,test
3274114,test
3274122,train
3274130,test
3274142,train
3274146,train
3274150,train
3274154,test
3274162,train
3274174,train
3274178,train
3274190,train
3274194,train
3274210,test
3274222,test
3274226,train
3274242,train
3274246,train
3274250,test
3274258,train
3274278,test
3274282,train
3274298,test
3274306,train
3274310,train
3274318,test
3274322,train
3274330,train
3274334,train
3274338,train
3274342,train
3274362,test
3274366,test
3274370,train
3274382,train
3274390,train
3274398,train
3274402,train
3274406,train
3274422,train
3274430,train
3274438,train
3274442,train
3274458,train
3274470,train
3274486,train
3274498,train
3274514,train
3274522,train
3274550,train
3274562,test
3274570,test
3274574,train
3274586,train
3274590,test
3274594,test
3274598,test
3274602,test
3274606,train
3274614,train
3274622,train
3274630,train
3274634,test
3274638,train
3274642,train
3274646,train
3274654,train
3274670,train
3274674,train
3274682,test
3274686,test
3274698,test
3274702,test
3274722,train
3274730,test
3274734,test
3274746,train
3274754,train
3274758,train
3274762,train
3274766,test
3274770,train
3274774,train
3274782,train
3274790,train
3274794,train
3274802,train
3274806,test
3274822,train
3274830,train
3274834,train
3274842,train
3274846,train
3274850,train
3274858,train
3274866,train
3274874,train
3274878,test
3274890,train
3274894,train
3274902,train
3274906,test
3274910,train
3274930,test
3274938,test
3274942,train
3274950,train
3274954,train
3274958,train
3274962,test
3274970,train
3274978,train
3274990,train
3275006,train
3275014,train
3275018,train
3275022,test
3275030,test
3275034,train
3275042,train
3275046,test
3275074,train
3275082,train
3275086,train
3275098,train
3275102,train
3275110,train
3275114,test
3275122,train
3275126,train
3275130,train
3275138,train
3275142,test
3275150,train
3275158,train
3275162,train
3275166,train
3275174,test
3275178,train
3275182,train
3275186,train
3275198,test
3275210,train
3275214,train
3275218,test
3275222,train
3275230,train
3275238,train
3275250,train
3275266,test
3275274,train
3275278,train
3275290,train
3275294,train
3275298,train
3275326,train
3275330,train
3275338,train
3275358,train
3275374,train
3275378,train
3275386,test
3275394,train
3275406,train
3275422,train
3275434,test
3275438,test
3275446,train
3275450,test
3275454,test
3275458,test
3275466,train
3275482,train
3275486,train
3275498,train
3275502,train
3275506,train
3275510,train
3275526,train
3275538,train
3275542,test
3275546,train
3275550,test
3275558,train
3275566,train
3275570,train
3275590,train
3275594,train
3275598,train
3275610,train
3275614,test
3275626,train
3275638,train
3275650,train
3275662,train
3275666,train
3275670,train
3275674,train
3275686,train
3275706,train
3275710,train
3275714,train
3275722,test
3275738,train
3275742,train
3275750,test
3275758,train
3275762,test
3275766,train
3275778,test
3275790,test
3275798,train
3275802,train
3275806,train
3275810,test
3275826,train
3275830,test
3275842,train
3275850,train
3275858,train
3275870,test
3275874,train
3275878,train
3275894,train
3275898,train
3275902,train
3275906,train
3275910,train
3275922,train
3275926,train
3275930,test
3275934,train
3275946,train
3275950,train
3275958,train
3275966,train
3275974,train
3275982,train
3275994,train
3276010,train
3276018,train
3276022,train
3276026,train
3276038,train
3276042,train
3276046,train
3276050,train
3276054,train
3276066,test
3276074,train
3276078,train
3276082,train
3276094,test
3276118,train
3276122,train
3276126,train
3276130,test
3276138,test
3276142,test
3276146,train
3276158,train
3276162,test
3276166,train
3276182,test
3276186,train
3276190,train
3276198,test
3276206,train
3276222,train
3276226,train
3276230,train
3276234,train
3276238,train
3276246,train
3276250,train
3276254,train
3276258,test
3276262,train
3276266,train
3276270,train
3276274,train
3276286,train
3276294,train
3276306,train
3276310,train
3276314,train
3276318,train
3276322,train
3276326,test
3276330,train
3276334,train
3276346,train
3276358,train
3276374,train
3276378,train
3276390,train
3276398,train
3276402,train
3276406,train
3276410,train
3276430,train
3276434,train
3276438,train
3276446,train
3276454,train
3276458,train
3276462,train
3276466,test
3276478,train
3276482,train
3276486,train
3276494,train
3276498,train
3276514,test
3276526,train
3276530,train
3276534,train
3276550,test
3276554,train
3276558,train
3276562,test
3276574,test
3276586,train
3276602,train
3276606,train
3276618,train
3276630,train
3276634,train
3276646,train
3276654,train
3276674,test
3276682,test
3276690,train
3276694,train
3276702,test
3276710,test
3276714,train
3276738,train
3276742,train
3276750,train
3276754,test
3276770,train
3276778,train
3276782,train
3276794,train
3276810,test
3276818,test
3276822,train
3276870,train
3276874,train
3276878,test
3276882,test
3276886,train
3276890,train
3276898,train
3276902,train
3276906,train
3276910,train
3276914,test
3276918,train
3276926,test
3276930,train
3276946,train
3276950,train
3276954,train
3276958,test
3276966,test
3276986,train
3276998,test
3277018,train
3277030,train
3277034,train
3277042,train
3277054,train
3277070,test
3277074,train
3277078,train
3277082,train
3277086,test
3277090,train
3277094,test
3277118,test
3277142,test
3277150,train
3277166,test
3277170,test
3277174,train
3277178,train
3277202,test
3277206,train
3277210,train
3277222,train
3277230,train
3277234,train
3277238,train
3277246,train
3277250,test
3277266,train
3277270,train
3277286,train
3277298,test
3277318,train
3277322,train
3277334,test
3277338,train
3277342,train
3277358,train
3277370,train
3277374,train
3277378,test
3277386,train
3277398,test
3277402,test
3277410,train
3277418,train
3277426,train
3277434,train
3277446,train
3277450,train
3277462,train
3277466,train
3277478,test
3277482,train
3277486,train
3277490,train
3277502,train
3277506,train
3277514,train
3277526,train
3277538,train
3277542,train
3277546,train
3277554,train
3277562,train
3277566,test
3277574,train
3277590,train
3277598,train
3277602,train
3277618,train
3277626,test
3277630,train
3277642,train
3277666,train
3277674,train
3277682,train
3277686,test
3277690,train
3277714,train
3277722,train
3277730,train
3277742,train
3277766,test
3277774,train
3277786,train
3277790,test
3277794,train
3277798,train
3277806,train
3277810,train
3277822,test
3277826,train
3277854,train
3277862,test
3277866,train
3277870,train
3277874,train
3277878,train
3277882,train
3277902,train
3277906,train
3277910,train
3277914,train
3277942,train
3277946,train
3277950,train
3277954,train
3277962,train
3277966,test
3277970,train
3277974,train
3277978,train
3277990,train
3278010,test
3278018,train
3278026,train
3278034,train
3278070,test
3278078,train
3278082,train
3278098,train
3278106,train
3278110,train
3278114,train
3278134,train
3278142,train
3278150,train
3278158,test
3278170,train
3278174,test
3278178,train
3278190,train
3278194,train
3278198,train
3278210,train
3278218,train
3278226,train
3278234,train
3278242,train
3278246,train
3278250,train
3278254,train
3278266,train
3278274,train
3278282,train
3278290,train
3278302,test
3278314,train
3278322,test
3278330,test
3278350,train
3278362,train
3278366,train
3278370,train
3278374,train
3278378,train
3278382,train
3278386,train
3278390,train
3278398,train
3278406,train
3278410,test
3278414,train
3278418,test
3278422,train
3278426,train
3278430,train
3278434,train
3278450,train
3278454,test
3278458,train
3278466,train
3278474,train
3278478,train
3278490,train
3278498,train
3278518,train
3278538,train
3278542,train
3278546,train
3278558,train
3278574,train
3278582,train
3278586,train
3278590,train
3278594,train
3278606,train
3278610,train
3278626,train
3278634,train
3278638,train
3278642,train
3278650,train
3278662,train
3278666,train
3278674,train
3278678,train
3278686,train
3278698,train
3278702,train
3278706,train
3278714,train
3278722,train
3278738,train
3278742,train
3278746,train
3278754,test
3278758,train
3278766,train
3278770,test
3278782,train
3278786,train
3278794,train
3278798,train
3278802,train
3278806,train
3278810,train
3278822,train
3278826,train
3278846,train
3278850,train
3278854,train
3278858,train
3278862,train
3278874,train
3278882,train
3278886,train
3278890,train
3278902,test
3278906,train
3278930,train
3278942,train
3278946,train
3278950,train
3278958,train
3278966,test
3278982,test
3278986,train
3278998,train
3279006,test
3279010,test
3279034,train
3279042,train
3279050,train
3279066,train
3279078,train
3279082,train
3279090,train
3279098,train
3279106,train
3279110,train
3279114,train
3279122,train
3279126,train
3279130,train
3279134,train
3279150,train
3279154,test
3279158,train
3279178,train
3279186,train
3279190,test
3279206,train
3279214,test
3279230,train
3279234,train
3279258,train
3279262,train
3279274,test
3279282,train
3279290,train
3279298,train
3279302,train
3279314,train
3279318,train
3279330,train
3279342,train
3279346,train
3279358,test
3279362,train
3279378,train
3279402,test
3279414,test
3279418,train
3279422,test
3279430,train
3279434,test
3279450,train
3279478,train
3279502,train
3279510,train
3279514,train
3279518,train
3279522,train
3279534,test
3279546,train
3279558,train
3279562,test
3279574,train
3279586,test
3279590,train
3279594,train
3279598,test
3279602,train
3279610,train
3279614,train
3279618,test
3279626,test
3279634,train
3279642,train
3279646,test
3279650,train
3279654,test
3279658,train
3279666,train
3279670,train
3279706,train
3279710,train
3279714,train
3279718,test
3279726,train
3279730,train
3279742,train
3279762,test
3279766,train
3279778,train
3279790,train
3279794,test
3279814,train
3279818,test
3279838,test
3279842,test
3279850,train
3279854,train
3279862,train
3279866,train
3279874,test
3279878,test
3279882,train
3279890,train
3279902,train
3279906,train
3279914,train
3279926,test
3279930,test
3279942,train
3279946,test
3279954,train
3279958,train
3279970,train
3279974,train
3279978,train
3279990,train
3279998,train
3280002,test
3280006,train
3280014,train
3280026,test
3280030,train
3280034,test
3280054,test
3280058,train
3280062,test
3280066,train
3280074,train
3280082,test
3280086,train
3280090,train
3280094,train
3280102,train
3280110,train
3280114,train
3280122,train
3280142,test
3280150,test
3280154,train
3280158,train
3280162,train
3280174,train
3280178,train
3280202,train
3280214,test
3280226,train
3280230,train
3280234,train
3280238,train
3280246,train
3280262,train
3280266,train
3280282,train
3280286,train
3280290,train
3280294,train
3280302,train
3280306,test
3280314,train
3280322,train
3280354,test
3280358,train
3280366,train
3280370,train
3280374,train
3280390,train
3280394,train
3280422,train
3280430,train
3280438,train
3280446,test
3280450,test
3280454,train
3280462,train
3280474,train
3280478,train
3280482,test
3280486,test
3280490,train
3280494,train
3280518,train
3280526,test
3280534,train
3280546,train
3280550,train
3280558,train
3280574,train
3280578,test
3280582,train
3280602,test
3280606,train
3280610,test
3280614,train
3280622,train
3280630,train
3280634,train
3280638,train
3280666,train
3280674,test
3280698,test
3280706,train
3280710,train
3280718,train
3280722,train
3280734,test
3280750,train
3280758,train
3280774,train
3280786,train
3280790,train
3280794,train
3280810,test
3280818,train
3280826,train
3280834,train
3280842,train
3280854,test
3280858,train
3280870,test
3280874,train
3280886,train
3280898,train
3280902,train
3280906,train
3280910,train
3280914,train
3280918,train
3280930,train
3280938,test
3280942,test
3280958,train
3280966,train
3280970,train
3280974,test
3281006,train
3281014,train
3281022,test
3281034,train
3281038,train
3281046,train
3281050,train
3281054,test
3281058,train
3281066,train
3281074,train
3281078,train
3281086,train
3281090,train
3281098,train
3281102,train
3281106,train
3281114,test
3281122,train
3281126,train
3281134,train
3281138,train
3281142,train
3281146,train
3281150,train
3281166,train
3281170,train
3281174,train
3281178,train
3281186,train
3281190,train
3281250,train
3281254,train
3281258,train
3281262,train
3281266,train
3281270,train
3281282,test
3281294,train
3281302,train
3281326,train
3281330,train
3281334,train
3281346,train
3281350,test
3281370,train
3281382,train
3281386,train
3281390,train
3281402,train
3281410,train
3281418,test
3281426,train
3281434,train
3281438,train
3281442,train
3281454,train
3281458,train
3281470,train
3281474,train
3281482,train
3281494,test
3281498,train
3281522,train
3281530,train
3281534,train
3281538,train
3281542,train
3281546,train
3281558,train
3281562,train
3281566,train
3281582,train
3281586,train
3281590,train
3281598,train
3281614,train
3281622,test
3281630,train
3281662,train
3281682,train
3281686,train
3281690,train
3281694,train
3281698,train
3281702,train
3281706,train
3281718,test
3281722,train
3281726,train
3281730,train
3281734,test
3281742,train
3281754,train
3281758,train
3281762,test
3281786,test
3281794,train
3281802,train
3281830,train
3281838,test
3281842,train
3281858,test
3281866,train
3281870,train
3281882,test
3281886,train
3281898,train
3281902,train
3281914,train
3281918,train
3281926,train
3281930,test
3281942,train
3281958,train
3281982,train
3281990,train
3281994,train
3281998,train
3282002,test
3282010,train
3282014,train
3282018,train
3282030,train
3282042,train
3282054,train
3282058,train
3282062,test
3282070,train
3282074,train
3282078,train
3282086,train
3282090,train
3282094,train
3282118,train
3282138,train
3282142,test
3282162,train
3282166,train
3282170,train
3282174,train
3282178,train
3282182,test
3282198,train
3282202,train
3282210,train
3282214,train
3282230,train
3282238,train
3282246,train
3282254,train
3282258,train
3282266,test
3282290,test
3282294,train
3282298,train
3282302,train
3282306,train
3282318,train
3282334,test
3282342,test
3282346,test
3282358,train
3282366,train
3282370,train
3282374,test
3282382,train
3282386,train
3282398,train
3282410,train
3282418,train
3282426,train
3282438,test
3282442,train
3282450,train
3282454,train
3282458,train
3282462,train
3282466,test
3282474,test
3282478,train
3282486,test
3282494,test
3282498,train
3282502,test
3282506,train
3282510,train
3282514,train
3282518,train
3282522,train
3282530,train
3282534,train
3282538,train
3282542,test
3282546,train
3282558,train
3282566,train
3282570,train
3282574,train
3282578,train
3282586,train
3282598,test
3282606,test
3282610,train
3282630,train
3282634,train
3282666,train
3282670,train
3282686,train
3282698,train
3282706,train
3282718,train
3282722,train
3282726,train
3282734,train
3282738,train
3282754,train
3282762,train
3282774,train
3282778,test
3282786,train
3282790,test
3282794,train
3282802,train
3282806,train
3282818,test
3282838,train
3282842,train
3282846,train
3282858,train
3282866,train
3282870,test
3282874,train
3282878,train
3282882,train
3282894,test
3282898,train
3282902,train
3282906,test
3282914,train
3282918,train
3282922,train
3282934,train
3282938,test
3282942,train
3282946,train
3282950,train
3282954,train
3282962,test
3282978,train
3283006,train
3283022,test
3283026,train
3283034,train
3283038,train
3283050,train
3283058,train
3283070,train
3283078,train
3283090,train
3283094,train
3283098,train
3283110,train
3283122,train
3283126,train
3283154,test
3283166,train
3283170,train
3283186,train
3283214,train
3283218,train
3283226,train
3283230,train
3283246,train
3283270,train
3283282,train
3283286,test
3283290,train
3283298,train
3283302,test
3283310,train
3283334,train
3283338,train
3283346,train
3283358,train
3283366,train
3283374,test
3283382,test
3283386,train
3283390,train
3283394,train
3283402,train
3283414,test
3283418,train
3283426,train
3283434,test
3283438,train
3283446,test
3283454,train
3283462,train
3283466,train
3283474,test
3283478,train
3283482,train
3283486,test
3283494,train
3283506,train
3283510,train
3283514,train
3283522,train
3283534,train
3283538,train
3283542,train
3283546,train
3283550,train
3283562,train
3283570,train
3283582,train
3283586,train
3283602,train
3283606,train
3283622,train
3283626,train
3283638,train
3283642,train
3283658,train
3283662,test
3283674,train
3283678,test
3283694,train
3283702,test
3283710,train
3283714,train
3283718,train
3283722,test
3283750,train
3283762,test
3283770,train
3283782,train
3283790,test
3283798,train
3283814,train
3283822,test
3283826,train
3283854,train
3283858,train
3283862,train
3283870,test
3283878,train
3283886,train
3283890,train
3283902,test
3283906,train
3283910,train
3283914,train
3283922,train
3283926,train
3283930,test
3283938,train
3283946,train
3283966,train
3283970,train
3283974,test
3283978,train
3283986,test
3283994,train
3283998,train
3284002,train
3284006,train
3284026,train
3284038,train
3284050,train
3284054,test
3284070,train
3284074,train
3284094,train
3284098,train
3284114,train
3284118,train
3284122,train
3284126,train
3284130,train
3284134,train
3284138,train
3284154,train
3284166,train
3284170,train
3284178,train
3284190,train
3284194,train
3284198,train
3284214,train
3284222,train
3284230,train
3284238,test
3284254,train
3284258,train
3284262,train
3284274,train
3284278,test
3284282,train
3284290,train
3284298,train
3284302,train
3284306,train
3284318,train
3284338,test
3284342,test
3284346,train
3284350,train
3284358,train
3284362,train
3284366,train
3284382,train
3284390,train
3284394,train
3284398,test
3284402,test
3284410,test
3284418,train
3284422,train
3284426,train
3284430,train
3284446,test
3284454,test
3284458,train
3284462,train
3284478,train
3284482,train
3284490,train
3284502,train
3284518,train
3284526,test
3284538,train
3284546,train
3284554,train
3284562,train
3284566,train
3284578,train
3284582,train
3284586,train
3284590,train
3284594,train
3284602,train
3284606,train
3284610,train
3284614,train
3284618,test
3284622,train
3284626,train
3284630,train
3284634,train
3284638,train
3284642,train
3284650,test
3284654,train
3284666,train
3284678,train
3284690,train
3284698,train
3284702,train
3284706,train
3284714,train
3284722,test
3284726,train
3284734,train
3284742,test
3284750,train
3284758,train
3284774,train
3284782,train
3284802,test
3284818,train
3284826,train
3284830,test
3284838,train
3284842,train
3284846,train
3284850,train
3284866,train
3284882,train
3284886,train
3284894,train
3284902,train
3284906,train
3284914,train
3284922,train
3284930,train
3284938,test
3284942,train
3284950,train
3284954,test
3284958,train
3284990,test
3284998,test
3285006,train
3285010,train
3285026,train
3285030,train
3285034,train
3285038,train
3285046,train
3285050,train
3285058,test
3285066,train
3285086,train
3285094,train
3285098,train
3285106,train
3285110,train
3285122,train
3285126,train
3285138,train
3285146,train
3285154,train
3285158,train
3285166,train
3285170,train
3285174,train
3285178,train
3285190,train
3285202,train
3285210,train
3285222,test
3285230,train
3285234,train
3285250,train
3285254,train
3285258,test
3285270,train
3285278,test
3285282,train
3285290,train
3285298,train
3285302,train
3285310,train
3285314,train
3285322,test
3285326,train
3285330,train
3285338,train
3285366,train
3285370,train
3285378,test
3285386,train
3285402,test
3285410,train
3285414,train
3285422,train
3285426,train
3285434,test
3285442,train
3285450,train
3285458,train
3285466,train
3285474,train
3285494,train
3285498,train
3285502,train
3285510,train
3285518,train
3285530,train
3285542,train
3285554,train
3285558,train
3285566,train
3285570,train
3285578,train
3285586,test
3285594,train
3285614,test
3285618,train
3285626,train
3285630,train
3285642,test
3285650,train
3285654,train
3285658,test
3285670,train
3285678,train
3285682,train
3285690,train
3285702,test
3285706,train
3285710,train
3285714,test
3285722,train
3285726,train
3285730,train
3285734,train
3285746,train
3285750,train
3285766,train
3285774,train
3285778,train
3285790,train
3285802,train
3285806,train
3285810,train
3285814,train
3285834,train
3285846,train
3285858,train
3285862,train
3285866,train
3285870,train
3285886,train
3285902,train
3285906,train
3285910,test
3285914,train
3285918,train
3285930,train
3285934,train
3285946,train
3285958,train
3285962,train
3285970,test
3285990,test
3285998,train
3286002,train
3286006,train
3286010,train
3286014,train
3286022,train
3286026,train
3286038,train
3286046,train
3286050,train
3286058,train
3286062,train
3286066,train
3286070,train
3286082,train
3286090,train
3286102,train
3286106,train
3286110,train
3286118,train
3286126,train
3286142,train
3286150,test
3286158,train
3286162,train
3286186,test
3286194,train
3286206,train
3286222,test
3286230,test
3286238,test
3286242,train
3286246,train
3286258,test
3286262,test
3286266,train
3286270,train
3286282,test
3286286,train
3286290,train
3286298,train
3286310,train
3286326,train
3286342,train
3286346,test
3286350,train
3286358,train
3286366,train
3286370,train
3286374,train
3286378,train
3286382,test
3286394,train
3286398,train
3286402,train
3286406,train
3286410,train
3286414,train
3286422,test
3286426,test
3286442,train
3286450,train
3286458,test
3286462,train
3286466,train
3286470,train
3286482,test
3286490,train
3286494,test
3286498,test
3286510,train
3286514,train
3286518,train
3286522,train
3286526,train
3286530,test
3286538,train
3286554,train
3286562,train
3286566,train
3286570,train
3286586,train
3286590,test
3286606,test
3286614,train
3286618,train
3286622,train
3286634,train
3286642,train
3286650,train
3286654,train
3286658,train
3286666,test
3286670,train
3286674,train
3286678,train
3286686,train
3286710,train
3286714,test
3286722,train
3286730,train
3286742,test
3286746,test
3286758,train
3286762,train
3286774,train
3286778,train
3286786,train
3286798,train
3286806,train
3286814,train
3286818,train
3286822,train
3286826,train
3286830,train
3286834,train
3286846,train
3286850,train
3286854,train
3286870,train
3286874,train
3286878,train
3286886,train
3286890,train
3286898,train
3286902,train
3286918,train
3286926,train
3286930,train
3286934,train
3286938,train
3286942,train
3286950,test
3286958,train
3286962,train
3286970,train
3286974,train
3286978,test
3286986,train
3286998,train
3287006,train
3287014,train
3287018,test
3287034,test
3287042,train
3287046,train
3287070,train
3287074,train
3287078,train
3287082,train
3287090,train
3287094,train
3287102,train
3287106,train
3287122,train
3287130,train
3287142,train
3287154,train
3287178,train
3287190,train
3287210,train
3287214,test
3287218,train
3287226,test
3287230,train
3287242,test
3287250,train
3287258,train
3287262,train
3287266,train
3287270,train
3287282,train
3287286,train
3287302,train
3287322,train
3287326,train
3287330,train
3287338,train
3287350,test
3287354,train
3287358,train
3287362,train
3287378,test
3287394,test
3287410,train
3287414,test
3287422,test
3287426,train
3287454,train
3287462,test
3287470,train
3287486,train
3287490,test
3287494,train
3287498,train
3287514,test
3287518,train
3287538,train
3287566,train
3287570,train
3287574,train
3287602,train
3287606,train
3287610,train
3287618,test
3287630,train
3287634,test
3287638,test
3287642,train
3287650,train
3287658,train
3287678,train
3287682,test
3287686,train
3287690,train
3287694,test
3287702,train
3287706,train
3287730,test
3287746,test
3287750,train
3287754,train
3287766,test
3287774,train
3287798,train
3287802,train
3287810,train
3287822,train
3287826,train
3287830,train
3287834,test
3287838,test
3287842,train
3287862,train
3287870,train
3287882,train
3287886,train
3287894,train
3287902,train
3287910,train
3287914,test
3287926,train
3287934,train
3287942,train
3287946,train
3287950,train
3287962,train
3287966,train
3287970,train
3287974,train
3287978,train
3287990,train
3287994,train
3287998,train
3288014,train
3288022,test
3288034,train
3288042,test
3288046,test
3288050,train
3288054,train
3288062,test
3288066,train
3288070,train
3288074,test
3288082,train
3288086,test
3288098,train
3288122,train
3288138,train
3288150,train
3288162,test
3288166,train
3288170,train
3288178,train
3288182,train
3288190,test
3288194,test
3288198,train
3288202,test
3288214,train
3288226,train
3288234,train
3288238,train
3288250,train
3288254,train
3288258,test
3288270,train
3288282,train
3288286,train
3288290,train
3288294,train
3288298,train
3288302,train
3288306,train
3288310,train
3288314,train
3288322,test
3288326,train
3288334,train
3288338,train
3288342,train
3288354,train
3288358,train
3288366,test
3288382,train
3288394,test
3288398,test
3288402,test
3288418,train
3288430,train
3288434,train
3288438,train
3288446,test
3288454,test
3288462,test
3288466,train
3288470,test
3288490,test
3288494,train
3288502,train
3288506,test
3288522,train
3288538,train
3288558,train
3288562,test
3288566,train
3288574,train
3288578,train
3288582,train
3288606,train
3288614,train
3288622,train
3288626,train
3288630,train
3288650,train
3288658,train
3288666,train
3288674,train
3288678,test
3288682,train
3288686,train
3288690,train
3288698,train
3288702,train
3288706,train
3288734,train
3288738,train
3288742,train
3288746,train
3288754,test
3288770,test
3288790,test
3288794,test
3288802,train
3288806,train
3288822,test
3288826,train
3288834,train
3288838,test
3288842,test
3288846,train
3288850,train
3288858,train
3288862,train
3288866,train
3288874,train
3288894,test
3288906,train
3288922,train
3288926,test
3288930,train
3288938,train
3288962,train
3288966,train
3288970,train
3288982,train
3288986,train
3288994,train
3289022,train
3289026,train
3289034,train
3289042,train
3289046,train
3289074,train
3289078,train
3289082,train
3289090,train
3289094,test
3289102,train
3289118,train
3289134,train
3289146,test
3289150,train
3289190,train
3289202,test
3289210,train
3289222,test
3289226,test
3289250,test
3289254,train
3289258,train
3289262,train
3289266,train
3289274,train
3289282,train
3289286,train
3289298,train
3289302,train
3289310,train
3289318,train
3289322,test
3289326,train
3289334,train
3289342,train
3289354,train
3289358,train
3289366,test
3289386,test
3289390,train
3289394,train
3289398,train
3289406,train
3289414,test
3289422,train
3289426,train
3289442,train
3289446,train
3289458,train
3289462,train
3289466,test
3289498,train
3289506,test
3289510,train
3289518,train
3289526,train
3289530,train
3289534,train
3289542,train
3289546,train
3289550,train
3289554,train
3289558,test
3289570,train
3289574,test
3289578,train
3289590,train
3289618,train
3289626,test
3289630,train
3289638,test
3289642,train
3289646,train
3289650,train
3289654,train
3289666,train
3289674,train
3289678,train
3289690,train
3289694,train
3289702,train
3289706,test
3289710,train
3289714,test
3289718,train
3289722,train
3289734,train
3289758,train
3289778,train
3289786,train
3289790,train
3289798,test
3289806,test
3289818,train
3289822,train
3289826,train
3289834,train
3289842,test
3289850,train
3289854,train
3289858,train
3289862,train
3289870,train
3289874,train
3289882,train
3289886,train
3289894,test
3289898,test
3289902,train
3289910,train
3289918,test
3289922,train
3289930,train
3289934,train
3289938,train
3289946,test
3289954,train
3289962,train
3289966,train
3289974,train
3289978,train
3289990,train
3289994,train
3289998,train
3290002,train
3290006,train
3290018,train
3290026,train
3290038,train
3290046,train
3290050,train
3290054,train
3290062,train
3290066,test
3290074,train
3290086,train
3290090,train
3290094,test
3290098,train
3290110,train
3290118,train
3290130,train
3290138,train
3290146,test
3290154,train
3290162,train
3290166,train
3290170,train
3290178,train
3290194,train
3290198,train
3290206,train
3290214,train
3290222,train
3290238,test
3290242,train
3290246,test
3290250,train
3290262,test
3290266,train
3290270,train
3290290,train
3290302,train
3290306,test
3290322,train
3290330,train
3290334,train
3290346,train
3290350,train
3290354,train
3290362,train
3290366,train
3290382,test
3290390,train
3290398,test
3290450,train
3290458,train
3290462,train
3290470,test
3290486,train
3290490,train
3290494,train
3290498,train
3290502,train
3290510,train
3290514,train
3290542,train
3290558,train
3290566,train
3290570,train
3290574,train
3290578,test
3290586,test
3290598,train
3290602,test
3290610,train
3290618,test
3290626,train
3290638,train
3290650,train
3290658,test
3290670,train
3290674,train
3290686,train
3290690,train
3290698,test
3290714,test
3290718,train
3290722,train
3290726,train
3290730,train
3290742,train
3290782,test
3290786,train
3290794,train
3290798,train
3290802,train
3290822,train
3290830,train
3290846,train
3290854,train
3290858,train
3290874,train
3290882,train
3290886,train
3290890,train
3290894,test
3290898,train
3290906,train
3290910,test
3290914,test
3290922,train
3290926,train
3290934,train
3290938,test
3290942,train
3290946,train
3290950,train
3290958,train
3290974,train
3290978,train
3290990,train
3291002,train
3291006,test
3291010,train
3291018,train
3291022,train
3291026,train
3291030,train
3291034,train
3291042,train
3291046,test
3291050,test
3291054,train
3291062,train
3291070,train
3291078,train
3291082,test
3291090,train
3291098,train
3291102,train
3291110,train
3291118,train
3291138,train
3291142,train
3291150,train
3291154,train
3291158,test
3291166,test
3291170,train
3291182,train
3291186,test
3291198,train
3291206,train
3291210,train
3291218,test
3291226,train
3291230,train
3291242,train
3291246,train
3291254,train
3291270,train
3291278,train
3291286,test
3291306,train
3291318,train
3291326,train
3291330,train
3291338,train
3291346,train
3291354,test
3291358,train
3291370,test
3291386,test
3291398,train
3291402,train
3291406,train
3291410,train
3291418,train
3291422,train
3291426,train
3291454,train
3291458,test
3291466,train
3291482,train
3291486,train
3291494,train
3291498,train
3291522,train
3291526,train
3291530,test
3291534,test
3291538,train
3291542,train
3291554,train
3291570,train
3291574,train
3291582,test
3291594,test
3291598,train
3291602,train
3291614,test
3291622,train
3291626,train
3291630,train
3291634,test
3291638,train
3291646,train
3291650,train
3291654,train
3291658,test
3291662,train
3291670,test
3291674,train
3291678,train
3291702,train
3291706,test
3291734,train
3291738,train
3291742,train
3291746,train
3291754,train
3291758,train
3291766,train
3291770,train
3291774,train
3291790,train
3291798,train
3291802,train
3291810,train
3291818,train
3291822,test
3291838,train
3291846,train
3291854,train
3291874,train
3291890,train
3291894,train
3291902,train
3291906,train
3291910,train
3291914,test
3291918,test
3291922,train
3291926,train
3291938,train
3291954,train
3291958,train
3291966,train
3291970,test
3291974,train
3291982,train
3291986,train
3292002,train
3292010,train
3292014,train
3292018,train
3292054,train
3292070,test
3292086,train
3292090,train
3292094,test
3292098,train
3292106,train
3292110,train
3292114,train
3292122,train
3292130,train
3292146,test
3292154,train
3292158,test
3292162,train
3292166,train
3292170,test
3292178,train
3292182,train
3292190,train
3292198,test
3292218,test
3292222,test
3292226,test
3292230,train
3292238,train
3292242,train
3292250,train
3292254,test
3292258,train
3292266,test
3292270,train
3292286,test
3292290,train
3292306,train
3292310,test
3292330,train
3292338,test
3292350,train
3292358,test
3292366,test
3292374,train
3292378,train
3292382,train
3292390,train
3292398,test
3292402,test
3292414,test
3292418,train
3292426,train
3292450,train
3292458,test
3292478,train
3292490,test
3292494,train
3292502,train
3292506,train
3292510,train
3292518,train
3292522,train
3292534,train
3292538,train
3292550,train
3292554,test
3292566,train
3292574,test
3292578,train
3292590,test
3292594,train
3292602,train
3292606,test
3292622,train
3292630,train
3292634,train
3292646,test
3292654,train
3292662,train
3292666,train
3292694,train
3292702,train
3292710,test
3292718,train
3292726,train
3292734,train
3292738,train
3292746,train
3292750,test
3292754,train
3292770,train
3292786,test
3292806,train
3292810,test
3292814,train
3292818,test
3292822,test
3292830,test
3292842,test
3292846,train
3292850,test
3292854,test
3292858,train
3292862,train
3292870,train
3292874,train
3292878,train
3292890,train
3292894,train
3292898,train
3292910,test
3292922,train
3292926,train
3292938,test
3292958,train
3292962,train
3292970,train
3292974,train
3292982,train
3292986,train
3292990,train
3292994,train
3293006,train
3293010,train
3293014,train
3293042,train
3293046,train
3293058,train
3293062,test
3293066,train
3293074,train
3293078,test
3293086,train
3293090,train
3293094,train
3293098,train
3293102,train
3293110,test
3293118,test
3293130,test
3293134,test
3293138,train
3293146,train
3293150,train
3293154,test
3293158,train
3293162,train
3293166,test
3293170,train
3293178,train
3293198,train
3293202,train
3293206,train
3293218,train
3293222,train
3293226,train
3293234,train
3293270,test
3293298,train
3293314,train
3293326,train
3293342,train
3293362,test
3293366,test
3293374,train
3293378,train
3293386,train
3293402,train
3293414,test
3293422,train
3293426,train
3293450,train
3293454,test
3293458,train
3293466,train
3293470,train
3293474,train
3293482,test
3293502,train
3293510,train
3293514,train
3293518,train
3293522,train
3293526,train
3293550,train
3293554,train
3293558,train
3293562,test
3293578,train
3293586,train
3293590,train
3293594,train
3293598,test
3293626,train
3293630,train
3293642,train
3293646,train
3293650,train
3293658,train
3293662,train
3293666,train
3293670,train
3293674,test
3293702,test
3293706,train
3293742,train
3293750,train
3293754,train
3293758,test
3293770,train
3293782,test
3293786,train
3293802,test
3293806,train
3293814,train
3293818,test
3293838,train
3293842,train
3293854,test
3293870,train
3293890,train
3293894,train
3293898,test
3293906,train
3293910,train
3293914,train
3293918,train
3293926,test
3293930,train
3293934,test
3293938,train
3293946,train
3293954,train
3293958,test
3293962,train
3293966,train
3293970,test
3293974,train
3293978,train
3293994,test
3293998,train
3294002,test
3294006,train
3294014,test
3294018,test
3294022,train
3294030,train
3294034,test
3294038,train
3294050,train
3294062,train
3294066,train
3294070,train
3294090,train
3294098,train
3294102,train
3294106,test
3294114,train
3294130,train
3294134,train
3294138,train
3294154,train
3294162,train
3294166,test
3294170,train
3294174,train
3294178,train
3294182,test
3294194,test
3294202,test
3294206,train
3294210,test
3294218,test
3294222,test
3294230,test
3294234,test
3294258,train
3294262,train
3294266,train
3294270,train
3294282,test
3294286,train
3294290,train
3294294,train
3294298,train
3294306,test
3294310,train
3294322,test
3294330,train
3294334,train
3294338,test
3294342,train
3294346,test
3294358,train
3294366,train
3294370,train
3294378,train
3294382,test
3294386,test
3294390,test
3294394,train
3294406,train
3294410,train
3294414,train
3294418,train
3294422,train
3294426,train
3294430,train
3294434,train
3294450,train
3294454,test
3294458,train
3294462,train
3294466,test
3294470,train
3294474,train
3294482,test
3294486,train
3294494,train
3294498,test
3294506,train
3294510,test
3294514,train
3294522,train
3294526,test
3294538,train
3294542,train
3294546,train
3294554,test
3294558,train
3294562,train
3294570,train
3294574,train
3294578,train
3294586,train
3294598,test
3294606,test
3294618,train
3294622,train
3294626,train
3294642,train
3294654,train
3294658,train
3294666,train
3294670,train
3294678,test
3294686,train
3294690,train
3294694,train
3294702,train
3294706,train
3294722,train
3294726,train
3294730,train
3294742,train
3294746,train
3294774,train
3294778,test
3294782,train
3294790,train
3294794,train
3294798,train
3294802,train
3294806,train
3294810,train
3294814,train
3294822,train
3294826,train
3294830,train
3294834,train
3294838,train
3294846,test
3294858,train
3294862,train
3294866,train
3294874,test
3294878,train
3294906,train
3294910,train
3294918,train
3294926,test
3294930,train
3294934,train
3294950,train
3294954,train
3294958,train
3294974,test
3294994,train
3295002,train
3295014,train
3295022,train
3295026,train
3295034,train
3295042,train
3295062,train
3295066,train
3295070,train
3295078,train
3295082,train
3295086,test
3295090,train
3295102,train
3295106,train
3295110,test
3295114,train
3295118,train
3295122,train
3295126,train
3295142,train
3295146,test
3295150,train
3295154,train
3295158,train
3295170,test
3295178,train
3295182,train
3295186,train
3295198,test
3295202,test
3295238,train
3295250,train
3295254,train
3295258,train
3295278,train
3295290,train
3295302,train
3295306,test
3295310,train
3295318,train
3295330,train
3295334,train
3295338,train
3295342,train
3295346,train
3295350,train
3295354,train
3295358,train
3295370,train
3295382,train
3295390,test
3295402,train
3295406,train
3295418,train
3295430,train
3295438,train
3295442,test
3295446,train
3295454,train
3295462,train
3295466,test
3295470,train
3295474,test
3295478,train
3295490,train
3295494,train
3295498,train
3295518,train
3295526,train
3295530,test
3295534,train
3295542,train
3295558,train
3295570,train
3295578,train
3295582,train
3295602,train
3295606,train
3295610,train
3295614,train
3295618,train
3295638,train
3295646,test
3295650,train
3295662,train
3295690,train
3295702,test
3295710,train
3295718,train
3295722,test
3295726,train
3295730,train
3295734,train
3295742,test
3295746,train
3295750,test
3295754,test
3295762,train
3295770,train
3295774,train
3295782,train
3295790,train
3295802,train
3295822,train
3295830,train
3295834,train
3295850,train
3295858,train
3295878,train
3295886,train
3295902,test
3295906,train
3295910,train
3295914,test
3295926,train
3295930,train
3295934,train
3295950,test
3295970,train
3295978,train
3295982,train
3295986,train
3295990,train
3296006,test
3296014,test
3296018,train
3296022,train
3296030,train
3296034,train
3296038,train
3296042,train
3296054,train
3296058,train
3296066,train
3296070,train
3296082,train
3296090,train
3296094,train
3296102,test
3296110,train
3296118,train
3296122,train
3296126,train
3296134,train
3296138,train
3296142,train
3296146,train
3296150,train
3296154,train
3296162,train
3296170,train
3296174,train
3296182,test
3296186,train
3296190,train
3296198,test
3296210,train
3296218,test
3296222,test
3296226,train
3296230,test
3296234,train
3296238,train
3296242,test
3296250,train
3296266,train
3296270,train
3296274,train
3296278,train
3296282,train
3296306,train
3296318,test
3296322,train
3296326,test
3296334,train
3296342,train
3296358,train
3296362,train
3296366,train
3296374,test
3296378,train
3296382,test
3296394,train
3296398,train
3296410,train
3296418,train
3296422,train
3296426,train
3296434,train
3296446,train
3296454,test
3296462,test
3296470,train
3296474,train
3296478,train
3296482,test
3296490,train
3296494,train
3296498,train
3296502,test
3296510,train
3296518,train
3296522,train
3296530,train
3296534,test
3296546,test
3296550,train
3296554,train
3296566,train
3296582,train
3296590,train
3296602,train
3296606,train
3296610,train
3296618,train
3296622,train
3296630,train
3296634,train
3296638,train
3296646,train
3296650,train
3296658,train
3296666,train
3296678,train
3296682,test
3296694,train
3296702,train
3296718,train
3296726,train
3296730,test
3296738,train
3296742,test
3296758,train
3296762,train
3296774,train
3296786,test
3296798,train
3296806,test
3296814,train
3296822,test
3296826,train
3296834,train
3296838,test
3296846,train
3296850,train
3296862,train
3296870,train
3296878,train
3296882,train
3296890,train
3296894,train
3296898,train
3296910,train
3296914,train
3296918,train
3296922,train
3296926,train
3296930,train
3296938,train
3296942,train
3296950,train
3296958,train
3296966,test
3296970,train
3296974,test
3296982,train
3296986,train
3296998,train
3297010,train
3297014,train
3297018,train
3297022,train
3297026,test
3297030,test
3297034,test
3297038,test
3297046,train
3297050,train
3297058,train
3297074,train
3297078,train
3297082,train
3297090,test
3297098,train
3297102,train
3297106,train
3297126,train
3297150,train
3297154,train
3297166,train
3297174,train
3297178,test
3297182,test
3297186,train
3297194,train
3297206,train
3297218,train
3297246,train
3297254,train
3297262,train
3297282,test
3297286,test
3297290,train
3297306,test
3297310,train
3297314,train
3297322,train
3297326,train
3297334,train
3297338,train
3297342,train
3297346,train
3297350,test
3297354,train
3297358,train
3297370,train
3297374,test
3297378,test
3297390,train
3297394,train
3297406,train
3297422,test
3297430,train
3297446,train
3297450,test
3297470,train
3297474,train
3297486,train
3297490,train
3297494,train
3297506,train
3297510,train
3297514,train
3297518,train
3297522,test
3297534,train
3297542,test
3297546,train
3297550,train
3297562,train
3297566,train
3297574,train
3297582,train
3297590,train
3297594,train
3297598,train
3297602,train
3297606,train
3297610,train
3297614,train
3297618,train
3297626,train
3297630,test
3297642,train
3297646,train
3297654,train
3297662,train
3297670,train
3297674,train
3297682,train
3297686,train
3297690,train
3297698,test
3297702,train
3297710,train
3297718,test
3297726,train
3297730,train
3297734,train
3297742,train
3297746,train
3297750,test
3297758,train
3297766,train
3297770,train
3297774,train
3297778,train
3297782,train
3297786,train
3297790,test
3297806,test
3297814,train
3297818,train
3297822,train
3297830,test
3297834,train
3297846,train
3297850,train
3297862,test
3297866,train
3297874,train
3297878,train
3297882,train
3297886,train
3297894,train
3297914,train
3297918,test
3297922,train
3297934,train
3297946,train
3297950,train
3297966,test
3297974,train
3297978,train
3297982,train
3297986,train
3297994,test
3297998,train
3298002,train
3298006,train
3298014,test
3298018,train
3298026,train
3298030,train
3298034,train
3298038,train
3298042,train
3298050,test
3298058,train
3298066,train
3298070,train
3298074,train
3298078,train
3298082,train
3298090,train
3298094,train
3298110,train
3298118,test
3298122,test
3298130,train
3298134,train
3298138,train
3298154,train
3298162,train
3298166,train
3298170,train
3298174,train
3298178,train
3298194,train
3298206,train
3298218,train
3298226,train
3298234,train
3298250,train
3298262,train
3298282,train
3298290,train
3298294,train
3298298,test
3298302,train
3298306,train
3298310,test
3298314,train
3298322,train
3298330,train
3298338,train
3298342,train
3298354,test
3298370,test
3298378,test
3298390,train
3298398,train
3298402,train
3298410,train
3298414,train
3298418,train
3298422,train
3298426,train
3298430,test
3298446,train
3298454,test
3298458,train
3298462,test
3298470,train
3298474,train
3298490,train
3298498,train
3298502,test
3298506,test
3298526,train
3298530,test
3298542,train
3298566,train
3298574,train
3298578,train
3298586,train
3298594,test
3298598,train
3298602,train
3298618,train
3298622,test
3298626,train
3298630,train
3298650,train
3298654,train
3298662,test
3298670,train
3298674,test
3298682,train
3298690,train
3298694,train
3298702,train
3298706,train
3298710,train
3298714,train
3298718,train
3298722,train
3298730,train
3298738,train
3298762,test
3298766,train
3298774,train
3298782,test
3298786,test
3298794,train
3298810,train
3298814,test
3298818,test
3298822,train
3298830,test
3298834,train
3298838,train
3298850,train
3298862,train
3298866,train
3298874,train
3298882,train
3298918,train
3298922,train
3298926,train
3298938,test
3298942,train
3298950,train
3298958,train
3298962,train
3298966,train
3298974,train
3298986,train
3298994,train
3298998,train
3299002,train
3299006,train
3299018,train
3299030,train
3299034,train
3299050,train
3299066,test
3299070,test
3299078,train
3299086,train
3299090,train
3299102,train
3299106,test
3299110,train
3299114,train
3299118,train
3299126,train
3299150,train
3299158,train
3299162,test
3299186,train
3299190,train
3299194,train
3299202,train
3299214,train
3299226,train
3299238,train
3299246,train
3299262,train
3299266,train
3299282,train
3299290,train
3299298,train
3299302,train
3299306,train
3299310,train
3299314,train
3299330,train
3299342,train
3299350,train
3299382,train
3299386,train
3299394,train
3299398,train
3299402,train
3299406,train
3299410,train
3299418,test
3299422,train
3299426,test
3299430,train
3299434,test
3299438,train
3299450,train
3299454,train
3299458,train
3299474,train
3299478,train
3299482,train
3299486,train
3299494,test
3299502,test
3299510,test
3299522,train
3299534,train
3299542,train
3299546,train
3299550,train
3299566,train
3299570,train
3299574,test
3299578,train
3299582,train
3299594,train
3299598,test
3299602,train
3299650,test
3299670,train
3299678,train
3299686,train
3299694,train
3299698,test
3299702,train
3299706,train
3299710,test
3299722,train
3299726,test
3299730,train
3299734,train
3299738,train
3299750,train
3299754,train
3299762,train
3299766,train
3299774,train
3299782,test
3299786,train
3299794,train
3299798,train
3299806,train
3299822,train
3299826,test
3299830,train
3299838,train
3299842,train
3299846,train
3299850,train
3299854,test
3299858,test
3299866,train
3299886,train
3299890,train
3299898,train
3299902,train
3299906,train
3299914,train
3299922,train
3299970,train
3299998,test
3300002,test
3300006,test
3300010,train
3300014,test
3300018,train
3300026,train
3300030,train
3300034,train
3300038,train
3300042,test
3300054,train
3300062,train
3300078,train
3300082,train
3300094,train
3300106,train
3300126,train
3300134,test
3300138,train
3300146,train
3300150,train
3300154,train
3300158,test
3300162,train
3300170,train
3300182,train
3300190,test
3300194,train
3300202,train
3300210,train
3300226,train
3300234,train
3300238,train
3300250,train
3300266,train
3300270,test
3300278,train
3300286,train
3300290,test
3300294,train
3300298,train
3300302,train
3300306,train
3300310,train
3300318,test
3300326,test
3300334,train
3300346,train
3300350,test
3300358,train
3300370,test
3300374,train
3300378,train
3300390,train
3300406,train
3300418,test
3300422,train
3300430,train
3300446,test
3300450,train
3300458,train
3300474,train
3300478,train
3300482,train
3300490,train
3300498,test
3300502,train
3300506,train
3300514,test
3300518,train
3300522,train
3300526,test
3300530,train
3300546,train
3300554,train
3300566,test
3300570,test
3300574,train
3300590,test
3300598,train
3300610,train
3300614,train
3300618,train
3300622,train
3300630,train
3300634,test
3300638,test
3300642,train
3300658,test
3300662,train
3300678,test
3300690,train
3300694,train
3300698,train
3300702,train
3300706,train
3300710,train
3300718,train
3300734,train
3300738,test
3300746,train
3300754,train
3300758,test
3300802,train
3300818,train
3300822,train
3300826,train
3300830,train
3300834,train
3300846,train
3300850,train
3300854,train
3300858,train
3300862,test
3300874,train
3300878,test
3300886,train
3300894,train
3300898,test
3300906,test
3300910,train
3300914,train
3300922,train
3300930,test
3300934,train
3300938,train
3300946,train
3300954,train
3300958,test
3300962,train
3300970,train
3300974,train
3300982,train
3300990,train
3300994,train
3301002,train
3301006,test
3301014,train
3301030,train
3301034,train
3301038,train
3301042,train
3301050,test
3301054,train
3301058,train
3301062,train
3301066,train
3301074,test
3301078,train
3301082,train
3301094,test
3301098,train
3301110,train
3301114,test
3301118,train
3301122,train
3301126,train
3301134,test
3301150,train
3301158,train
3301170,train
3301174,test
3301178,train
3301198,train
3301206,train
3301218,train
3301222,train
3301226,test
3301234,train
3301246,train
3301250,train
3301254,train
3301262,train
3301274,test
3301278,train
3301282,train
3301294,test
3301298,train
3301318,train
3301322,train
3301326,train
3301358,train
3301362,train
3301374,test
3301378,train
3301386,train
3301390,train
3301398,train
3301402,train
3301406,train
3301410,train
3301414,train
3301438,train
3301442,train
3301450,train
3301454,train
3301458,train
3301466,train
3301478,test
3301482,test
3301498,train
3301502,train
3301506,train
3301510,train
3301518,train
3301526,test
3301538,train
3301546,train
3301554,train
3301558,train
3301562,train
3301566,test
3301570,train
3301574,test
3301578,test
3301582,train
3301594,test
3301598,train
3301610,train
3301618,train
3301626,train
3301646,test
3301650,train
3301654,train
3301682,train
3301690,train
3301694,train
3301698,train
3301706,train
3301710,train
3301722,train
3301726,train
3301734,train
3301742,test
3301746,train
3301754,train
3301758,train
3301762,train
3301774,train
3301786,train
3301794,train
3301798,train
3301814,train
3301818,train
3301822,train
3301826,train
3301834,test
3301846,train
3301858,train
3301862,train
3301870,train
3301874,train
3301878,train
3301882,train
3301902,train
3301906,train
3301910,train
3301914,train
3301918,train
3301926,train
3301934,train
3301938,train
3301954,test
3301958,train
3301962,train
3301974,train
3301986,train
3302010,train
3302014,train
3302018,train
3302022,train
3302026,train
3302030,train
3302034,train
3302038,test
3302050,train
3302054,train
3302062,test
3302066,train
3302074,train
3302078,train
3302086,train
3302090,train
3302098,train
3302106,train
3302110,train
3302114,test
3302118,test
3302122,train
3302126,train
3302130,train
3302134,test
3302138,train
3302150,train
3302158,train
3302162,train
3302166,test
3302186,train
3302202,test
3302206,test
3302210,train
3302234,train
3302246,train
3302262,train
3302266,train
3302274,train
3302282,train
3302286,train
3302322,train
3302350,train
3302354,train
3302358,train
3302378,train
3302382,test
3302390,train
3302426,test
3302442,train
3302446,train
3302454,test
3302458,train
3302462,train
3302466,train
3302470,test
3302482,train
3302494,test
3302498,train
3302502,train
3302510,test
3302518,test
3302526,train
3302546,train
3302550,train
3302578,train
3302594,train
3302598,train
3302606,train
3302610,test
3302618,train
3302626,train
3302634,train
3302650,train
3302654,test
3302662,train
3302666,train
3302682,train
3302690,train
3302698,train
3302702,test
3302706,train
3302710,train
3302714,train
3302718,train
3302722,train
3302726,train
3302730,train
3302742,train
3302746,train
3302750,test
3302758,train
3302762,train
3302766,train
3302774,train
3302778,train
3302782,test
3302790,test
3302794,train
3302806,test
3302814,train
3302818,train
3302822,train
3302826,train
3302830,train
3302842,train
3302846,train
3302858,train
3302866,train
3302870,train
3302882,train
3302898,train
3302902,train
3302906,test
3302910,train
3302922,train
3302926,train
3302930,train
3302942,train
3302950,train
3302954,test
3302970,train
3302974,train
3302982,test
3302990,train
3302994,train
3303006,test
3303010,test
3303014,train
3303018,test
3303026,train
3303030,train
3303038,train
3303050,train
3303062,train
3303066,train
3303070,train
3303078,train
3303090,train
3303106,test
3303110,train
3303122,train
3303126,train
3303130,train
3303134,test
3303142,test
3303146,train
3303158,train
3303170,test
3303182,train
3303186,test
3303198,test
3303210,train
3303218,train
3303222,train
3303226,train
3303238,train
3303246,train
3303254,train
3303262,train
3303266,train
3303286,train
3303294,train
3303314,train
3303326,train
3303334,test
3303342,train
3303346,train
3303350,test
3303358,train
3303362,test
3303374,train
3303378,train
3303386,train
3303390,train
3303398,train
3303402,train
3303410,train
3303442,train
3303450,train
3303454,train
3303462,train
3303466,train
3303470,train
3303474,train
3303490,train
3303494,test
3303506,train
3303510,train
3303518,train
3303530,train
3303542,train
3303546,train
3303566,test
3303578,train
3303586,test
3303590,train
3303602,train
3303610,train
3303614,train
3303618,train
3303626,train
3303630,train
3303642,train
3303646,train
3303650,train
3303654,train
3303666,test
3303670,test
3303674,train
3303678,train
3303698,test
3303718,train
3303738,train
3303746,test
3303758,train
3303762,test
3303766,train
3303770,train
3303798,train
3303802,train
3303806,train
3303814,test
3303818,train
3303822,test
3303826,train
3303834,train
3303842,train
3303846,test
3303854,train
3303858,test
3303870,train
3303874,train
3303890,train
3303894,train
3303898,train
3303902,train
3303906,train
3303910,test
3303918,train
3303930,test
3303938,test
3303958,train
3303978,train
3303986,train
3303994,train
3303998,train
3304002,train
3304006,train
3304010,train
3304018,train
3304022,train
3304026,train
3304034,train
3304038,train
3304046,train
3304050,train
3304086,train
3304094,test
3304098,train
3304106,train
3304122,train
3304126,test
3304130,train
3304134,train
3304138,test
3304142,train
3304146,train
3304150,test
3304154,train
3304162,train
3304174,train
3304178,train
3304186,train
3304194,test
3304202,test
3304214,train
3304222,train
3304242,train
3304258,train
3304270,train
3304278,train
3304286,train
3304290,train
3304310,train
3304322,train
3304326,train
3304334,train
3304346,train
3304350,train
3304354,train
3304366,train
3304390,test
3304406,train
3304418,train
3304422,train
3304430,train
3304434,train
3304438,train
3304442,train
3304458,train
3304490,train
3304494,train
3304514,train
3304522,train
3304526,train
3304534,train
3304538,train
3304546,train
3304554,test
3304558,train
3304562,train
3304566,train
3304578,train
3304590,train
3304594,train
3304602,test
3304630,train
3304634,train
3304650,train
3304670,train
3304674,train
3304678,train
3304686,train
3304698,train
3304710,train
3304730,train
3304746,train
3304750,train
3304754,train
3304758,train
3304766,train
3304770,train
3304794,train
3304810,train
3304818,train
3304830,test
3304838,train
3304850,train
3304854,train
3304858,test
3304870,train
3304882,train
3304886,train
3304890,train
3304894,train
3304898,train
3304902,train
3304910,test
3304926,train
3304934,train
3304946,test
3304954,train
3304974,train
3304978,train
3304986,train
3305006,test
3305026,train
3305030,train
3305034,train
3305050,train
3305062,train
3305070,train
3305090,test
3305102,train
3305106,train
3305114,train
3305122,train
3305130,train
3305142,train
3305154,train
3305166,test
3305170,train
3305174,test
3305178,train
3305190,train
3305194,test
3305202,train
3305206,train
3305210,train
3305218,train
3305234,train
3305238,train
3305242,train
3305246,train
3305258,train
3305262,test
3305274,test
3305282,train
3305298,train
3305306,test
3305326,train
3305330,train
3305334,test
3305342,test
3305350,train
3305362,train
3305366,test
3305386,test
3305402,train
3305410,train
3305418,train
3305426,test
3305434,train
3305446,train
3305462,train
3305470,train
3305490,test
3305498,train
3305502,train
3305510,test
3305514,train
3305518,train
3305526,train
3305534,train
3305562,train
3305574,train
3305578,train
3305590,test
3305602,train
3305610,test
3305618,train
3305622,test
3305626,train
3305634,train
3305646,test
3305650,test
3305654,train
3305662,train
3305666,train
3305670,train
3305682,test
3305686,train
3305694,train
3305706,train
3305714,train
3305718,train
3305722,train
3305726,train
3305730,train
3305738,train
3305750,train
3305766,test
3305770,train
3305778,train
3305782,train
3305802,train
3305810,train
3305818,test
3305830,train
3305838,test
3305842,train
3305846,train
3305854,train
3305862,train
3305866,test
3305878,train
3305890,train
3305898,test
3305902,train
3305906,train
3305934,train
3305942,train
3305950,train
3305958,train
3305962,train
3305974,test
3305994,train
3305998,test
3306002,train
3306030,train
3306034,train
3306046,train
3306054,train
3306058,train
3306066,train
3306070,train
3306074,train
3306078,train
3306086,train
3306090,train
3306094,test
3306114,train
3306122,train
3306130,train
3306134,test
3306138,test
3306142,train
3306146,train
3306162,train
3306166,train
3306174,train
3306182,train
3306186,train
3306190,train
3306198,train
3306202,train
3306222,train
3306226,test
3306234,train
3306238,train
3306246,train
3306250,train
3306262,test
3306266,test
3306270,train
3306278,test
3306286,test
3306290,train
3306298,train
3306302,train
3306306,train
3306310,train
3306326,train
3306350,train
3306358,train
3306362,train
3306366,train
3306370,train
3306374,train
3306390,test
3306394,train
3306398,train
3306402,train
3306426,train
3306430,train
3306438,train
3306446,train
3306450,train
3306454,train
3306466,train
3306470,train
3306478,train
3306482,train
3306486,train
3306494,train
3306498,train
3306502,train
3306506,train
3306514,train
3306518,train
3306538,train
3306550,train
3306554,test
3306558,train
3306566,train
3306574,train
3306578,train
3306582,test
3306586,train
3306594,train
3306606,test
3306610,test
3306614,train
3306618,train
3306622,train
3306626,test
3306638,train
3306646,train
3306650,train
3306654,train
3306658,train
3306662,train
3306670,train
3306674,train
3306682,train
3306686,train
3306694,train
3306698,train
3306702,train
3306710,test
3306726,train
3306758,test
3306770,train
3306778,test
3306790,test
3306798,train
3306806,train
3306822,train
3306826,test
3306842,train
3306846,train
3306862,train
3306878,test
3306882,train
3306886,train
3306890,train
3306894,train
3306906,train
3306910,test
3306914,train
3306922,train
3306934,train
3306938,train
3306946,train
3306958,train
3306982,train
3306990,train
3307002,test
3307010,train
3307014,test
3307018,train
3307022,train
3307026,test
3307034,test
3307038,train
3307046,train
3307050,train
3307054,test
3307058,test
3307066,train
3307070,train
3307074,train
3307078,test
3307082,train
3307086,train
3307098,test
3307102,test
3307106,train
3307110,train
3307114,train
3307138,train
3307142,test
3307146,train
3307158,train
3307170,train
3307194,train
3307206,train
3307222,train
3307230,train
3307234,test
3307238,test
3307250,train
3307270,test
3307282,train
3307286,train
3307290,train
3307294,train
3307302,train
3307310,train
3307322,train
3307326,train
3307334,train
3307338,test
3307342,test
3307350,train
3307358,train
3307362,train
3307370,test
3307378,train
3307386,train
3307390,train
3307394,train
3307398,train
3307406,train
3307422,train
3307426,train
3307430,test
3307438,train
3307442,train
3307446,train
3307470,train
3307482,train
3307490,test
3307498,train
3307518,train
3307554,train
3307558,test
3307562,train
3307566,train
3307574,test
3307578,train
3307590,train
3307610,train
3307614,train
3307618,train
3307630,train
3307638,train
3307658,test
3307662,train
3307670,train
3307690,train
3307702,train
3307718,train
3307726,test
3307742,train
3307754,train
3307766,train
3307786,train
3307790,train
3307794,test
3307806,train
3307810,train
3307818,train
3307830,train
3307838,test
3307842,test
3307850,train
3307858,train
3307862,train
3307870,train
3307874,test
3307886,train
3307890,train
3307894,train
3307922,train
3307930,train
3307934,train
3307938,train
3307942,test
3307950,train
3307954,train
3307958,train
3307966,test
3307970,train
3307974,test
3307978,test
3307986,train
3307990,train
3307994,train
3307998,train
3308002,train
3308010,train
3308014,train
3308018,test
3308034,train
3308038,train
3308058,train
3308074,train
3308078,train
3308082,train
3308086,train
3308090,train
3308110,train
3308122,train
3308126,train
3308134,train
3308138,train
3308142,train
3308146,train
3308154,train
3308158,train
3308166,train
3308182,train
3308190,train
3308194,test
3308202,train
3308206,train
3308218,train
3308226,test
3308230,train
3308238,train
3308242,train
3308246,train
3308250,train
3308254,train
3308258,train
3308262,train
3308266,train
3308274,train
3308278,train
3308290,train
3308298,train
3308306,train
3308314,train
3308322,train
3308330,train
3308338,test
3308342,train
3308350,train
3308358,train
3308366,test
3308382,train
3308386,test
3308398,train
3308406,test
3308414,train
3308418,train
3308454,train
3308458,train
3308462,test
3308478,train
3308482,train
3308494,train
3308518,train
3308530,test
3308534,train
3308550,test
3308554,train
3308574,train
3308578,train
3308582,train
3308590,train
3308602,train
3308614,test
3308618,train
3308622,train
3308630,train
3308634,train
3308638,train
3308642,test
3308658,train
3308678,train
3308690,train
3308694,train
3308710,train
3308714,test
3308726,train
3308738,train
3308746,test
3308754,train
3308770,train
3308778,train
3308786,train
3308790,train
3308798,train
3308802,train
3308806,train
3308830,train
3308834,train
3308838,train
3308846,train
3308866,train
3308870,train
3308874,train
3308886,train
3308898,test
3308910,train
3308914,train
3308922,train
3308934,train
3308950,test
3308962,train
3308970,train
3308974,train
3308978,train
3308982,train
3308986,train
3308994,test
3308998,train
3309002,test
3309010,train
3309018,train
3309026,test
3309034,test
3309038,train
3309042,train
3309046,train
3309058,test
3309070,train
3309102,train
3309110,train
3309126,test
3309130,train
3309134,train
3309150,train
3309154,train
3309158,train
3309166,train
3309174,train
3309186,test
3309190,train
3309194,train
3309198,train
3309206,train
3309210,train
3309218,train
3309226,train
3309242,train
3309246,train
3309250,test
3309254,test
3309258,test
3309262,train
3309266,train
3309270,train
3309278,train
3309282,train
3309290,train
3309294,train
3309306,train
3309310,train
3309318,train
3309326,train
3309330,train
3309334,train
3309338,train
3309342,train
3309354,train
3309358,train
3309362,train
3309374,train
3309378,train
3309390,train
3309410,train
3309422,train
3309434,test
3309442,train
3309446,train
3309466,train
3309474,train
3309478,train
3309482,train
3309486,test
3309490,train
3309494,train
3309498,train
3309502,train
3309510,train
3309514,train
3309522,train
3309526,test
3309534,train
3309546,train
3309554,train
3309558,train
3309586,train
3309590,test
3309594,test
3309610,train
3309618,train
3309638,train
3309642,train
3309646,train
3309650,train
3309658,train
3309662,train
3309666,train
3309670,train
3309674,test
3309678,test
3309682,train
3309690,train
3309694,train
3309702,train
3309706,test
3309710,train
3309718,test
3309730,train
3309742,train
3309754,test
3309758,test
3309766,train
3309770,train
3309778,train
3309786,train
3309802,train
3309806,train
3309810,train
3309814,train
3309818,train
3309826,test
3309838,test
3309846,train
3309850,train
3309854,train
3309858,train
3309862,train
3309866,train
3309878,train
3309882,train
3309890,train
3309898,train
3309902,train
3309910,train
3309914,train
3309922,test
3309926,train
3309934,test
3309938,train
3309942,test
3309950,train
3309962,train
3309970,train
3309974,test
3309978,train
3309982,train
3309986,train
3309990,train
3309998,train
3310002,train
3310006,test
3310010,test
3310018,train
3310034,train
3310042,test
3310046,train
3310050,train
3310054,test
3310062,train
3310066,test
3310074,train
3310082,train
3310094,train
3310106,test
3310122,train
3310126,train
3310134,train
3310138,train
3310158,train
3310162,test
3310166,train
3310170,train
3310174,train
3310194,train
3310202,train
3310226,train
3310238,test
3310246,test
3310250,test
3310262,train
3310266,test
3310270,train
3310274,train
3310278,train
3310282,train
3310286,train
3310298,test
3310310,test
3310314,test
3310326,train
3310350,train
3310354,train
3310358,train
3310362,test
3310366,train
3310370,train
3310374,train
3310382,train
3310386,train
3310398,train
3310406,test
3310410,train
3310414,train
3310418,train
3310422,train
3310430,train
3310434,train
3310438,train
3310442,train
3310446,train
3310450,train
3310454,train
3310458,train
3310462,train
3310474,train
3310490,train
3310506,train
3310514,train
3310522,train
3310530,train
3310546,test
3310550,train
3310554,train
3310558,train
3310562,test
3310566,test
3310574,train
3310590,test
3310594,train
3310598,train
3310614,test
3310618,train
3310630,train
3310646,train
3310670,train
3310678,train
3310690,train
3310702,train
3310706,train
3310718,train
3310722,train
3310726,train
3310734,train
3310746,train
3310762,train
3310774,train
3310778,train
3310786,train
3310790,test
3310802,train
3310806,train
3310810,train
3310814,test
3310818,train
3310826,train
3310830,train
3310834,test
3310842,train
3310846,train
3310850,train
3310858,train
3310862,train
3310874,train
3310882,train
3310886,train
3310890,train
3310898,train
3310902,train
3310906,test
3310914,test
3310918,train
3310922,train
3310926,train
3310938,train
3310942,test
3310946,train
3310950,train
3310966,train
3310974,train
3310990,train
3311002,train
3311010,test
3311014,train
3311018,train
3311022,train
3311042,train
3311066,train
3311078,train
3311082,train
3311086,train
3311094,train
3311098,train
3311102,train
3311106,train
3311114,train
3311118,train
3311122,test
3311134,train
3311146,test
3311154,train
3311174,train
3311178,train
3311182,test
3311190,test
3311198,test
3311202,train
3311210,test
3311218,train
3311222,train
3311254,test
3311266,train
3311278,test
3311282,train
3311294,train
3311298,test
3311306,test
3311314,train
3311322,train
3311334,train
3311338,train
3311342,train
3311354,test
3311362,train
3311382,test
3311386,train
3311390,train
3311394,train
3311398,train
3311402,train
3311410,train
3311414,train
3311430,train
3311434,train
3311438,train
3311454,test
3311474,train
3311482,train
3311486,train
3311490,train
3311502,train
3311506,train
3311514,test
3311518,train
3311522,train
3311554,train
3311582,train
3311586,train
3311602,train
3311606,train
3311610,train
3311618,test
3311622,train
3311630,train
3311666,train
3311670,train
3311678,train
3311682,train
3311690,test
3311702,test
3311726,test
3311730,train
3311734,train
3311738,train
3311742,train
3311750,train
3311754,test
3311758,test
3311766,train
3311770,train
3311782,train
3311786,train
3311790,train
3311794,train
3311798,train
3311810,train
3311830,train
3311834,train
3311846,test
3311850,train
3311854,train
3311870,train
3311878,train
3311886,train
3311898,train
3311902,train
3311906,train
3311910,train
3311918,train
3311922,train
3311934,train
3311938,train
3311942,test
3311946,train
3311970,test
3311978,train
3311994,train
3312006,train
3312018,test
3312026,train
3312034,train
3312050,train
3312054,train
3312058,train
3312078,train
3312082,train
3312094,test
3312106,train
3312126,train
3312134,train
3312142,train
3312150,train
3312154,train
3312170,train
3312174,test
3312182,train
3312210,train
3312214,train
3312226,train
3312230,train
3312234,train
3312238,test
3312250,train
3312258,train
3312266,train
3312274,train
3312294,test
3312298,train
3312306,train
3312322,train
3312330,test
3312334,train
3312342,test
3312346,test
3312350,train
3312354,train
3312362,train
3312366,train
3312370,test
3312374,train
3312378,train
3312386,train
3312390,train
3312394,train
3312414,train
3312426,train
3312430,test
3312434,train
3312442,train
3312450,test
3312458,train
3312462,test
3312474,train
3312494,train
3312498,train
3312506,train
3312522,train
3312526,train
3312530,train
3312538,train
3312542,train
3312546,train
3312558,train
3312562,train
3312566,train
3312570,train
3312578,test
3312582,train
3312586,test
3312598,train
3312602,train
3312606,train
3312610,train
3312614,test
3312622,train
3312626,train
3312630,train
3312638,train
3312642,train
3312658,train
3312662,test
3312670,train
3312674,train
3312682,train
3312686,train
3312694,train
3312698,train
3312702,train
3312706,train
3312718,train
3312722,test
3312726,train
3312734,test
3312738,train
3312742,train
3312754,train
3312762,train
3312770,train
3312774,test
3312778,train
3312782,train
3312786,test
3312790,train
3312810,train
3312814,train
3312822,train
3312830,test
3312842,train
3312854,train
3312862,train
3312882,train
3312894,train
3312906,train
3312910,train
3312914,train
3312918,train
3312922,train
3312926,train
3312938,train
3312950,train
3312954,train
3312962,train
3312966,train
3312974,train
3312982,train
3312990,train
3312994,train
3312998,train
3313014,train
3313022,train
3313026,train
3313034,train
3313042,test
3313050,train
3313054,train
3313058,train
3313066,train
3313078,train
3313086,test
3313094,test
3313102,train
3313118,test
3313130,train
3313134,train
3313146,train
3313150,test
3313154,train
3313158,train
3313162,test
3313170,train
3313178,train
3313182,train
3313194,test
3313202,train
3313206,train
3313210,test
3313218,train
3313222,train
3313234,train
3313238,train
3313246,test
3313258,train
3313266,train
3313286,test
3313290,train
3313298,test
3313302,train
3313306,train
3313322,train
3313326,train
3313330,train
3313338,train
3313342,train
3313350,test
3313354,train
3313362,test
3313366,test
3313374,train
3313378,train
3313386,test
3313390,train
3313394,test
3313410,train
3313414,train
3313426,train
3313434,test
3313438,train
3313442,train
3313446,test
3313450,train
3313454,test
3313490,train
3313506,train
3313514,test
3313518,train
3313522,train
3313526,train
3313534,train
3313538,train
3313546,test
3313550,train
3313554,test
3313562,train
3313566,train
3313570,train
3313578,train
3313582,train
3313586,train
3313594,test
3313598,test
3313602,train
3313610,train
3313622,test
3313626,train
3313630,train
3313638,train
3313642,train
3313658,train
3313666,train
3313670,train
3313674,train
3313678,train
3313686,train
3313694,train
3313698,train
3313702,train
3313706,train
3313710,test
3313722,train
3313730,train
3313734,train
3313746,train
3313762,test
3313766,train
3313770,train
3313778,train
3313786,train
3313794,train
3313798,train
3313802,train
3313806,train
3313810,train
3313814,train
3313818,train
3313822,train
3313826,test
3313842,train
3313850,train
3313866,train
3313870,train
3313874,train
3313878,test
3313882,test
3313886,train
3313890,train
3313894,train
3313906,test
3313926,train
3313942,train
3313958,test
3313974,train
3313978,train
3313990,train
3313998,train
3314002,train
3314006,train
3314014,train
3314026,train
3314034,train
3314042,train
3314058,train
3314062,train
3314074,test
3314082,train
3314086,train
3314090,train
3314094,train
3314114,test
3314118,train
3314138,train
3314150,test
3314158,train
3314178,test
3314186,train
3314198,train
3314202,test
3314206,test
3314210,train
3314218,train
3314222,train
3314226,train
3314234,train
3314262,train
3314266,train
3314274,train
3314278,test
3314286,train
3314298,train
3314326,train
3314330,train
3314334,train
3314342,train
3314346,train
3314362,test
3314366,train
3314386,train
3314390,test
3314398,train
3314406,test
3314414,test
3314422,train
3314426,test
3314434,train
3314438,train
3314446,train
3314450,train
3314454,train
3314462,train
3314466,train
3314470,train
3314482,test
3314506,train
3314510,test
3314518,test
3314542,test
3314546,train
3314550,train
3314554,train
3314582,train
3314586,train
3314594,test
3314598,train
3314602,train
3314606,train
3314614,train
3314622,train
3314626,train
3314650,test
3314658,train
3314662,train
3314666,train
3314674,test
3314682,train
3314694,train
3314698,test
3314714,train
3314718,train
3314722,train
3314726,train
3314730,test
3314734,train
3314750,train
3314754,train
3314762,train
3314774,train
3314782,train
3314786,train
3314798,train
3314802,train
3314806,train
3314810,test
3314818,train
3314838,test
3314854,train
3314858,train
3314862,train
3314866,train
3314870,train
3314874,train
3314878,train
3314890,test
3314894,train
3314898,train
3314906,train
3314918,train
3314926,test
3314930,train
3314946,train
3314954,train
3314958,train
3314962,test
3314970,train
3314978,train
3314986,train
3314998,test
3315006,test
3315010,test
3315014,train
3315018,train
3315042,train
3315046,train
3315050,train
3315054,train
3315062,train
3315066,test
3315070,train
3315074,test
3315082,train
3315090,test
3315094,train
3315098,train
3315102,train
3315106,train
3315114,train
3315118,train
3315122,train
3315130,train
3315134,test
3315138,train
3315142,train
3315150,test
3315154,train
3315158,train
3315162,test
3315170,train
3315174,train
3315178,train
3315190,train
3315194,test
3315206,train
3315214,train
3315218,train
3315222,train
3315234,train
3315242,train
3315246,train
3315254,train
3315258,test
3315266,train
3315278,train
3315282,train
3315286,train
3315290,train
3315298,train
3315302,train
3315310,train
3315314,train
3315326,train
3315330,test
3315334,train
3315342,train
3315354,train
3315366,train
3315378,train
3315382,test
3315390,train
3315394,train
3315398,train
3315402,test
3315414,train
3315418,train
3315426,train
3315430,train
3315446,train
3315454,train
3315458,train
3315462,train
3315466,train
3315482,test
3315490,test
3315510,test
3315522,train
3315530,train
3315534,train
3315542,test
3315550,train
3315554,train
3315566,train
3315582,train
3315586,train
3315594,train
3315598,test
3315602,train
3315610,train
3315614,train
3315622,train
3315638,train
3315658,train
3315662,train
3315666,test
3315678,test
3315686,train
3315690,train
3315698,train
3315702,train
3315706,test
3315710,train
3315718,train
3315722,train
3315726,train
3315730,train
3315738,train
3315742,train
3315746,train
3315754,train
3315758,train
3315766,train
3315786,test
3315790,train
3315794,train
3315802,test
3315806,train
3315810,train
3315814,train
3315822,train
3315826,train
3315830,train
3315838,train
3315842,train
3315854,test
3315858,train
3315862,train
3315870,train
3315882,train
3315886,train
3315890,train
3315898,train
3315902,train
3315906,test
3315918,test
3315942,train
3315958,test
3315962,test
3315970,train
3315974,train
3315982,train
3315998,train
3316002,train
3316010,train
3316014,train
3316018,train
3316030,test
3316034,train
3316038,train
3316042,train
3316046,train
3316050,train
3316062,train
3316070,train
3316078,train
3316082,train
3316086,train
3316090,test
3316106,test
3316114,train
3316146,train
3316150,train
3316154,train
3316158,train
3316162,train
3316166,train
3316170,train
3316174,train
3316182,test
3316186,test
3316190,train
3316194,train
3316202,train
3316210,train
3316222,train
3316234,test
3316246,train
3316250,train
3316258,train
3316262,train
3316270,train
3316278,test
3316282,test
3316286,train
3316298,train
3316302,train
3316310,test
3316314,test
3316322,train
3316330,test
3316334,train
3316338,test
3316342,train
3316346,train
3316350,train
3316370,train
3316394,test
3316398,test
3316410,train
3316438,test
3316442,train
3316454,test
3316458,test
3316474,test
3316498,train
3316506,test
3316530,train
3316534,train
3316538,train
3316546,test
3316554,train
3316558,test
3316562,train
3316566,train
3316586,train
3316590,train
3316594,train
3316606,train
3316610,train
3316618,train
3316626,test
3316642,train
3316662,train
3316666,test
3316678,test
3316694,train
3316698,test
3316710,train
3316714,test
3316730,train
3316734,train
3316738,train
3316742,train
3316746,train
3316762,train
3316766,train
3316774,test
3316778,train
3316786,train
3316790,train
3316798,train
3316818,train
3316822,train
3316826,train
3316830,test
3316838,train
3316854,test
3316870,train
3316874,train
3316882,train
3316886,test
3316890,train
3316894,train
3316906,train
3316918,train
3316922,test
3316926,test
3316930,train
3316938,train
3316950,test
3316958,test
3316970,train
3316990,train
3316998,train
3317006,train
3317010,train
3317018,train
3317022,train
3317030,train
3317034,train
3317038,train
3317042,train
3317046,test
3317054,train
3317058,train
3317062,train
3317066,train
3317074,test
3317086,test
3317094,train
3317098,train
3317106,train
3317114,train
3317118,train
3317126,train
3317130,train
3317134,train
3317142,train
3317146,train
3317154,train
3317162,test
3317166,train
3317174,train
3317178,train
3317182,train
3317186,train
3317194,test
3317198,train
3317210,test
3317214,train
3317222,train
3317226,train
3317234,train
3317254,train
3317258,train
3317262,train
3317274,train
3317278,test
3317294,train
3317298,test
3317310,train
3317314,test
3317318,train
3317322,train
3317326,train
3317338,train
3317342,train
3317346,train
3317354,test
3317358,train
3317362,train
3317374,train
3317382,train
3317386,train
3317390,train
3317402,train
3317406,train
3317410,train
3317418,train
3317438,test
3317442,train
3317446,train
3317454,train
3317466,train
3317474,train
3317482,test
3317498,train
3317502,test
3317510,train
3317522,train
3317534,train
3317542,train
3317554,train
3317562,train
3317578,train
3317586,train
3317590,test
3317594,train
3317602,train
3317610,train
3317622,train
3317634,train
3317638,train
3317646,train
3317650,train
3317658,train
3317666,train
3317674,test
3317678,train
3317682,test
3317686,test
3317698,train
3317702,train
3317710,train
3317714,train
3317718,train
3317722,train
3317734,test
3317750,train
3317762,train
3317766,train
3317770,train
3317774,train
3317782,train
3317786,train
3317794,train
3317802,train
3317806,train
3317810,train
3317814,train
3317818,test
3317822,train
3317826,train
3317838,test
3317854,test
3317858,train
3317862,train
3317870,train
3317878,train
3317890,train
3317898,train
3317902,train
3317906,train
3317926,train
3317930,train
3317934,train
3317942,train
3317950,train
3317962,train
3317970,test
3317974,train
3317978,train
3317982,test
3317994,train
3317998,train
3318002,train
3318006,train
3318010,train
3318030,train
3318034,train
3318050,train
3318058,train
3318074,train
3318078,train
3318086,train
3318090,train
3318098,test
3318102,train
3318114,test
3318118,train
3318122,train
3318130,test
3318162,train
3318166,train
3318170,test
3318194,train
3318198,train
3318206,train
3318234,test
3318242,train
3318246,train
3318250,train
3318254,test
3318266,train
3318270,train
3318294,train
3318302,train
3318306,train
3318310,train
3318314,train
3318318,train
3318322,train
3318330,train
3318354,train
3318374,train
3318378,train
3318402,train
3318426,train
3318430,train
3318438,train
3318446,train
3318454,train
3318458,train
3318462,train
3318466,train
3318486,train
3318506,train
3318510,train
3318514,test
3318522,train
3318526,test
3318538,train
3318546,train
3318554,test
3318558,train
3318570,test
3318574,test
3318582,train
3318590,train
3318598,test
3318602,train
3318634,train
3318650,train
3318654,train
3318658,train
3318670,train
3318674,train
3318690,train
3318698,test
3318702,train
3318710,train
3318714,train
3318726,train
3318730,test
3318734,train
3318742,train
3318750,train
3318754,train
3318758,train
3318762,train
3318766,test
3318770,train
3318774,test
3318778,train
3318782,train
3318786,train
3318790,train
3318802,train
3318814,train
3318830,train
3318846,train
3318862,train
3318870,train
3318886,train
3318890,train
3318898,train
3318902,train
3318906,test
3318918,test
3318930,train
3318942,train
3318946,train
3318970,train
3318974,train
3318978,test
3318982,train
3318990,train
3318994,train
3318998,train
3319006,test
3319010,train
3319018,train
3319022,train
3319026,train
3319030,test
3319034,train
3319038,train
3319046,train
3319074,test
3319082,train
3319090,train
3319098,test
3319110,train
3319114,train
3319134,train
3319142,test
3319162,train
3319190,test
3319194,train
3319198,train
3319202,train
3319206,train
3319214,train
3319218,train
3319222,test
3319226,train
3319234,train
3319238,train
3319242,train
3319250,test
3319258,train
3319278,test
3319286,train
3319302,train
3319314,train
3319322,test
3319326,test
3319338,test
3319346,train
3319350,train
3319354,test
3319358,train
3319382,train
3319386,train
3319394,train
3319402,train
3319410,train
3319414,train
3319418,train
3319430,test
3319434,test
3319438,test
3319442,train
3319462,train
3319474,train
3319482,test
3319490,train
3319494,test
3319502,train
3319510,train
3319514,train
3319518,train
3319530,test
3319534,test
3319538,train
3319546,train
3319550,train
3319558,train
3319566,train
3319582,train
3319586,train
3319594,train
3319602,test
3319606,train
3319610,train
3319622,train
3319638,test
3319642,train
3319646,test
3319654,train
3319658,test
3319662,train
3319686,train
3319690,train
3319694,train
3319706,train
3319710,train
3319714,train
3319718,train
3319722,train
3319726,train
3319754,train
3319762,train
3319778,train
3319786,test
3319790,train
3319794,train
3319810,train
3319814,train
3319830,test
3319838,train
3319842,test
3319850,train
3319858,test
3319866,test
3319874,train
3319878,train
3319882,train
3319886,train
3319894,train
3319898,train
3319902,train
3319910,train
3319914,train
3319922,test
3319926,train
3319930,test
3319934,train
3319946,test
3319950,train
3319958,test
3319970,train
3319978,train
3319986,train
3319990,train
3319998,train
3320002,train
3320006,test
3320018,train
3320030,train
3320038,test
3320042,train
3320046,train
3320050,train
3320054,train
3320058,train
3320062,train
3320070,train
3320082,train
3320098,train
3320102,test
3320110,train
3320126,train
3320138,train
3320142,test
3320146,train
3320150,test
3320158,train
3320162,test
3320166,train
3320174,train
3320178,test
3320190,train
3320198,train
3320210,train
3320214,train
3320218,test
3320250,train
3320254,train
3320262,train
3320266,train
3320270,train
3320278,test
3320298,train
3320306,train
3320314,train
3320318,train
3320322,train
3320334,test
3320338,train
3320354,train
3320358,train
3320362,train
3320366,test
3320374,train
3320378,train
3320386,test
3320390,train
3320394,test
3320418,train
3320422,train
3320426,train
3320434,test
3320438,train
3320454,train
3320458,train
3320474,train
3320478,test
3320486,train
3320494,train
3320498,train
3320502,train
3320514,train
3320530,train
3320542,test
3320546,train
3320562,train
3320566,train
3320574,train
3320578,train
3320582,train
3320598,train
3320602,train
3320606,train
3320614,train
3320618,train
3320626,train
3320646,train
3320662,train
3320666,test
3320674,train
3320678,train
3320690,train
3320698,train
3320702,train
3320706,train
3320710,test
3320714,test
3320726,train
3320734,train
3320738,train
3320742,train
3320746,train
3320750,train
3320754,train
3320766,train
3320774,train
3320778,train
3320790,test
3320802,train
3320810,train
3320818,train
3320826,train
3320842,train
3320846,train
3320854,train
3320858,train
3320862,train
3320866,train
3320870,train
3320874,train
3320878,test
3320890,train
3320894,train
3320902,train
3320906,test
3320926,train
3320930,train
3320938,test
3320946,train
3320954,train
3320958,train
3320962,test
3320966,train
3320974,train
3320978,train
3320986,train
3320994,train
3320998,train
3321006,train
3321014,train
3321018,train
3321022,train
3321030,train
3321034,train
3321042,train
3321050,test
3321058,train
3321062,train
3321066,train
3321070,train
3321074,train
3321078,train
3321082,test
3321086,train
3321090,train
3321098,test
3321110,test
3321114,train
3321118,test
3321122,test
3321126,train
3321134,train
3321146,test
3321150,test
3321170,train
3321174,train
3321182,train
3321190,train
3321198,train
3321226,train
3321234,test
3321262,train
3321278,test
3321282,train
3321290,train
3321310,test
3321314,train
3321322,train
3321330,train
3321334,train
3321338,train
3321342,train
3321346,train
3321354,train
3321358,train
3321366,train
3321370,train
3321374,train
3321382,train
3321386,train
3321398,train
3321402,train
3321410,train
3321418,train
3321430,train
3321438,train
3321446,test
3321450,train
3321466,train
3321478,train
3321486,train
3321490,test
3321502,test
3321514,train
3321518,test
3321526,train
3321538,train
3321550,train
3321566,train
3321570,train
3321574,train
3321582,test
3321586,train
3321590,train
3321594,train
3321598,train
3321606,train
3321614,train
3321618,train
3321622,test
3321626,train
3321642,train
3321670,train
3321686,train
3321702,train
3321706,test
3321718,train
3321722,train
3321726,test
3321738,train
3321750,test
3321754,train
3321766,test
3321774,train
3321786,train
3321794,test
3321798,test
3321806,train
3321810,train
3321814,train
3321818,test
3321846,train
3321858,train
3321866,train
3321878,train
3321882,test
3321898,train
3321914,train
3321918,train
3321922,train
3321942,train
3321954,train
3321958,train
3321962,train
3321966,train
3321978,train
3321982,train
3321986,train
3322006,train
3322014,train
3322022,train
3322026,test
3322034,train
3322038,train
3322046,train
3322050,train
3322062,train
3322066,test
3322078,train
3322082,train
3322086,test
3322090,test
3322098,train
3322106,train
3322114,train
3322118,train
3322126,train
3322130,test
3322142,train
3322150,test
3322158,train
3322170,train
3322182,train
3322186,train
3322198,train
3322202,test
3322206,train
3322214,train
3322226,train
3322230,test
3322238,train
3322250,test
3322254,train
3322258,train
3322266,train
3322270,test
3322278,train
3322282,train
3322286,train
3322290,train
3322294,test
3322298,train
3322306,train
3322310,test
3322318,train
3322326,train
3322334,train
3322354,train
3322358,train
3322374,test
3322386,train
3322402,train
3322406,train
3322418,train
3322430,train
3322434,test
3322438,train
3322446,train
3322450,train
3322458,train
3322470,train
3322478,train
3322486,train
3322490,train
3322494,test
3322506,train
3322514,train
3322522,train
3322526,train
3322534,train
3322542,test
3322550,train
3322554,train
3322558,train
3322562,train
3322570,train
3322574,test
3322578,train
3322586,train
3322598,train
3322614,train
3322618,train
3322630,train
3322634,train
3322638,train
3322642,train
3322650,test
3322662,train
3322670,test
3322674,train
3322678,test
3322682,train
3322694,train
3322698,train
3322710,train
3322714,train
3322742,train
3322750,train
3322758,train
3322766,train
3322774,train
3322794,train
3322798,test
3322806,train
3322814,train
3322818,train
3322830,train
3322846,train
3322854,test
3322858,train
3322866,train
3322870,train
3322874,train
3322882,train
3322902,train
3322914,train
3322918,train
3322926,train
3322942,train
3322950,train
3322958,test
3322962,train
3322970,train
3322974,train
3322978,train
3322982,train
3322986,test
3322990,test
3323002,test
3323018,test
3323022,train
3323034,train
3323038,test
3323042,train
3323054,train
3323058,train
3323062,train
3323070,train
3323074,train
3323086,train
3323090,test
3323094,train
3323106,train
3323110,test
3323146,train
3323150,train
3323154,test
3323170,test
3323174,train
3323178,train
3323182,train
3323186,train
3323190,train
3323194,train
3323198,train
3323202,train
3323210,test
3323214,test
3323218,test
3323222,train
3323226,train
3323234,train
3323242,train
3323250,train
3323254,train
3323270,train
3323278,train
3323298,train
3323318,train
3323322,train
3323330,train
3323334,train
3323362,train
3323366,train
3323370,train
3323374,train
3323390,test
3323402,test
3323406,train
3323410,train
3323426,train
3323434,test
3323442,train
3323446,train
3323450,train
3323458,train
3323474,test
3323478,train
3323490,train
3323506,train
3323518,test
3323522,test
3323526,train
3323530,train
3323534,train
3323546,test
3323550,test
3323558,train
3323566,train
3323578,train
3323582,train
3323590,train
3323594,train
3323602,test
3323626,test
3323634,train
3323650,train
3323654,train
3323674,train
3323682,train
3323686,train
3323690,train
3323698,train
3323706,train
3323710,train
3323718,train
3323726,train
3323730,train
3323734,train
3323738,train
3323746,train
3323750,train
3323766,test
3323790,train
3323794,train
3323810,test
3323818,train
3323826,test
3323842,train
3323846,test
3323854,train
3323862,test
3323878,train
3323882,train
3323890,train
3323898,train
3323902,test
3323906,train
3323910,train
3323918,train
3323926,train
3323934,train
3323950,train
3323954,train
3323962,train
3323970,train
3323974,train
3323978,train
3323982,train
3324002,test
3324006,test
3324014,train
3324022,train
3324030,train
3324034,train
3324046,train
3324050,train
3324054,test
3324062,test
3324078,train
3324082,train
3324086,train
3324090,train
3324094,train
3324102,test
3324118,train
3324122,train
3324126,train
3324130,train
3324134,train
3324142,test
3324146,train
3324154,train
3324158,test
3324162,train
3324178,train
3324182,test
3324190,test
3324198,test
3324202,train
3324206,train
3324210,train
3324226,train
3324230,train
3324242,test
3324250,train
3324258,train
3324262,train
3324266,train
3324270,train
3324274,train
3324290,train
3324294,train
3324298,train
3324302,train
3324314,train
3324318,train
3324326,train
3324334,train
3324338,train
3324346,train
3324354,train
3324358,test
3324362,test
3324370,train
3324378,train
3324390,train
3324394,train
3324398,test
3324402,train
3324410,test
3324418,train
3324422,train
3324462,train
3324466,train
3324470,train
3324478,train
3324482,train
3324490,train
3324498,train
3324506,train
3324510,train
3324514,train
3324538,train
3324542,train
3324550,train
3324558,test
3324562,train
3324566,train
3324570,train
3324574,train
3324582,train
3324586,train
3324590,test
3324594,train
3324598,test
3324602,train
3324610,test
3324622,test
3324626,train
3324634,train
3324638,train
3324642,train
3324658,test
3324662,train
3324690,train
3324694,test
3324698,train
3324702,train
3324710,train
3324714,train
3324734,train
3324746,train
3324750,train
3324762,test
3324770,train
3324782,train
3324794,train
3324802,train
3324806,train
3324814,train
3324822,train
3324826,train
3324842,train
3324850,train
3324858,train
3324874,train
3324894,train
3324898,train
3324902,train
3324906,train
3324918,train
3324922,test
3324930,train
3324934,train
3324946,train
3324954,train
3324958,train
3324962,train
3324974,train
3324982,train
3324986,train
3324994,train
3325010,test
3325014,train
3325018,train
3325026,train
3325030,test
3325054,train
3325070,test
3325086,test
3325090,test
3325094,test
3325102,test
3325106,test
3325114,train
3325122,train
3325138,train
3325162,train
3325166,test
3325170,train
3325182,train
3325190,train
3325198,train
3325202,train
3325206,train
3325210,train
3325214,train
3325218,train
3325222,train
3325226,test
3325230,train
3325250,test
3325254,train
3325262,train
3325270,train
3325282,train
3325286,train
3325290,train
3325302,test
3325306,train
3325314,train
3325318,train
3325322,train
3325326,train
3325330,train
3325334,train
3325338,train
3325370,train
3325374,train
3325386,train
3325394,train
3325398,train
3325402,train
3325406,test
3325410,train
3325430,train
3325434,train
3325438,train
3325450,test
3325454,train
3325458,train
3325478,train
3325482,train
3325490,train
3325498,train
3325502,train
3325514,train
3325538,train
3325542,train
3325550,train
3325570,train
3325574,train
3325582,train
3325586,test
3325590,train
3325594,train
3325602,train
3325614,train
3325618,train
3325622,train
3325626,test
3325630,train
3325634,test
3325650,train
3325658,train
3325662,train
3325670,train
3325686,train
3325690,test
3325694,train
3325702,train
3325714,train
3325722,train
3325730,train
3325758,train
3325766,train
3325770,train
3325782,train
3325790,train
3325798,test
3325806,test
3325814,test
3325830,train
3325838,train
3325846,train
3325858,train
3325870,train
3325878,train
3325882,test
3325894,train
3325898,train
3325902,train
3325918,train
3325926,train
3325930,train
3325934,test
3325942,train
3325946,train
3325950,train
3325970,train
3325974,train
3325978,test
3325982,train
3325990,train
3326006,test
3326022,test
3326026,train
3326030,test
3326042,train
3326050,train
3326066,train
3326070,test
3326090,train
3326094,train
3326102,train
3326106,train
3326114,train
3326122,train
3326150,test
3326170,train
3326174,train
3326178,test
3326202,test
3326206,train
3326210,train
3326214,train
3326218,train
3326222,train
3326226,train
3326230,train
3326234,train
3326250,train
3326254,train
3326258,train
3326262,train
3326270,train
3326278,train
3326298,train
3326302,train
3326314,train
3326322,train
3326326,train
3326330,train
3326334,train
3326342,train
3326346,test
3326358,train
3326362,train
3326382,train
3326394,train
3326398,test
3326410,train
3326414,train
3326422,train
3326446,train
3326450,train
3326458,train
3326466,train
3326470,train
3326474,train
3326478,train
3326482,test
3326486,train
3326490,train
3326502,test
3326506,train
3326510,train
3326514,train
3326522,train
3326526,train
3326542,train
3326546,train
3326554,test
3326558,train
3326566,train
3326574,test
3326590,test
3326606,test
3326626,train
3326638,train
3326650,train
3326654,train
3326662,train
3326666,train
3326670,train
3326678,train
3326682,train
3326690,train
3326698,test
3326702,train
3326710,train
3326714,train
3326738,train
3326746,train
3326750,test
3326758,train
3326774,test
3326790,train
3326798,test
3326810,train
3326814,test
3326818,test
3326842,train
3326846,train
3326850,train
3326854,train
3326866,train
3326870,train
3326874,train
3326886,train
3326894,train
3326902,test
3326906,train
3326910,train
3326922,test
3326926,test
3326930,test
3326942,train
3326946,train
3326950,train
3326954,train
3326962,train
3326966,train
3326978,train
3326986,train
3326990,test
3326994,train
3326998,train
3327002,train
3327022,test
3327034,train
3327038,train
3327042,test
3327054,train
3327058,train
3327066,train
3327070,train
3327074,train
3327078,train
3327082,test
3327086,train
3327118,train
3327122,train
3327126,train
3327130,train
3327138,train
3327150,train
3327174,train
3327190,train
3327194,test
3327198,train
3327202,train
3327210,train
3327214,train
3327222,train
3327226,train
3327234,train
3327242,train
3327246,train
3327250,train
3327262,train
3327266,train
3327270,train
3327274,train
3327282,train
3327290,train
3327306,train
3327310,train
3327314,train
3327322,train
3327326,train
3327346,train
3327354,train
3327358,train
3327362,train
3327366,train
3327370,train
3327382,test
3327394,test
3327406,train
3327410,train
3327414,train
3327438,train
3327446,train
3327458,train
3327466,train
3327470,train
3327474,test
3327478,train
3327486,train
3327502,test
3327514,test
3327518,train
3327522,test
3327526,train
3327538,train
3327542,train
3327546,test
3327554,train
3327558,train
3327562,train
3327566,train
3327570,train
3327574,train
3327578,train
3327590,train
3327594,train
3327598,train
3327606,train
3327618,train
3327622,train
3327638,train
3327642,train
3327650,train
3327658,train
3327666,test
3327670,train
3327674,train
3327678,test
3327686,train
3327690,train
3327698,train
3327702,train
3327710,train
3327714,train
3327718,test
3327726,train
3327746,train
3327754,train
3327770,train
3327786,test
3327790,train
3327794,train
3327798,train
3327802,train
3327806,train
3327810,train
3327814,train
3327822,train
3327830,train
3327834,test
3327838,train
3327842,train
3327846,test
3327858,train
3327862,train
3327870,train
3327874,train
3327878,train
3327886,train
3327890,train
3327894,train
3327898,train
3327902,train
3327910,train
3327914,train
3327926,train
3327934,train
3327938,train
3327954,train
3327962,train
3327966,train
3327970,train
3327974,train
3327978,train
3327982,train
3327986,train
3327998,test
3328002,train
3328014,train
3328030,test
3328038,train
3328042,train
3328046,train
3328050,test
3328054,train
3328058,train
3328074,train
3328086,train
3328090,test
3328098,train
3328106,train
3328118,train
3328122,train
3328126,train
3328134,test
3328138,train
3328142,test
3328154,train
3328158,train
3328162,train
3328166,train
3328170,train
3328174,train
3328178,train
3328186,train
3328190,train
3328202,test
3328214,train
3328218,train
3328222,test
3328226,train
3328234,train
3328258,test
3328262,test
3328266,train
3328270,train
3328274,train
3328278,train
3328282,train
3328286,train
3328290,train
3328298,test
3328302,test
3328314,train
3328318,train
3328322,train
3328334,train
3328338,train
3328346,test
3328354,train
3328358,train
3328378,train
3328382,train
3328386,test
3328390,train
3328398,train
3328406,train
3328418,train
3328422,train
3328426,train
3328434,train
3328438,train
3328454,train
3328458,test
3328462,train
3328466,train
3328470,train
3328490,test
3328494,train
3328514,test
3328518,train
3328530,train
3328534,train
3328546,test
3328550,train
3328558,train
3328562,train
3328570,train
3328574,train
3328578,test
3328582,train
3328594,train
3328598,train
3328602,test
3328606,train
3328614,test
3328634,train
3328638,train
3328642,train
3328646,train
3328658,train
3328662,train
3328666,train
3328682,test
3328690,train
3328694,train
3328702,train
3328706,train
3328710,train
3328714,train
3328722,train
3328726,train
3328730,train
3328738,train
3328750,train
3328754,train
3328758,train
3328766,train
3328770,test
3328774,test
3328778,train
3328794,train
3328802,train
3328806,train
3328810,train
3328818,train
3328826,test
3328850,train
3328886,test
3328894,train
3328918,train
3328926,train
3328930,test
3328934,train
3328938,test
3328942,train
3328946,train
3328958,train
3328978,train
3328982,test
3328986,train
3328998,train
3329014,train
3329026,train
3329038,train
3329042,train
3329050,train
3329054,test
3329058,train
3329062,train
3329066,test
3329070,train
3329086,train
3329090,train
3329094,train
3329102,train
3329106,train
3329110,train
3329126,test
3329130,test
3329138,train
3329154,train
3329162,test
3329166,train
3329178,test
3329186,train
3329198,train
3329206,train
3329214,train
3329226,test
3329230,train
3329246,train
3329250,train
3329254,train
3329262,train
3329270,train
3329274,test
3329278,train
3329282,train
3329286,train
3329294,test
3329298,train
3329302,train
3329358,train
3329382,train
3329398,train
3329402,train
3329414,train
3329418,test
3329426,train
3329430,train
3329434,test
3329438,test
3329446,train
3329450,train
3329458,train
3329462,train
3329482,train
3329486,test
3329490,train
3329498,train
3329506,train
3329510,train
3329514,train
3329518,train
3329526,train
3329546,test
3329558,test
3329562,train
3329570,train
3329574,test
3329598,train
3329602,test
3329606,train
3329610,test
3329614,train
3329622,test
3329626,train
3329642,test
3329654,test
3329670,train
3329678,test
3329682,train
3329694,train
3329702,train
3329714,train
3329718,train
3329726,test
3329730,train
3329734,train
3329746,test
3329762,train
3329774,train
3329786,train
3329790,train
3329794,train
3329798,test
3329802,test
3329810,train
3329814,test
3329818,train
3329826,train
3329834,train
3329838,train
3329846,train
3329850,test
3329854,train
3329874,test
3329890,train
3329906,train
3329914,test
3329918,train
3329926,test
3329930,train
3329934,train
3329938,train
3329942,train
3329946,test
3329954,train
3329962,test
3329978,train
3329982,train
3330010,train
3330014,train
3330018,train
3330030,train
3330034,train
3330042,test
3330050,train
3330054,train
3330070,train
3330078,train
3330082,train
3330102,train
3330106,train
3330110,train
3330130,train
3330134,train
3330138,train
3330142,train
3330146,train
3330154,train
3330166,train
3330174,train
3330178,train
3330186,train
3330190,train
3330198,test
3330202,train
3330210,train
3330222,train
3330226,train
3330234,train
3330238,train
3330258,train
3330270,train
3330274,train
3330290,train
3330294,train
3330298,train
3330310,train
3330322,train
3330326,train
3330330,test
3330334,train
3330338,test
3330342,train
3330346,train
3330358,train
3330374,train
3330378,train
3330382,test
3330386,train
3330394,test
3330398,test
3330406,test
3330414,test
3330434,test
3330438,train
3330442,test
3330450,train
3330454,train
3330458,train
3330462,test
3330474,train
3330478,test
3330494,test
3330498,train
3330514,train
3330522,train
3330530,train
3330542,test
3330546,test
3330562,train
3330570,train
3330578,train
3330582,train
3330586,train
3330602,train
3330610,train
3330618,train
3330622,train
3330634,train
3330638,train
3330650,train
3330658,train
3330674,test
3330678,train
3330682,test
3330686,test
3330690,train
3330710,train
3330714,test
3330718,test
3330722,train
3330730,train
3330734,train
3330742,test
3330746,train
3330750,train
3330754,test
3330758,train
3330774,train
3330778,train
3330790,train
3330798,train
3330802,train
3330806,train
3330810,train
3330818,train
3330822,test
3330834,test
3330838,train
3330842,train
3330850,train
3330854,train
3330858,train
3330874,test
3330878,train
3330882,train
3330886,test
3330890,train
3330894,train
3330898,train
3330902,train
3330914,train
3330934,test
3330954,train
3330966,train
3330974,train
3330978,train
3330982,test
3330986,train
3330990,train
3330998,train
3331002,train
3331010,train
3331014,train
3331026,train
3331038,train
3331042,train
3331054,train
3331090,train
3331094,train
3331106,train
3331118,train
3331126,train
3331130,train
3331134,train
3331138,train
3331142,train
3331146,test
3331154,train
3331158,train
3331174,train
3331190,train
3331194,train
3331202,train
3331206,test
3331218,test
3331222,train
3331226,train
3331238,train
3331246,train
3331250,train
3331254,train
3331258,train
3331262,train
3331266,train
3331270,test
3331274,train
3331282,train
3331286,train
3331294,train
3331298,train
3331306,train
3331318,train
3331326,train
3331330,train
3331338,train
3331342,test
3331350,train
3331362,train
3331370,test
3331374,test
3331378,test
3331382,train
3331386,train
3331390,train
3331418,train
3331422,train
3331426,train
3331442,train
3331446,train
3331450,train
3331458,train
3331462,train
3331466,train
3331474,train
3331478,train
3331482,train
3331486,train
3331490,test
3331494,test
3331498,train
3331506,train
3331518,train
3331522,test
3331526,test
3331538,train
3331542,train
3331550,test
3331554,train
3331558,train
3331578,train
3331586,test
3331594,train
3331602,test
3331610,train
3331618,train
3331630,train
3331638,train
3331646,test
3331658,train
3331662,test
3331670,train
3331674,train
3331686,train
3331694,train
3331698,train
3331706,train
3331710,train
3331714,test
3331722,train
3331726,test
3331730,train
3331734,train
3331746,train
3331754,test
3331762,test
3331766,test
3331782,train
3331790,train
3331798,test
3331806,train
3331814,train
3331822,train
3331826,train
3331842,train
3331846,test
3331850,train
3331862,train
3331866,test
3331874,train
3331878,train
3331882,train
3331886,test
3331890,train
3331902,train
3331910,train
3331918,train
3331934,train
3331938,train
3331942,train
3331954,train
3331958,train
3331974,test
3331982,train
3331986,train
3331990,train
3332006,train
3332010,test
3332014,train
3332018,train
3332038,train
3332042,train
3332046,test
3332050,train
3332054,train
3332082,train
3332086,train
3332090,train
3332094,train
3332102,train
3332114,train
3332118,train
3332130,train
3332134,train
3332142,train
3332146,train
3332162,train
3332174,train
3332182,train
3332186,train
3332194,test
3332202,train
3332210,train
3332214,train
3332218,train
3332222,test
3332234,train
3332246,test
3332258,test
3332262,train
3332266,train
3332270,test
3332282,train
3332294,train
3332298,train
3332306,train
3332310,train
3332314,train
3332322,train
3332330,train
3332334,train
3332342,test
3332346,train
3332362,train
3332366,train
3332374,test
3332386,train
3332390,test
3332398,train
3332402,train
3332406,train
3332410,train
3332414,train
3332422,train
3332426,test
3332438,test
3332446,train
3332450,train
3332454,train
3332462,train
3332474,test
3332482,train
3332486,train
3332498,train
3332502,test
3332514,train
3332522,train
3332530,test
3332538,test
3332542,train
3332546,train
3332554,train
3332562,train
3332570,train
3332578,train
3332582,train
3332586,train
3332590,train
3332614,train
3332618,train
3332622,train
3332630,train
3332634,train
3332638,train
3332642,train
3332646,train
3332650,train
3332658,train
3332662,train
3332686,train
3332690,train
3332698,test
3332706,train
3332710,train
3332714,train
3332718,train
3332726,train
3332738,train
3332746,test
3332750,train
3332758,test
3332762,train
3332766,train
3332782,train
3332798,train
3332810,test
3332814,train
3332826,train
3332838,train
3332842,test
3332850,train
3332854,train
3332858,train
3332862,train
3332866,train
3332878,train
3332882,test
3332890,train
3332894,train
3332898,test
3332906,train
3332914,train
3332922,test
3332930,train
3332934,test
3332950,train
3332978,test
3332982,train
3332994,train
3333014,train
3333018,test
3333022,train
3333026,train
3333030,train
3333038,test
3333042,train
3333046,test
3333054,test
3333066,train
3333078,train
3333082,train
3333090,train
3333098,train
3333102,train
3333106,train
3333110,train
3333118,train
3333122,train
3333126,train
3333130,train
3333142,train
3333146,train
3333150,train
3333154,train
3333170,test
3333174,train
3333202,test
3333214,train
3333222,test
3333226,train
3333230,train
3333234,train
3333238,test
3333250,train
3333258,test
3333262,train
3333266,test
3333282,train
3333310,test
3333314,test
3333318,train
3333322,train
3333326,train
3333342,test
3333350,train
3333354,test
3333362,test
3333370,test
3333374,train
3333378,train
3333382,train
3333386,train
3333394,test
3333398,train
3333402,train
3333406,train
3333422,train
3333430,test
3333442,train
3333450,train
3333454,train
3333458,train
3333462,train
3333478,train
3333494,train
3333498,train
3333502,train
3333510,train
3333518,train
3333534,train
3333538,train
3333542,train
3333558,train
3333570,train
3333574,train
3333578,train
3333598,train
3333602,train
3333630,test
3333642,train
3333654,train
3333662,test
3333666,train
3333670,train
3333674,train
3333678,train
3333690,train
3333698,test
3333706,test
3333718,train
3333730,test
3333734,test
3333742,train
3333746,test
3333750,train
3333754,train
3333770,test
3333774,train
3333778,train
3333790,test
3333810,train
3333818,train
3333822,test
3333826,train
3333830,train
3333834,train
3333838,train
3333850,train
3333854,test
3333858,test
3333862,train
3333870,train
3333874,train
3333878,train
3333882,train
3333894,train
3333898,train
3333902,train
3333910,train
3333914,train
3333922,test
3333930,train
3333934,train
3333942,train
3333946,train
3333950,train
3333958,train
3333962,test
3333974,train
3333978,train
3333982,train
3333986,train
3333990,train
3333998,train
3334010,train
3334018,train
3334022,train
3334030,train
3334038,test
3334050,train
3334054,test
3334062,train
3334078,test
3334082,test
3334094,train
3334098,test
3334102,train
3334106,train
3334110,train
3334114,train
3334126,train
3334146,train
3334150,train
3334162,test
3334166,train
3334170,train
3334186,train
3334190,train
3334198,train
3334206,train
3334210,train
3334214,train
3334218,test
3334222,train
3334226,train
3334230,train
3334254,train
3334262,train
3334270,train
3334274,test
3334282,train
3334286,train
3334294,train
3334298,test
3334306,train
3334310,train
3334326,test
3334330,test
3334334,train
3334338,train
3334346,train
3334350,train
3334358,train
3334362,test
3334366,train
3334370,train
3334378,train
3334382,train
3334390,train
3334394,train
3334402,train
3334406,train
3334410,test
3334414,train
3334430,train
3334438,train
3334442,train
3334454,train
3334462,train
3334474,train
3334486,train
3334490,test
3334494,train
3334502,train
3334506,train
3334510,train
3334514,train
3334530,train
3334538,train
3334542,train
3334546,test
3334554,train
3334558,train
3334562,train
3334574,train
3334590,train
3334606,test
3334630,train
3334634,train
3334642,train
3334654,train
3334662,train
3334666,test
3334674,train
3334682,train
3334690,train
3334694,train
3334698,train
3334710,train
3334714,train
3334722,test
3334726,train
3334734,train
3334738,train
3334742,train
3334746,train
3334750,train
3334758,test
3334762,train
3334770,test
3334774,train
3334782,train
3334786,test
3334790,test
3334814,train
3334818,train
3334830,train
3334834,train
3334842,train
3334854,test
3334862,train
3334866,train
3334874,train
3334878,train
3334882,train
3334886,train
3334890,test
3334898,test
3334910,train
3334914,train
3334922,train
3334930,train
3334934,test
3334938,train
3334942,test
3334950,train
3334954,train
3334958,train
3334962,train
3334966,train
3334994,train
3334998,test
3335002,train
3335014,train
3335018,test
3335042,test
3335046,train
3335054,train
3335058,train
3335062,train
3335066,train
3335070,train
3335074,train
3335078,train
3335086,train
3335118,train
3335122,train
3335130,test
3335134,train
3335138,test
3335142,train
3335150,train
3335154,train
3335162,train
3335166,train
3335178,test
3335190,train
3335194,train
3335198,train
3335202,test
3335206,train
3335222,train
3335238,test
3335250,train
3335254,test
3335262,train
3335266,test
3335274,train
3335282,test
3335286,train
3335294,train
3335298,train
3335306,train
3335314,train
3335326,train
3335330,test
3335342,train
3335346,test
3335350,test
3335354,train
3335370,train
3335374,test
3335386,test
3335390,train
3335394,train
3335398,train
3335422,train
3335430,test
3335434,train
3335438,train
3335442,test
3335450,train
3335454,train
3335458,test
3335474,test
3335478,train
3335486,train
3335490,train
3335494,test
3335510,test
3335514,train
3335522,train
3335534,train
3335542,train
3335546,train
3335554,train
3335558,test
3335566,train
3335574,test
3335578,train
3335582,test
3335586,train
3335590,train
3335598,train
3335606,train
3335610,train
3335622,test
3335626,train
3335634,test
3335638,train
3335650,train
3335654,test
3335666,train
3335674,train
3335678,train
3335682,test
3335686,train
3335698,train
3335706,test
3335710,train
3335718,train
3335726,train
3335742,test
3335750,test
3335758,train
3335762,train
3335778,train
3335786,train
3335790,test
3335794,train
3335798,test
3335814,train
3335834,train
3335842,train
3335850,train
3335854,train
3335874,train
3335882,train
3335890,train
3335898,train
3335902,train
3335906,train
3335910,test
3335926,train
3335934,train
3335938,train
3335946,train
3335950,train
3335954,train
3335962,train
3335966,train
3335982,train
3335990,train
3335994,train
3335998,train
3336002,test
3336026,train
3336030,test
3336034,test
3336038,train
3336058,test
3336062,test
3336066,train
3336070,test
3336074,test
3336090,test
3336094,train
3336106,train
3336110,train
3336122,train
3336130,train
3336134,train
3336142,train
3336146,train
3336150,train
3336154,train
3336158,train
3336162,train
3336166,train
3336170,train
3336178,train
3336186,train
3336190,train
3336198,train
3336202,train
3336230,train
3336234,train
3336246,train
3336254,test
3336258,train
3336274,train
3336278,train
3336282,train
3336286,test
3336290,train
3336298,train
3336310,train
3336314,train
3336318,test
3336326,train
3336334,train
3336338,train
3336342,train
3336346,train
3336350,train
3336358,train
3336362,train
3336366,train
3336374,train
3336378,train
3336382,train
3336386,test
3336390,train
3336402,train
3336406,train
3336410,train
3336414,train
3336418,train
3336422,train
3336426,train
3336430,test
3336442,train
3336454,train
3336482,train
3336486,train
3336490,train
3336494,train
3336506,train
3336510,test
3336514,test
3336530,train
3336546,test
3336566,test
3336578,test
3336594,test
3336598,train
3336622,test
3336630,train
3336634,test
3336638,train
3336642,test
3336654,train
3336658,test
3336670,train
3336678,train
3336682,train
3336698,test
3336702,train
3336706,train
3336710,train
3336714,test
3336726,train
3336730,train
3336734,train
3336746,train
3336750,train
3336754,train
3336762,train
3336770,train
3336774,train
3336786,train
3336790,train
3336806,test
3336810,test
3336818,train
3336822,train
3336826,train
3336830,train
3336838,train
3336846,train
3336854,train
3336858,train
3336866,train
3336874,train
3336878,test
3336890,train
3336894,train
3336902,train
3336906,train
3336918,train
3336922,train
3336926,train
3336930,train
3336950,train
3336954,train
3336962,test
3336966,train
3336974,train
3336978,train
3336982,train
3336986,train
3336990,train
3336994,test
3336998,train
3337006,train
3337014,train
3337022,train
3337030,train
3337034,train
3337038,train
3337042,train
3337046,train
3337050,train
3337054,train
3337058,train
3337074,train
3337082,train
3337086,train
3337094,test
3337098,train
3337114,train
3337118,train
3337126,train
3337130,test
3337134,test
3337138,test
3337142,train
3337146,train
3337150,train
3337154,train
3337158,test
3337162,train
3337166,train
3337170,train
3337178,train
3337182,train
3337190,train
3337202,train
3337206,test
3337234,train
3337242,train
3337254,train
3337258,train
3337262,train
3337278,train
3337282,train
3337286,train
3337306,train
3337310,test
3337314,train
3337334,test
3337350,train
3337354,train
3337358,train
3337366,test
3337370,test
3337378,train
3337382,train
3337394,train
3337402,test
3337406,train
3337410,test
3337434,test
3337438,train
3337446,train
3337454,train
3337462,test
3337466,train
3337474,train
3337482,train
3337486,train
3337490,train
3337494,train
3337502,train
3337514,train
3337522,train
3337526,test
3337530,train
3337534,train
3337538,train
3337550,train
3337562,test
3337566,train
3337570,train
3337590,train
3337602,test
3337606,train
3337610,test
3337614,train
3337626,train
3337634,train
3337638,test
3337642,train
3337646,test
3337658,train
3337662,test
3337670,test
3337678,train
3337682,train
3337686,train
3337690,test
3337694,train
3337706,train
3337710,train
3337718,test
3337722,train
3337726,train
3337734,train
3337738,train
3337758,train
3337766,train
3337774,train
3337778,train
3337798,train
3337810,train
3337814,test
3337826,train
3337830,train
3337834,test
3337842,train
3337846,train
3337850,train
3337854,train
3337858,train
3337870,train
3337882,train
3337886,test
3337890,train
3337894,train
3337898,train
3337910,test
3337918,train
3337922,train
3337930,train
3337950,train
3337954,train
3337966,train
3337970,train
3337974,train
3337982,train
3337986,test
3337990,train
3337998,test
3338002,test
3338010,train
3338018,train
3338026,train
3338030,train
3338034,train
3338038,train
3338042,train
3338046,train
3338058,train
3338062,train
3338066,train
3338070,train
3338090,train
3338114,test
3338118,train
3338126,train
3338138,test
3338146,test
3338154,train
3338158,test
3338162,train
3338166,train
3338174,train
3338178,train
3338194,train
3338198,train
3338202,train
3338206,train
3338218,train
3338222,train
3338226,train
3338238,train
3338242,train
3338246,train
3338250,train
3338274,train
3338278,train
3338286,train
3338290,train
3338306,train
3338310,train
3338314,train
3338326,train
3338330,train
3338334,train
3338338,train
3338342,test
3338366,train
3338374,train
3338394,train
3338398,train
3338402,test
3338414,train
3338422,train
3338426,train
3338430,train
3338450,test
3338458,train
3338462,train
3338466,train
3338470,train
3338478,train
3338482,train
3338486,train
3338494,test
3338506,train
3338510,train
3338518,train
3338546,train
3338554,test
3338562,train
3338570,train
3338578,train
3338582,train
3338586,train
3338598,train
3338602,train
3338610,train
3338614,train
3338618,test
3338630,train
3338646,train
3338650,train
3338670,train
3338678,test
3338694,train
3338706,train
3338710,test
3338714,train
3338718,train
3338726,train
3338730,test
3338738,train
3338746,train
3338758,train
3338762,train
3338766,train
3338770,train
3338774,train
3338778,train
3338782,train
3338786,test
3338802,train
3338810,train
3338818,train
3338830,train
3338834,train
3338838,train
3338842,train
3338850,train
3338862,train
3338866,train
3338870,train
3338874,train
3338886,test
3338890,test
3338898,train
3338902,train
3338906,train
3338910,train
3338914,train
3338918,train
3338922,train
3338930,test
3338938,train
3338942,train
3338946,train
3338954,train
3338970,test
3338978,train
3338990,train
3338998,train
3339002,train
3339006,train
3339010,train
3339014,train
3339026,train
3339030,train
3339038,train
3339058,train
3339062,train
3339070,train
3339074,test
3339086,test
3339094,train
3339098,train
3339102,train
3339110,train
3339114,train
3339118,train
3339122,train
3339162,train
3339166,test
3339178,train
3339182,train
3339198,train
3339202,train
3339206,train
3339210,train
3339214,train
3339218,train
3339230,train
3339234,train
3339242,test
3339246,train
3339254,train
3339258,train
3339262,train
3339266,train
3339274,train
3339282,test
3339294,train
3339298,test
3339306,train
3339326,train
3339334,train
3339338,train
3339346,train
3339354,train
3339358,train
3339362,train
3339366,train
3339370,test
3339374,train
3339382,train
3339390,train
3339398,test
3339406,train
3339410,test
3339414,test
3339426,test
3339434,train
3339446,train
3339450,train
3339454,train
3339458,train
3339462,train
3339474,train
3339482,train
3339494,train
3339498,train
3339502,train
3339510,test
3339526,train
3339530,train
3339534,train
3339542,test
3339550,train
3339562,train
3339578,train
3339586,train
3339590,test
3339594,train
3339606,train
3339614,train
3339618,train
3339626,train
3339634,train
3339642,train
3339650,train
3339658,train
3339662,train
3339670,train
3339678,train
3339682,test
3339686,test
3339690,train
3339694,train
3339698,train
3339706,train
3339710,test
3339718,train
3339726,train
3339730,train
3339734,test
3339738,train
3339746,test
3339750,train
3339762,train
3339778,train
3339782,train
3339790,train
3339794,test
3339802,train
3339810,train
3339814,train
3339822,train
3339834,test
3339838,test
3339846,train
3339858,train
3339862,train
3339878,test
3339886,train
3339890,train
3339902,train
3339906,train
3339910,train
3339914,train
3339918,train
3339922,train
3339930,test
3339934,train
3339938,train
3339942,train
3339950,train
3339958,train
3339962,train
3339966,test
3339978,train
3339986,test
3339994,test
3340006,test
3340010,train
3340018,train
3340046,train
3340050,train
3340054,train
3340058,train
3340066,test
3340074,train
3340082,test
3340090,test
3340098,train
3340102,test
3340110,train
3340118,train
3340126,train
3340130,train
3340138,train
3340142,train
3340150,train
3340154,train
3340158,train
3340162,train
3340170,train
3340178,train
3340186,test
3340210,train
3340234,test
3340238,test
3340246,train
3340250,train
3340254,train
3340258,train
3340266,train
3340282,train
3340298,train
3340302,test
3340306,train
3340310,train
3340314,train
3340322,train
3340334,train
3340338,train
3340342,train
3340346,test
3340350,train
3340354,train
3340366,train
3340378,train
3340382,train
3340386,train
3340390,train
3340394,train
3340406,test
3340410,train
3340414,train
3340422,train
3340430,train
3340434,train
3340446,train
3340450,train
3340454,train
3340458,train
3340462,train
3340466,train
3340470,train
3340474,train
3340494,train
3340498,train
3340506,train
3340510,train
3340514,test
3340526,train
3340530,train
3340538,train
3340542,train
3340554,test
3340558,train
3340566,train
3340570,train
3340574,train
3340578,train
3340582,test
3340586,test
3340590,train
3340594,train
3340606,train
3340618,train
3340630,train
3340634,train
3340642,train
3340658,train
3340662,train
3340666,train
3340682,test
3340686,train
3340690,train
3340698,train
3340706,test
3340714,train
3340718,train
3340722,train
3340726,test
3340754,train
3340762,train
3340774,test
3340782,train
3340798,train
3340806,train
3340810,train
3340814,test
3340818,train
3340826,test
3340838,test
3340846,train
3340862,train
3340866,train
3340870,train
3340878,train
3340882,train
3340890,train
3340894,train
3340910,train
3340914,test
3340926,train
3340934,train
3340946,test
3340958,train
3340966,test
3340974,train
3340978,train
3340982,train
3340986,train
3340990,train
3341002,train
3341006,train
3341010,test
3341026,train
3341034,train
3341058,train
3341062,test
3341070,test
3341082,test
3341086,train
3341094,train
3341106,test
3341110,train
3341134,train
3341142,train
3341146,test
3341154,train
3341158,test
3341162,train
3341170,train
3341182,train
3341186,train
3341190,train
3341194,train
3341198,train
3341202,test
3341210,test
3341214,train
3341218,train
3341222,train
3341234,train
3341250,train
3341254,train
3341258,train
3341262,test
3341266,train
3341270,train
3341274,train
3341282,train
3341294,train
3341302,test
3341306,train
3341310,train
3341322,train
3341326,train
3341330,train
3341334,test
3341342,test
3341346,test
3341350,train
3341358,train
3341370,train
3341374,train
3341382,train
3341386,train
3341430,train
3341442,train
3341450,test
3341466,train
3341470,test
3341486,train
3341490,train
3341502,train
3341510,test
3341530,test
3341538,train
3341546,test
3341554,train
3341562,train
3341566,train
3341570,train
3341574,train
3341578,train
3341586,train
3341590,train
3341598,train
3341602,train
3341606,train
3341626,train
3341630,test
3341642,train
3341650,train
3341654,test
3341658,train
3341662,train
3341670,train
3341682,test
3341686,train
3341694,train
3341706,test
3341710,train
3341714,test
3341722,test
3341726,train
3341730,train
3341742,train
3341762,train
3341770,train
3341774,train
3341778,train
3341782,train
3341786,test
3341790,train
3341794,train
3341806,train
3341810,train
3341818,train
3341826,train
3341830,train
3341834,test
3341838,test
3341842,train
3341854,test
3341858,train
3341862,train
3341866,train
3341874,train
3341878,train
3341886,train
3341890,test
3341898,train
3341902,test
3341918,train
3341922,train
3341926,train
3341942,train
3341946,train
3341950,test
3341954,train
3341958,train
3341962,train
3341966,train
3341970,train
3341986,train
3341990,test
3341994,test
3341998,train
3342002,test
3342006,train
3342018,train
3342026,train
3342046,train
3342050,train
3342058,train
3342066,train
3342070,train
3342078,test
3342082,test
3342086,train
3342090,train
3342094,train
3342098,test
3342106,train
3342110,train
3342122,train
3342126,test
3342130,test
3342134,train
3342142,test
3342150,train
3342154,train
3342162,train
3342166,train
3342170,test
3342174,train
3342198,train
3342206,test
3342210,train
3342214,test
3342218,train
3342222,train
3342226,train
3342230,test
3342238,train
3342246,train
3342254,train
3342258,test
3342262,train
3342266,train
3342270,train
3342274,train
3342278,train
3342282,train
3342318,train
3342326,train
3342338,train
3342342,train
3342354,train
3342358,train
3342362,train
3342366,train
3342370,train
3342382,train
3342386,train
3342390,train
3342398,train
3342422,train
3342426,train
3342430,train
3342438,train
3342442,train
3342446,train
3342454,train
3342474,test
3342478,train
3342482,train
3342486,train
3342490,train
3342494,train
3342498,train
3342502,train
3342510,train
3342518,test
3342526,train
3342530,train
3342538,train
3342546,train
3342550,train
3342554,test
3342558,train
3342562,test
3342566,test
3342570,test
3342574,train
3342582,train
3342590,train
3342598,train
3342602,train
3342610,train
3342630,train
3342634,test
3342638,train
3342642,train
3342646,test
3342658,train
3342670,test
3342674,train
3342690,train
3342698,train
3342702,train
3342714,train
3342718,test
3342734,train
3342750,train
3342754,train
3342758,train
3342762,train
3342778,train
3342782,train
3342786,test
3342790,train
3342794,train
3342802,train
3342806,train
3342810,test
3342814,train
3342818,train
3342822,train
3342834,train
3342838,train
3342846,train
3342862,test
3342866,train
3342874,train
3342878,train
3342882,test
3342886,train
3342894,train
3342898,train
3342906,train
3342914,train
3342918,train
3342930,train
3342938,train
3342942,test
3342946,test
3342950,train
3342966,train
3342970,test
3342978,test
3342982,train
3342986,train
3342990,test
3342994,train
3342998,test
3343002,train
3343014,train
3343018,train
3343022,train
3343026,train
3343038,test
3343042,train
3343046,train
3343050,test
3343062,train
3343070,train
3343074,train
3343078,train
3343082,train
3343086,train
3343090,train
3343094,train
3343102,train
3343130,train
3343138,train
3343146,train
3343162,test
3343166,train
3343170,test
3343174,train
3343182,test
3343186,train
3343190,test
3343198,train
3343202,train
3343206,test
3343210,test
3343214,train
3343218,train
3343230,test
3343238,train
3343246,train
3343254,test
3343262,train
3343274,train
3343278,train
3343290,train
3343306,train
3343310,train
3343314,train
3343318,train
3343322,train
3343334,train
3343350,train
3343358,train
3343366,test
3343370,train
3343374,test
3343390,train
3343394,train
3343398,train
3343402,test
3343406,train
3343410,train
3343422,train
3343426,train
3343430,train
3343458,train
3343470,train
3343486,train
3343490,test
3343494,train
3343498,train
3343502,train
3343510,train
3343514,train
3343546,test
3343550,train
3343554,test
3343562,train
3343570,train
3343574,train
3343578,train
3343586,train
3343598,train
3343610,train
3343614,train
3343618,train
3343622,train
3343630,train
3343634,train
3343642,train
3343650,train
3343682,train
3343686,train
3343690,train
3343694,train
3343710,test
3343714,train
3343730,train
3343734,train
3343742,train
3343762,train
3343770,test
3343774,train
3343778,train
3343782,train
3343794,train
3343798,train
3343814,train
3343818,train
3343822,train
3343826,train
3343830,train
3343834,train
3343838,train
3343850,train
3343854,train
3343858,train
3343862,train
3343866,train
3343870,test
3343874,train
3343878,train
3343882,test
3343890,train
3343894,train
3343902,train
3343906,train
3343910,train
3343922,train
3343926,test
3343934,test
3343942,train
3343950,train
3343958,test
3343966,train
3343974,train
3343982,train
3343994,train
3344002,test
3344010,test
3344026,test
3344030,test
3344034,train
3344038,train
3344042,test
3344054,train
3344062,train
3344066,train
3344070,test
3344074,train
3344078,test
3344082,train
3344086,train
3344090,train
3344102,train
3344106,test
3344114,train
3344130,train
3344146,train
3344150,test
3344158,train
3344170,train
3344186,train
3344190,train
3344198,train
3344202,train
3344206,train
3344218,test
3344222,train
3344230,train
3344234,test
3344246,train
3344258,test
3344262,train
3344274,train
3344282,train
3344290,train
3344298,train
3344302,train
3344314,train
3344318,train
3344322,test
3344326,test
3344330,train
3344346,train
3344350,test
3344354,train
3344358,train
3344362,train
3344366,train
3344378,train
3344390,train
3344398,train
3344410,train
3344414,train
3344422,train
3344426,test
3344434,train
3344438,test
3344446,test
3344450,train
3344454,train
3344466,train
3344470,train
3344474,train
3344478,train
3344482,test
3344494,train
3344498,train
3344506,train
3344518,train
3344526,train
3344542,train
3344570,train
3344574,train
3344578,train
3344590,test
3344598,train
3344606,test
3344610,train
3344618,train
3344638,train
3344642,train
3344654,train
3344658,train
3344662,train
3344666,train
3344670,train
3344674,train
3344686,train
3344706,train
3344714,train
3344722,train
3344726,train
3344730,train
3344738,train
3344742,train
3344746,train
3344754,train
3344758,train
3344762,train
3344766,train
3344774,train
3344778,test
3344782,train
3344786,train
3344790,train
3344794,train
3344798,train
3344802,train
3344806,train
3344810,train
3344814,test
3344830,train
3344834,test
3344838,train
3344842,train
3344850,test
3344858,train
3344862,train
3344866,train
3344878,train
3344882,train
3344898,train
3344906,train
3344910,train
3344914,test
3344922,test
3344938,train
3344942,train
3344962,train
3344974,train
3344978,train
3344982,train
3344986,train
3344990,train
3344994,train
3344998,train
3345002,train
3345006,train
3345010,train
3345014,train
3345026,train
3345030,train
3345034,train
3345050,test
3345062,train
3345070,train
3345074,train
3345078,train
3345082,train
3345090,train
3345098,train
3345102,train
3345106,train
3345110,train
3345114,train
3345122,train
3345130,train
3345138,test
3345146,train
3345154,test
3345166,test
3345174,train
3345178,train
3345190,train
3345206,train
3345210,train
3345222,train
3345226,train
3345234,test
3345238,train
3345242,train
3345246,train
3345254,train
3345258,train
3345266,test
3345290,test
3345298,train
3345302,train
3345306,train
3345314,train
3345318,train
3345330,train
3345334,train
3345338,train
3345354,train
3345358,train
3345370,train
3345378,train
3345382,train
3345390,train
3345402,train
3345410,train
3345418,train
3345422,train
3345430,train
3345450,train
3345458,train
3345474,train
3345482,train
3345490,train
3345494,train
3345498,test
3345502,train
3345506,train
3345514,test
3345522,test
3345526,train
3345530,train
3345534,train
3345538,train
3345542,train
3345550,train
3345554,train
3345562,train
3345570,train
3345574,train
3345586,train
3345590,train
3345594,train
3345598,train
3345602,train
3345606,train
3345610,test
3345614,test
3345618,train
3345626,train
3345654,train
3345674,train
3345682,test
3345698,train
3345710,train
3345714,train
3345722,train
3345730,train
3345734,train
3345738,train
3345750,train
3345758,train
3345762,train
3345766,train
3345774,train
3345778,train
3345782,train
3345790,train
3345794,train
3345798,train
3345802,train
3345810,train
3345814,test
3345818,train
3345822,train
3345830,train
3345838,train
3345842,train
3345846,train
3345850,train
3345854,train
3345862,train
3345866,train
3345874,train
3345882,train
3345886,train
3345894,train
3345898,train
3345902,train
3345906,train
3345922,train
3345926,test
3345930,test
3345934,train
3345938,train
3345942,train
3345954,test
3345958,train
3345966,train
3345970,train
3345986,train
3345990,train
3345994,train
3345998,test
3346002,train
3346006,train
3346018,train
3346022,train
3346030,train
3346038,test
3346050,train
3346058,test
3346062,train
3346066,train
3346070,train
3346078,train
3346082,train
3346086,train
3346090,train
3346094,train
3346102,train
3346118,train
3346122,train
3346126,train
3346150,test
3346154,test
3346166,test
3346178,train
3346182,test
3346190,test
3346194,test
3346202,train
3346206,train
3346210,train
3346214,test
3346226,test
3346230,train
3346234,test
3346238,train
3346242,train
3346246,train
3346250,train
3346254,test
3346262,train
3346270,train
3346274,train
3346282,train
3346290,train
3346294,test
3346310,train
3346314,train
3346326,train
3346330,train
3346334,train
3346346,train
3346350,train
3346354,train
3346366,test
3346374,train
3346378,train
3346386,test
3346394,test
3346398,train
3346406,train
3346418,train
3346422,train
3346426,train
3346430,train
3346446,train
3346450,train
3346458,train
3346462,train
3346466,train
3346474,test
3346478,train
3346482,train
3346502,train
3346514,train
3346526,train
3346530,train
3346534,train
3346542,train
3346546,train
3346558,test
3346574,train
3346578,train
3346582,train
3346590,train
3346594,train
3346602,train
3346618,train
3346622,train
3346630,train
3346646,train
3346650,train
3346654,train
3346662,train
3346666,train
3346670,train
3346674,train
3346678,test
3346682,train
3346698,test
3346702,test
3346706,train
3346710,train
3346714,test
3346722,test
3346734,train
3346742,train
3346758,train
3346762,train
3346766,test
3346770,train
3346774,train
3346778,train
3346782,train
3346794,train
3346798,train
3346810,train
3346814,train
3346818,train
3346822,train
3346830,test
3346838,test
3346842,train
3346846,train
3346850,train
3346866,test
3346870,train
3346874,test
3346878,train
3346882,test
3346890,train
3346894,test
3346902,train
3346906,train
3346914,test
3346918,train
3346922,train
3346938,test
3346942,train
3346946,train
3346962,test
3346974,train
3346982,test
3346986,train
3347014,train
3347018,train
3347022,train
3347026,train
3347030,train
3347038,train
3347042,train
3347046,train
3347050,train
3347062,train
3347066,train
3347070,train
3347074,train
3347078,train
3347082,train
3347090,train
3347094,train
3347102,train
3347106,test
3347110,test
3347118,train
3347122,train
3347126,train
3347150,train
3347158,train
3347166,train
3347170,train
3347174,train
3347178,train
3347186,train
3347198,train
3347234,test
3347242,train
3347246,test
3347254,train
3347266,test
3347278,train
3347290,train
3347298,train
3347302,train
3347306,train
3347310,train
3347322,train
3347326,train
3347334,train
3347346,test
3347350,train
3347354,test
3347358,test
3347366,test
3347378,train
3347382,train
3347386,train
3347390,train
3347394,train
3347406,test
3347414,test
3347418,train
3347422,train
3347438,train
3347458,train
3347466,test
3347474,train
3347478,test
3347482,train
3347486,train
3347490,train
3347498,train
3347522,train
3347530,train
3347534,train
3347538,test
3347542,train
3347550,train
3347558,train
3347566,train
3347574,train
3347578,train
3347582,test
3347598,train
3347602,train
3347614,train
3347622,train
3347626,train
3347638,train
3347650,test
3347666,train
3347670,train
3347674,train
3347678,test
3347686,train
3347698,train
3347714,train
3347718,train
3347726,train
3347734,train
3347742,train
3347746,train
3347750,train
3347758,test
3347770,train
3347802,train
3347810,train
3347814,test
3347818,train
3347830,test
3347838,train
3347854,train
3347858,train
3347878,test
3347890,train
3347894,test
3347902,test
3347906,train
3347910,train
3347914,train
3347918,test
3347930,train
3347934,train
3347938,train
3347942,train
3347946,train
3347950,train
3347958,train
3347962,test
3347970,train
3347978,train
3347982,train
3347986,train
3347990,train
3347994,train
3347998,train
3348010,train
3348018,test
3348030,train
3348038,train
3348042,train
3348046,test
3348054,train
3348058,train
3348070,train
3348074,test
3348086,train
3348090,train
3348106,train
3348110,train
3348122,train
3348134,test
3348146,train
3348162,test
3348166,test
3348170,train
3348178,train
3348182,train
3348186,train
3348194,train
3348198,test
3348206,train
3348214,train
3348218,test
3348226,train
3348230,train
3348234,train
3348238,train
3348242,train
3348254,train
3348258,train
3348262,test
3348274,train
3348278,train
3348286,train
3348290,train
3348294,test
3348302,train
3348310,train
3348314,train
3348322,test
3348326,train
3348330,train
3348334,test
3348338,train
3348350,train
3348354,train
3348362,test
3348374,test
3348378,train
3348386,train
3348390,train
3348394,train
3348402,train
3348406,train
3348410,train
3348418,train
3348426,test
3348434,train
3348438,train
3348458,train
3348466,train
3348482,train
3348490,train
3348494,test
3348498,train
3348502,train
3348506,train
3348526,train
3348530,train
3348538,test
3348542,test
3348546,train
3348554,train
3348558,train
3348562,train
3348566,train
3348574,train
3348586,train
3348598,train
3348610,train
3348618,train
3348626,test
3348638,train
3348650,train
3348666,test
3348674,train
3348686,train
3348690,train
3348694,test
3348706,train
3348710,train
3348722,test
3348730,train
3348734,train
3348738,train
3348746,train
3348750,train
3348754,train
3348758,train
3348762,train
3348766,test
3348770,train
3348774,train
3348778,test
3348786,train
3348790,train
3348802,train
3348806,train
3348810,train
3348818,train
3348826,train
3348830,train
3348834,train
3348846,train
3348854,train
3348858,train
3348862,train
3348866,test
3348870,train
3348874,train
3348878,train
3348886,train
3348898,train
3348906,train
3348914,train
3348922,test
3348930,train
3348946,test
3348962,train
3348966,train
3348970,train
3348974,train
3348982,train
3348986,train
3348994,test
3348998,train
3349002,train
3349006,train
3349014,test
3349018,train
3349022,train
3349026,train
3349030,train
3349034,train
3349038,train
3349042,train
3349046,train
3349050,train
3349058,test
3349062,train
3349066,train
3349074,test
3349078,test
3349082,train
3349102,train
3349106,test
3349114,train
3349122,train
3349130,train
3349134,train
3349138,train
3349142,train
3349150,test
3349154,train
3349158,train
3349178,train
3349186,test
3349190,test
3349194,train
3349198,train
3349202,train
3349214,train
3349218,train
3349226,train
3349230,train
3349238,train
3349266,train
3349270,train
3349278,train
3349286,train
3349290,train
3349294,train
3349314,train
3349318,train
3349326,train
3349334,test
3349342,train
3349366,train
3349370,train
3349374,train
3349382,train
3349390,train
3349394,train
3349398,train
3349426,test
3349430,train
3349434,test
3349442,test
3349446,test
3349454,test
3349462,train
3349466,train
3349474,test
3349478,train
3349482,train
3349486,train
3349490,train
3349494,train
3349498,train
3349506,train
3349510,train
3349526,train
3349530,train
3349550,train
3349554,train
3349558,train
3349566,test
3349570,train
3349586,train
3349590,train
3349594,test
3349602,train
3349606,train
3349618,test
3349622,train
3349630,test
3349634,train
3349654,test
3349658,test
3349662,train
3349666,train
3349678,test
3349682,test
3349686,train
3349690,train
3349694,train
3349698,train
3349702,train
3349706,train
3349710,train
3349714,train
3349718,train
3349722,train
3349734,train
3349738,test
3349742,train
3349758,train
3349766,train
3349770,train
3349774,train
3349782,train
3349786,train
3349790,train
3349794,train
3349802,train
3349814,test
3349818,train
3349830,train
3349846,test
3349850,train
3349866,train
3349878,test
3349882,train
3349886,train
3349890,train
3349894,train
3349898,train
3349902,train
3349910,train
3349914,test
3349918,train
3349922,train
3349926,train
3349938,train
3349970,train
3349974,test
3349978,train
3349986,train
3349990,train
3349994,train
3349998,train
3350010,train
3350014,test
3350022,train
3350026,test
3350030,train
3350046,train
3350050,train
3350054,train
3350058,train
3350062,train
3350070,train
3350086,train
3350090,test
3350102,train
3350114,train
3350126,train
3350130,train
3350134,train
3350146,train
3350154,train
3350158,test
3350166,train
3350170,test
3350182,test
3350190,train
3350194,train
3350202,test
3350206,train
3350214,train
3350218,train
3350222,train
3350230,test
3350238,train
3350242,train
3350246,train
3350254,train
3350262,train
3350266,train
3350270,train
3350278,train
3350282,train
3350286,train
3350314,test
3350322,train
3350326,train
3350330,test
3350334,train
3350338,train
3350342,test
3350350,train
3350358,test
3350374,train
3350386,train
3350390,test
3350402,train
3350410,test
3350418,train
3350422,train
3350426,test
3350430,train
3350442,train
3350450,train
3350454,train
3350458,train
3350466,train
3350470,train
3350474,train
3350478,test
3350482,test
3350498,train
3350502,train
3350506,test
3350510,test
3350514,train
3350534,test
3350538,train
3350542,train
3350550,train
3350554,train
3350558,train
3350562,test
3350574,train
3350578,train
3350582,test
3350586,test
3350590,train
3350594,train
3350598,train
3350610,test
3350614,test
3350618,train
3350622,train
3350630,train
3350646,test
3350658,test
3350662,train
3350674,test
3350690,test
3350694,train
3350698,train
3350702,train
3350714,train
3350722,train
3350730,train
3350738,train
3350742,train
3350754,train
3350762,train
3350782,train
3350790,train
3350794,train
3350802,train
3350814,train
3350818,train
3350822,train
3350826,train
3350838,train
3350842,train
3350850,train
3350858,train
3350862,test
3350866,train
3350870,train
3350874,train
3350878,train
3350890,train
3350898,test
3350914,train
3350926,train
3350930,train
3350938,test
3350942,test
3350946,train
3350958,train
3350962,train
3350966,test
3350978,train
3350982,train
3350990,train
3350994,train
3351002,train
3351006,train
3351010,train
3351014,train
3351022,train
3351030,train
3351038,train
3351042,train
3351050,train
3351054,train
3351062,train
3351066,test
3351070,train
3351074,train
3351078,train
3351082,train
3351090,train
3351094,test
3351098,train
3351102,train
3351114,train
3351122,test
3351126,train
3351138,train
3351142,train
3351146,test
3351162,test
3351166,train
3351170,train
3351178,test
3351182,train
3351190,train
3351194,train
3351198,train
3351202,train
3351206,train
3351210,train
3351214,train
3351218,train
3351230,test
3351234,train
3351238,train
3351266,train
3351274,train
3351290,test
3351294,test
3351310,train
3351314,train
3351322,test
3351326,test
3351338,train
3351342,train
3351346,test
3351350,train
3351354,train
3351362,train
3351382,test
3351386,train
3351390,train
3351402,test
3351410,test
3351426,train
3351434,train
3351442,train
3351454,train
3351458,train
3351466,train
3351474,train
3351478,train
3351490,train
3351502,train
3351506,train
3351510,train
3351514,test
3351530,train
3351566,train
3351570,train
3351574,test
3351582,train
3351590,train
3351598,test
3351610,train
3351638,train
3351646,train
3351662,train
3351666,train
3351678,train
3351682,train
3351686,train
3351690,test
3351702,train
3351722,train
3351726,train
3351734,train
3351742,train
3351746,train
3351750,test
3351754,train
3351758,train
3351762,train
3351770,test
3351786,test
3351790,train
3351794,train
3351798,train
3351802,train
3351810,train
3351814,train
3351818,train
3351826,train
3351830,train
3351834,test
3351842,test
3351846,train
3351854,train
3351862,train
3351866,train
3351890,train
3351894,test
3351898,train
3351906,train
3351914,test
3351942,test
3351946,train
3351954,test
3351970,train
3351974,train
3351982,train
3351998,train
3352006,train
3352010,train
3352014,train
3352022,test
3352026,train
3352034,train
3352042,train
3352046,train
3352050,train
3352058,train
3352066,train
3352082,train
3352086,test
3352094,test
3352102,train
3352106,train
3352110,train
3352114,train
3352138,train
3352150,train
3352154,train
3352158,train
3352162,train
3352178,train
3352194,train
3352198,train
3352206,train
3352218,train
3352230,train
3352254,train
3352258,test
3352266,train
3352270,train
3352286,train
3352294,train
3352302,train
3352306,train
3352310,train
3352314,test
3352334,train
3352338,train
3352342,train
3352350,train
3352358,train
3352366,train
3352374,train
3352378,train
3352382,train
3352386,train
3352390,train
3352398,test
3352402,train
3352406,train
3352414,train
3352422,train
3352426,test
3352438,train
3352442,test
3352446,train
3352454,train
3352458,train
3352462,train
3352470,train
3352474,train
3352482,train
3352486,test
3352490,train
3352502,train
3352506,test
3352514,test
3352522,train
3352526,train
3352546,train
3352550,train
3352558,train
3352562,train
3352566,train
3352570,test
3352574,train
3352578,train
3352582,train
3352594,train
3352598,train
3352606,train
3352610,train
3352614,train
3352626,test
3352638,train
3352642,train
3352650,train
3352654,train
3352666,train
3352682,test
3352686,train
3352690,train
3352698,test
3352706,train
3352714,train
3352718,train
3352738,test
3352742,train
3352746,train
3352750,train
3352758,train
3352762,train
3352766,train
3352778,train
3352786,test
3352790,test
3352794,train
3352798,train
3352806,train
3352822,train
3352830,train
3352834,train
3352838,train
3352842,train
3352850,train
3352854,train
3352874,train
3352882,train
3352886,train
3352898,train
3352902,train
3352906,train
3352914,train
3352918,train
3352922,train
3352926,train
3352930,test
3352934,train
3352942,test
3352946,test
3352954,train
3352958,train
3352962,train
3352982,train
3352986,train
3352990,train
3352998,train
3353002,train
3353006,train
3353010,train
3353018,train
3353022,train
3353026,train
3353034,train
3353038,train
3353042,train
3353062,train
3353090,train
3353094,train
3353102,train
3353114,train
3353126,train
3353134,test
3353138,train
3353146,test
3353166,train
3353174,train
3353182,train
3353186,train
3353190,train
3353198,train
3353202,train
3353206,train
3353210,test
3353218,train
3353234,train
3353238,train
3353274,test
3353278,train
3353282,train
3353294,train
3353298,train
3353306,train
3353310,train
3353314,train
3353326,train
3353330,test
3353334,train
3353338,train
3353342,test
3353350,test
3353354,train
3353358,train
3353362,train
3353378,train
3353394,train
3353398,train
3353410,train
3353426,train
3353434,train
3353446,train
3353450,train
3353454,train
3353466,train
3353474,train
3353478,train
3353482,train
3353486,train
3353490,train
3353494,train
3353514,train
3353522,test
3353530,train
3353534,train
3353538,train
3353542,test
3353562,train
3353566,train
3353570,train
3353574,train
3353594,train
3353606,test
3353610,train
3353614,train
3353618,train
3353626,test
3353630,train
3353634,train
3353646,train
3353650,test
3353654,test
3353658,train
3353662,train
3353666,train
3353674,train
3353690,train
3353698,train
3353702,train
3353706,train
3353710,train
3353714,train
3353730,train
3353734,test
3353742,train
3353746,train
3353758,test
3353774,train
3353782,train
3353786,train
3353790,train
3353798,train
3353802,train
3353810,train
3353822,train
3353826,train
3353838,train
3353842,train
3353846,train
3353858,train
3353866,train
3353870,train
3353882,train
3353886,train
3353890,train
3353894,train
3353902,train
3353906,train
3353914,train
3353938,train
3353950,train
3353958,train
3353970,train
3353982,train
3354002,test
3354038,train
3354046,test
3354050,train
3354054,train
3354058,train
3354062,train
3354066,train
3354070,train
3354082,train
3354086,train
3354090,test
3354094,train
3354122,train
3354126,train
3354138,train
3354142,test
3354150,train
3354158,train
3354170,test
3354178,train
3354182,train
3354186,test
3354190,train
3354194,test
3354198,train
3354202,train
3354210,train
3354214,test
3354218,train
3354222,test
3354226,train
3354230,train
3354234,train
3354238,train
3354242,train
3354250,train
3354254,train
3354262,train
3354278,train
3354282,train
3354294,train
3354298,test
3354314,test
3354318,train
3354330,train
3354338,train
3354342,train
3354346,train
3354358,test
3354390,train
3354394,test
3354398,train
3354410,train
3354418,train
3354422,train
3354434,train
3354438,train
3354442,train
3354450,train
3354454,train
3354462,train
3354466,train
3354470,test
3354474,train
3354478,train
3354482,train
3354486,train
3354490,train
3354498,train
3354510,test
3354526,test
3354534,train
3354538,train
3354542,train
3354554,train
3354562,train
3354574,test
3354586,train
3354590,train
3354594,train
3354602,train
3354606,train
3354610,train
3354614,train
3354618,train
3354622,train
3354634,train
3354642,train
3354650,train
3354658,train
3354674,train
3354678,train
3354686,train
3354694,train
3354702,test
3354710,test
3354718,train
3354726,test
3354730,train
3354738,train
3354746,train
3354750,train
3354754,train
3354758,train
3354766,test
3354782,train
3354786,train
3354790,train
3354798,train
3354802,train
3354806,train
3354830,test
3354846,train
3354850,train
3354866,train
3354870,train
3354874,train
3354882,train
3354890,train
3354910,train
3354918,train
3354922,train
3354926,train
3354930,train
3354934,train
3354942,test
3354946,train
3354950,test
3354954,test
3354958,train
3354962,train
3354966,train
3354986,train
3354998,train
3355002,train
3355022,train
3355054,train
3355066,test
3355070,train
3355078,train
3355090,train
3355094,train
3355098,test
3355110,train
3355122,test
3355134,train
3355142,train
3355146,train
3355150,train
3355154,train
3355162,train
3355170,train
3355178,train
3355186,test
3355190,train
3355198,train
3355202,train
3355214,train
3355230,train
3355234,train
3355238,train
3355242,train
3355246,train
3355250,train
3355254,test
3355258,test
3355274,train
3355278,train
3355290,train
3355294,train
3355302,train
3355306,train
3355310,train
3355318,train
3355322,test
3355326,train
3355330,test
3355334,train
3355338,train
3355342,train
3355346,train
3355350,train
3355354,test
3355370,train
3355374,train
3355378,train
3355390,train
3355406,train
3355410,train
3355414,train
3355418,train
3355446,train
3355450,train
3355454,test
3355462,train
3355482,train
3355490,train
3355510,test
3355518,train
3355534,train
3355538,train
3355546,test
3355554,train
3355558,test
3355566,train
3355582,train
3355590,train
3355614,train
3355630,train
3355634,train
3355642,train
3355654,test
3355658,test
3355666,train
3355670,train
3355674,train
3355678,test
3355682,train
3355686,train
3355690,train
3355694,train
3355698,train
3355706,train
3355718,train
3355722,test
3355726,train
3355730,test
3355734,train
3355742,train
3355746,test
3355754,train
3355758,train
3355762,train
3355766,train
3355770,train
3355774,train
3355782,train
3355790,train
3355798,train
3355802,train
3355806,train
3355826,train
3355838,train
3355850,train
3355854,train
3355862,train
3355878,train
3355882,train
3355894,test
3355898,train
3355906,train
3355914,test
3355934,test
3355938,train
3355946,train
3355950,train
3355954,test
3355958,train
3355966,train
3355978,train
3355990,train
3355994,test
3355998,test
3356002,train
3356050,train
3356058,train
3356066,train
3356070,train
3356090,train
3356094,train
3356098,train
3356106,train
3356114,train
3356118,train
3356126,train
3356130,train
3356142,test
3356150,train
3356154,train
3356170,test
3356174,test
3356178,train
3356182,train
3356190,train
3356194,train
3356202,train
3356210,train
3356234,train
3356250,train
3356254,train
3356258,test
3356262,test
3356278,train
3356282,train
3356294,train
3356302,train
3356306,train
3356310,train
3356318,train
3356334,test
3356346,test
3356350,train
3356354,train
3356362,train
3356366,train
3356378,test
3356382,train
3356394,test
3356402,train
3356410,train
3356414,train
3356418,test
3356422,train
3356426,train
3356430,train
3356442,train
3356450,train
3356454,train
3356466,train
3356470,train
3356486,test
3356494,train
3356498,train
3356506,train
3356510,train
3356514,train
3356518,train
3356530,train
3356534,train
3356538,test
3356542,train
3356550,train
3356554,test
3356566,train
3356574,train
3356578,train
3356582,train
3356590,train
3356602,train
3356606,train
3356610,train
3356622,train
3356630,train
3356638,train
3356650,train
3356654,train
3356662,train
3356678,train
3356682,test
3356686,test
3356698,train
3356702,train
3356710,train
3356714,train
3356718,train
3356726,train
3356734,train
3356738,train
3356742,train
3356754,train
3356758,train
3356766,train
3356770,train
3356774,train
3356778,test
3356782,train
3356806,test
3356810,train
3356814,test
3356822,train
3356826,train
3356846,train
3356862,train
3356866,train
3356870,train
3356878,test
3356886,train
3356890,train
3356902,train
3356922,test
3356926,test
3356930,train
3356934,train
3356938,train
3356950,train
3356954,train
3356966,train
3356970,train
3356974,train
3356978,train
3356986,train
3356990,train
3356994,train
3357002,train
3357030,train
3357058,train
3357070,train
3357078,train
3357082,train
3357094,train
3357102,train
3357106,train
3357130,train
3357134,train
3357138,train
3357142,train
3357158,train
3357170,train
3357174,test
3357198,train
3357206,train
3357210,test
3357214,test
3357226,test
3357238,train
3357266,train
3357274,train
3357282,test
3357286,train
3357302,test
3357306,train
3357310,train
3357318,train
3357322,train
3357330,train
3357334,test
3357342,train
3357350,train
3357358,train
3357366,train
3357378,test
3357390,train
3357398,test
3357402,train
3357406,train
3357414,train
3357418,test
3357426,train
3357438,train
3357458,train
3357470,train
3357474,train
3357486,train
3357494,train
3357498,train
3357510,train
3357522,train
3357526,train
3357534,test
3357538,test
3357550,test
3357566,test
3357570,train
3357574,test
3357578,test
3357582,train
3357586,train
3357594,train
3357598,train
3357610,train
3357622,train
3357626,train
3357630,test
3357634,train
3357646,train
3357658,train
3357662,train
3357666,train
3357670,train
3357674,test
3357682,train
3357686,train
3357690,train
3357710,test
3357722,test
3357726,train
3357730,train
3357734,test
3357738,train
3357742,train
3357746,train
3357766,test
3357782,train
3357786,test
3357794,train
3357798,test
3357806,train
3357814,train
3357826,train
3357838,train
3357850,train
3357858,train
3357862,train
3357878,train
3357886,train
3357894,train
3357898,train
3357902,train
3357906,test
3357910,train
3357918,train
3357934,train
3357946,train
3357958,train
3357962,test
3357970,train
3357974,train
3357978,test
3357982,train
3358014,train
3358026,train
3358042,train
3358046,train
3358050,train
3358054,train
3358062,train
3358066,train
3358078,train
3358082,train
3358086,train
3358098,test
3358102,train
3358106,train
3358114,train
3358118,train
3358122,train
3358126,train
3358142,train
3358146,train
3358150,train
3358158,train
3358162,train
3358166,train
3358170,train
3358174,train
3358178,train
3358186,train
3358194,train
3358202,train
3358210,test
3358214,train
3358218,train
3358230,train
3358234,test
3358238,train
3358242,train
3358246,train
3358250,test
3358258,train
3358262,train
3358270,train
3358278,train
3358282,test
3358286,test
3358290,train
3358294,test
3358298,test
3358306,train
3358310,train
3358314,train
3358334,train
3358346,train
3358350,train
3358354,train
3358358,train
3358366,train
3358382,train
3358390,train
3358398,test
3358402,train
3358406,train
3358422,train
3358430,train
3358438,train
3358442,train
3358446,test
3358450,train
3358454,train
3358458,train
3358462,train
3358478,train
3358486,train
3358490,train
3358498,train
3358502,train
3358510,train
3358514,train
3358518,train
3358526,train
3358530,train
3358534,train
3358550,train
3358554,train
3358566,train
3358570,train
3358574,train
3358582,train
3358586,train
3358590,test
3358594,train
3358602,train
3358606,train
3358610,test
3358614,train
3358630,train
3358634,test
3358642,test
3358666,train
3358678,train
3358682,test
3358694,train
3358698,test
3358706,train
3358710,train
3358726,train
3358734,train
3358738,train
3358742,train
3358746,train
3358750,train
3358754,test
3358762,train
3358770,test
3358778,train
3358786,train
3358790,test
3358794,train
3358798,test
3358802,test
3358806,train
3358810,train
3358822,train
3358826,train
3358834,train
3358838,test
3358854,test
3358862,test
3358866,train
3358870,test
3358878,train
3358886,train
3358890,train
3358902,train
3358910,train
3358914,train
3358918,train
3358926,train
3358930,train
3358938,train
3358942,train
3358946,train
3358950,train
3358958,train
3358962,train
3358970,train
3358998,train
3359006,train
3359010,train
3359022,train
3359026,train
3359030,train
3359038,train
3359054,train
3359058,train
3359066,train
3359074,test
3359086,train
3359090,train
3359102,train
3359110,train
3359114,train
3359122,train
3359126,train
3359134,train
3359138,train
3359142,test
3359154,train
3359158,train
3359166,train
3359178,train
3359182,train
3359190,train
3359194,train
3359206,train
3359214,train
3359238,train
3359242,train
3359246,train
3359254,train
3359258,train
3359266,test
3359270,train
3359306,train
3359314,train
3359318,train
3359326,test
3359330,train
3359346,test
3359350,train
3359366,test
3359382,train
3359394,train
3359402,train
3359410,train
3359418,train
3359422,train
3359430,train
3359438,train
3359462,train
3359466,test
3359470,train
3359478,train
3359482,train
3359486,test
3359502,train
3359514,train
3359522,train
3359526,test
3359538,train
3359542,test
3359550,train
3359554,train
3359566,train
3359570,train
3359582,train
3359590,test
3359594,test
3359606,train
3359618,train
3359622,train
3359630,test
3359642,train
3359654,train
3359658,test
3359662,train
3359674,train
3359678,train
3359682,test
3359686,train
3359690,train
3359694,train
3359722,train
3359726,train
3359730,train
3359734,test
3359746,train
3359754,train
3359758,train
3359766,train
3359770,test
3359786,test
3359794,train
3359806,train
3359818,train
3359822,train
3359826,train
3359838,train
3359842,train
3359874,train
3359898,train
3359906,train
3359918,train
3359922,train
3359926,train
3359966,train
3359970,train
3359986,train
3359990,train
3359994,train
3359998,test
3360010,test
3360014,train
3360018,test
3360022,train
3360030,train
3360034,train
3360038,train
3360054,test
3360058,train
3360062,test
3360070,train
3360078,train
3360082,train
3360090,train
3360094,train
3360102,train
3360106,train
3360114,train
3360122,train
3360138,train
3360150,train
3360162,train
3360170,train
3360174,train
3360178,train
3360182,test
3360194,train
3360206,test
3360210,train
3360214,train
3360222,test
3360238,train
3360242,train
3360266,train
3360274,train
3360278,train
3360282,train
3360294,train
3360298,train
3360302,test
3360310,train
3360314,train
3360326,test
3360330,train
3360346,train
3360358,train
3360362,train
3360374,train
3360378,train
3360382,test
3360414,train
3360418,train
3360430,test
3360442,train
3360454,train
3360458,train
3360462,train
3360466,train
3360486,train
3360494,test
3360514,train
3360522,train
3360530,train
3360534,train
3360554,test
3360558,train
3360566,train
3360570,train
3360574,train
3360582,train
3360586,train
3360598,train
3360606,train
3360610,train
3360622,train
3360626,train
3360634,train
3360642,train
3360646,train
3360654,test
3360658,test
3360674,train
3360678,test
3360682,test
3360690,train
3360698,train
3360702,train
3360710,train
3360714,train
3360722,train
3360730,test
3360742,test
3360754,train
3360762,train
3360770,test
3360774,train
3360794,train
3360806,train
3360818,train
3360834,train
3360846,test
3360850,train
3360854,test
3360858,test
3360862,test
3360866,train
3360874,test
3360882,train
3360886,train
3360894,train
3360902,train
3360906,train
3360918,train
3360922,train
3360926,train
3360934,train
3360938,train
3360966,train
3360970,train
3360974,train
3360982,train
3360998,train
3361018,train
3361026,test
3361034,train
3361042,train
3361050,train
3361058,train
3361062,train
3361066,train
3361070,train
3361074,train
3361082,train
3361086,train
3361098,test
3361102,train
3361106,train
3361118,train
3361134,train
3361146,train
3361154,test
3361162,test
3361178,test
3361194,test
3361202,train
3361206,test
3361210,test
3361214,train
3361226,train
3361242,train
3361246,train
3361250,train
3361254,test
3361258,train
3361270,train
3361278,train
3361282,train
3361286,train
3361290,train
3361306,train
3361310,train
3361314,train
3361318,train
3361322,train
3361326,train
3361334,train
3361350,train
3361354,test
3361358,train
3361370,train
3361374,train
3361390,train
3361394,test
3361402,train
3361406,test
3361410,train
3361426,train
3361434,train
3361438,train
3361466,train
3361470,test
3361474,train
3361482,test
3361498,test
3361506,train
3361510,train
3361514,train
3361518,test
3361522,train
3361534,train
3361542,train
3361546,train
3361550,train
3361554,test
3361558,train
3361566,test
3361570,train
3361578,train
3361590,train
3361594,train
3361602,train
3361614,train
3361630,test
3361638,test
3361642,train
3361658,test
3361662,train
3361666,train
3361674,train
3361682,test
3361686,train
3361690,train
3361694,train
3361698,train
3361702,train
3361714,test
3361718,train
3361722,train
3361726,train
3361730,train
3361746,train
3361754,train
3361758,test
3361762,train
3361766,train
3361770,train
3361774,train
3361778,train
3361782,test
3361786,train
3361802,train
3361814,train
3361822,train
3361826,train
3361830,train
3361834,train
3361838,train
3361842,train
3361846,train
3361858,train
3361862,train
3361866,test
3361878,test
3361882,train
3361886,train
3361894,train
3361898,train
3361902,train
3361906,test
3361910,train
3361926,test
3361938,train
3361942,train
3361946,train
3361954,test
3361958,train
3361962,train
3361966,train
3361970,train
3361978,test
3361982,train
3361986,train
3361998,train
3362002,test
3362010,train
3362034,train
3362038,train
3362042,train
3362046,train
3362054,train
3362058,train
3362062,train
3362082,train
3362118,train
3362126,train
3362130,train
3362134,train
3362142,train
3362146,test
3362150,train
3362158,train
3362166,train
3362174,train
3362182,train
3362190,train
3362202,train
3362206,train
3362210,train
3362214,train
3362218,train
3362222,train
3362226,train
3362230,train
3362234,train
3362242,train
3362258,train
3362262,train
3362266,test
3362270,train
3362274,test
3362278,train
3362282,train
3362290,train
3362302,train
3362310,train
3362314,train
3362334,test
3362342,train
3362382,train
3362386,train
3362390,train
3362398,test
3362402,test
3362422,train
3362426,train
3362442,test
3362446,train
3362454,train
3362458,train
3362466,train
3362474,train
3362478,train
3362486,test
3362510,train
3362514,train
3362518,train
3362522,train
3362526,train
3362534,train
3362562,train
3362570,train
3362582,train
3362598,train
3362602,train
3362606,train
3362622,train
3362626,test
3362630,train
3362634,train
3362642,train
3362646,train
3362662,train
3362666,train
3362670,train
3362674,train
3362686,train
3362698,train
3362706,test
3362710,test
3362714,train
3362718,train
3362722,train
3362726,train
3362730,train
3362742,train
3362750,train
3362766,test
3362770,train
3362774,train
3362778,train
3362786,train
3362798,train
3362806,train
3362810,train
3362818,test
3362826,test
3362830,train
3362834,train
3362838,train
3362850,test
3362854,train
3362858,test
3362862,test
3362878,train
3362882,train
3362890,train
3362894,train
3362902,train
3362910,train
3362918,test
3362934,test
3362938,train
3362942,test
3362950,train
3362958,train
3362962,train
3362978,train
3362982,train
3362986,test
3362990,train
3362994,train
3363002,train
3363010,train
3363018,train
3363022,test
3363034,train
3363038,train
3363042,train
3363046,train
3363066,train
3363074,train
3363078,train
3363082,test
3363090,train
3363094,test
3363102,train
3363110,train
3363126,train
3363134,train
3363138,train
3363154,test
3363158,test
3363166,train
3363170,test
3363182,train
3363198,train
3363206,train
3363210,test
3363226,train
3363238,train
3363250,train
3363258,test
3363262,train
3363270,train
3363274,train
3363278,test
3363286,train
3363294,train
3363306,train
3363318,train
3363322,train
3363326,train
3363330,train
3363338,train
3363342,train
3363350,train
3363358,train
3363370,train
3363374,test
3363398,train
3363410,train
3363414,test
3363426,train
3363430,train
3363434,train
3363446,train
3363454,train
3363466,train
3363470,train
3363486,train
3363490,train
3363494,train
3363498,train
3363502,train
3363510,train
3363522,train
3363526,train
3363530,test
3363538,train
3363542,train
3363546,train
3363554,train
3363558,train
3363562,train
3363566,train
3363570,train
3363578,train
3363590,train
3363594,train
3363602,train
3363606,train
3363610,train
3363626,train
3363630,train
3363646,train
3363650,train
3363654,train
3363666,train
3363682,test
3363698,train
3363702,test
3363706,train
3363710,train
3363726,train
3363730,test
3363738,train
3363750,train
3363754,train
3363778,train
3363782,train
3363790,train
3363794,train
3363810,test
3363814,train
3363818,test
3363826,test
3363830,train
3363834,train
3363838,train
3363842,train
3363846,test
3363866,train
3363874,train
3363886,train
3363890,train
3363898,train
3363902,train
3363914,test
3363918,train
3363926,train
3363938,train
3363950,train
3363958,train
3363978,test
3363982,train
3363990,test
3363994,train
3363998,train
3364002,train
3364006,train
3364010,train
3364022,train
3364026,test
3364034,train
3364042,train
3364054,train
3364058,train
3364062,train
3364078,train
3364082,train
3364086,train
3364094,train
3364098,train
3364102,train
3364106,train
3364110,train
3364118,test
3364142,train
3364146,train
3364150,test
3364154,train
3364158,train
3364162,train
3364166,train
3364170,train
3364178,test
3364182,train
3364190,test
3364198,train
3364206,test
3364210,train
3364214,train
3364218,train
3364222,train
3364234,train
3364242,train
3364254,test
3364258,train
3364270,test
3364274,train
3364282,train
3364290,train
3364294,train
3364298,train
3364310,train
3364318,train
3364326,train
3364334,train
3364338,test
3364346,train
3364354,train
3364358,train
3364370,test
3364374,train
3364378,test
3364386,train
3364390,train
3364394,train
3364402,train
3364406,train
3364414,train
3364418,train
3364422,train
3364426,test
3364430,train
3364446,train
3364450,test
3364462,train
3364466,test
3364478,train
3364490,train
3364498,train
3364502,test
3364506,train
3364518,train
3364522,train
3364530,train
3364542,train
3364562,test
3364566,train
3364574,train
3364586,train
3364594,train
3364606,test
3364618,test
3364626,test
3364634,train
3364638,test
3364642,train
3364646,test
3364650,test
3364654,train
3364658,train
3364662,test
3364666,test
3364670,train
3364678,train
3364706,train
3364714,train
3364726,train
3364734,train
3364738,train
3364742,train
3364746,test
3364754,train
3364778,test
3364786,train
3364790,train
3364794,test
3364798,test
3364802,train
3364806,train
3364810,train
3364822,train
3364826,train
3364838,test
3364842,train
3364846,train
3364858,test
3364862,train
3364870,train
3364878,test
3364890,test
3364898,test
3364902,train
3364910,train
3364914,train
3364934,train
3364938,train
3364942,train
3364954,train
3364958,train
3364970,test
3364974,test
3364978,train
3364986,train
3364994,train
3364998,train
3365014,train
3365018,train
3365026,test
3365030,train
3365034,test
3365046,test
3365050,train
3365054,train
3365058,test
3365062,train
3365066,test
3365074,train
3365082,train
3365090,train
3365098,train
3365106,train
3365114,test
3365118,train
3365130,test
3365142,train
3365154,test
3365158,train
3365174,train
3365178,train
3365186,test
3365198,train
3365202,train
3365206,train
3365218,train
3365230,train
3365234,train
3365246,train
3365254,train
3365270,train
3365286,test
3365298,train
3365302,test
3365306,train
3365310,train
3365314,train
3365330,train
3365334,test
3365342,test
3365346,train
3365358,train
3365362,train
3365374,train
3365378,train
3365382,train
3365398,train
3365406,test
3365422,train
3365434,train
3365438,train
3365442,test
3365446,train
3365458,train
3365462,train
3365470,train
3365478,train
3365482,train
3365494,train
3365498,train
3365506,train
3365510,train
3365514,test
3365518,train
3365522,train
3365526,train
3365534,train
3365538,train
3365542,train
3365550,test
3365554,test
3365570,test
3365578,train
3365586,train
3365590,test
3365610,train
3365614,train
3365626,train
3365630,train
3365634,train
3365638,test
3365646,train
3365654,test
3365670,train
3365674,train
3365678,train
3365690,train
3365694,train
3365702,train
3365710,train
3365730,test
3365754,train
3365758,train
3365762,test
3365770,train
3365778,train
3365786,train
3365802,train
3365822,train
3365826,train
3365834,train
3365854,train
3365874,train
3365878,train
3365894,test
3365902,train
3365910,train
3365922,train
3365926,train
3365930,train
3365934,train
3365942,train
3365946,test
3365950,test
3365958,test
3365970,train
3365982,train
3365994,train
3366026,test
3366030,train
3366034,train
3366042,train
3366046,train
3366050,train
3366058,train
3366062,train
3366066,test
3366070,test
3366074,train
3366078,train
3366086,train
3366090,train
3366106,train
3366110,train
3366114,train
3366126,train
3366134,test
3366142,train
3366146,train
3366150,test
3366162,train
3366182,test
3366190,train
3366194,train
3366198,train
3366206,train
3366210,train
3366214,train
3366218,train
3366222,train
3366226,train
3366238,train
3366242,train
3366250,test
3366262,test
3366266,train
3366274,test
3366282,train
3366286,test
3366290,test
3366294,test
3366298,test
3366302,train
3366310,train
3366334,train
3366338,test
3366342,train
3366346,train
3366362,test
3366366,train
3366370,train
3366378,train
3366386,test
3366390,test
3366394,test
3366410,train
3366414,test
3366422,train
3366434,train
3366446,train
3366450,train
3366466,train
3366474,train
3366486,train
3366490,train
3366506,train
3366510,train
3366522,train
3366526,test
3366538,test
3366542,train
3366554,train
3366558,train
3366562,train
3366570,test
3366574,train
3366586,train
3366594,train
3366598,train
3366602,train
3366610,train
3366614,train
3366622,train
3366626,train
3366642,train
3366646,train
3366662,train
3366670,test
3366686,train
3366690,train
3366702,train
3366706,test
3366710,train
3366718,train
3366722,train
3366726,train
3366734,train
3366746,train
3366754,train
3366758,test
3366766,train
3366770,train
3366774,train
3366778,train
3366794,train
3366798,train
3366802,train
3366806,train
3366814,test
3366822,train
3366826,train
3366830,train
3366834,train
3366838,test
3366842,train
3366854,train
3366858,train
3366862,test
3366866,train
3366870,train
3366878,train
3366882,test
3366886,train
3366890,train
3366902,train
3366906,train
3366926,train
3366930,train
3366938,train
3366950,train
3366966,train
3366970,train
3366990,train
3366994,test
3366998,train
3367002,train
3367006,test
3367014,train
3367022,train
3367026,train
3367030,train
3367038,train
3367046,train
3367050,train
3367062,train
3367066,train
3367070,train
3367074,test
3367078,train
3367086,train
3367098,train
3367102,train
3367106,train
3367110,train
3367126,train
3367130,train
3367134,train
3367138,train
3367146,train
3367150,train
3367154,train
3367158,train
3367162,train
3367170,train
3367174,train
3367186,train
3367190,test
3367194,train
3367222,train
3367242,train
3367246,train
3367262,train
3367266,train
3367270,train
3367274,train
3367278,train
3367282,test
3367286,train
3367290,train
3367294,train
3367298,train
3367302,train
3367306,test
3367310,test
3367326,train
3367334,train
3367346,test
3367350,train
3367354,train
3367366,train
3367370,train
3367382,train
3367386,train
3367398,test
3367402,train
3367406,train
3367410,train
3367418,train
3367422,train
3367426,test
3367430,train
3367442,train
3367450,train
3367454,test
3367462,train
3367466,train
3367470,train
3367478,train
3367482,test
3367490,train
3367494,train
3367502,train
3367506,train
3367510,train
3367522,train
3367526,train
3367546,train
3367550,train
3367554,train
3367558,train
3367570,test
3367574,test
3367578,train
3367590,train
3367594,train
3367602,train
3367610,train
3367618,test
3367630,train
3367638,train
3367642,train
3367646,train
3367650,train
3367658,test
3367666,test
3367670,train
3367674,train
3367682,train
3367702,train
3367706,train
3367714,train
3367718,test
3367722,train
3367734,train
3367738,train
3367746,train
3367758,test
3367762,train
3367766,train
3367774,train
3367778,train
3367782,test
3367786,test
3367790,test
3367810,test
3367814,train
3367818,train
3367826,test
3367842,train
3367850,train
3367858,train
3367870,train
3367874,train
3367882,train
3367886,train
3367890,train
3367894,train
3367902,train
3367906,train
3367918,train
3367926,train
3367934,train
3367938,train
3367942,test
3367946,train
3367954,train
3367958,train
3367962,train
3367970,test
3367986,train
3367994,train
3368014,train
3368018,train
3368022,train
3368026,train
3368034,train
3368038,test
3368058,train
3368070,train
3368078,train
3368082,train
3368086,train
3368090,train
3368098,train
3368106,train
3368110,train
3368114,train
3368118,train
3368122,train
3368126,train
3368130,train
3368134,train
3368138,train
3368146,train
3368150,train
3368154,train
3368166,train
3368182,train
3368186,train
3368190,train
3368202,test
3368210,test
3368218,train
3368222,train
3368226,train
3368230,train
3368242,train
3368246,train
3368254,train
3368262,train
3368294,train
3368298,train
3368314,train
3368334,train
3368338,train
3368342,train
3368346,train
3368358,train
3368362,train
3368378,train
3368394,train
3368406,train
3368410,test
3368414,train
3368418,train
3368430,train
3368446,train
3368450,test
3368454,train
3368458,test
3368462,train
3368470,train
3368474,train
3368478,train
3368482,train
3368486,train
3368490,train
3368498,train
3368510,train
3368514,test
3368518,train
3368526,train
3368534,train
3368566,test
3368582,train
3368594,test
3368598,train
3368602,train
3368614,train
3368626,test
3368634,train
3368646,train
3368654,test
3368658,train
3368666,train
3368670,train
3368678,train
3368682,train
3368690,test
3368694,train
3368698,train
3368702,train
3368706,train
3368710,train
3368714,train
3368722,test
3368726,train
3368734,train
3368746,train
3368754,train
3368758,train
3368766,test
3368778,train
3368782,test
3368786,train
3368790,train
3368794,train
3368802,train
3368810,test
3368814,train
3368826,train
3368838,train
3368842,train
3368846,test
3368858,train
3368862,train
3368866,train
3368878,train
3368886,test
3368890,train
3368894,train
3368898,train
3368902,train
3368910,train
3368914,train
3368918,train
3368926,train
3368938,train
3368942,test
3368946,train
3368958,train
3368970,train
3368974,train
3368978,train
3368982,train
3368994,train
3369002,train
3369006,test
3369010,test
3369018,train
3369022,train
3369026,train
3369030,train
3369038,train
3369054,train
3369058,train
3369066,train
3369070,test
3369078,train
3369090,train
3369098,train
3369110,train
3369118,train
3369122,train
3369126,train
3369134,train
3369142,train
3369158,train
3369162,test
3369166,train
3369174,train
3369178,train
3369182,train
3369186,train
3369210,train
3369214,test
3369226,test
3369230,test
3369234,train
3369238,test
3369246,train
3369254,train
3369258,test
3369274,train
3369278,train
3369282,train
3369290,train
3369294,train
3369302,train
3369306,train
3369318,test
3369326,test
3369334,train
3369338,train
3369350,train
3369354,train
3369358,train
3369362,train
3369366,test
3369374,train
3369378,train
3369382,train
3369386,train
3369394,train
3369406,train
3369414,train
3369418,test
3369426,train
3369434,test
3369438,train
3369442,train
3369446,train
3369450,train
3369458,train
3369462,train
3369466,train
3369470,train
3369478,train
3369482,train
3369486,test
3369490,train
3369498,train
3369502,test
3369506,train
3369514,train
3369518,train
3369522,test
3369538,test
3369546,train
3369550,train
3369570,train
3369574,test
3369582,train
3369586,test
3369606,train
3369610,train
3369614,train
3369618,train
3369630,train
3369634,train
3369638,train
3369646,test
3369650,train
3369654,train
3369658,train
3369666,train
3369678,train
3369694,test
3369698,train
3369702,train
3369706,train
3369710,train
3369714,train
3369726,train
3369730,train
3369746,train
3369758,test
3369762,train
3369766,train
3369778,train
3369782,test
3369790,train
3369794,test
3369806,test
3369810,train
3369822,train
3369830,train
3369842,train
3369846,train
3369850,train
3369854,train
3369858,train
3369862,train
3369870,train
3369874,train
3369882,train
3369898,train
3369902,train
3369906,train
3369914,test
3369918,train
3369926,train
3369930,test
3369934,train
3369938,train
3369950,train
3369954,test
3369958,train
3369962,train
3369966,train
3369970,train
3369978,train
3369998,train
3370006,train
3370014,train
3370022,train
3370026,train
3370030,train
3370034,train
3370038,train
3370046,train
3370050,test
3370054,test
3370058,train
3370066,train
3370074,train
3370078,train
3370082,train
3370094,train
3370114,train
3370118,test
3370122,train
3370126,train
3370130,train
3370138,train
3370146,train
3370158,train
3370162,train
3370166,test
3370198,train
3370202,train
3370206,train
3370210,train
3370214,train
3370222,train
3370226,test
3370230,train
3370234,train
3370242,train
3370246,train
3370250,train
3370254,test
3370262,train
3370278,train
3370286,test
3370290,train
3370294,train
3370302,train
3370318,train
3370322,test
3370326,test
3370334,train
3370338,train
3370342,test
3370354,train
3370358,train
3370362,train
3370366,train
3370370,train
3370390,train
3370394,train
3370398,train
3370414,train
3370418,train
3370422,train
3370426,test
3370430,train
3370434,train
3370438,train
3370442,train
3370446,train
3370454,train
3370462,train
3370466,train
3370474,train
3370482,train
3370494,train
3370498,train
3370506,train
3370510,train
3370518,train
3370530,train
3370550,test
3370558,train
3370570,train
3370586,train
3370598,train
3370602,train
3370610,train
3370622,train
3370626,test
3370630,train
3370634,test
3370638,train
3370642,train
3370646,test
3370654,train
3370666,train
3370670,train
3370674,train
3370690,train
3370702,train
3370706,test
3370710,train
3370714,train
3370718,train
3370738,test
3370758,train
3370762,test
3370766,train
3370770,test
3370774,test
3370778,train
3370782,test
3370786,train
3370794,train
3370802,train
3370806,test
3370814,train
3370818,train
3370830,test
3370834,train
3370838,train
3370842,train
3370846,train
3370850,train
3370854,train
3370858,test
3370862,train
3370866,test
3370870,train
3370874,train
3370882,test
3370886,train
3370902,train
3370910,test
3370914,train
3370918,train
3370922,train
3370930,train
3370938,train
3370942,test
3370946,train
3370950,train
3370954,test
3370958,train
3370974,train
3370982,train
3370990,test
3371002,test
3371006,train
3371026,train
3371030,test
3371034,train
3371038,test
3371042,train
3371046,train
3371050,train
3371054,test
3371066,test
3371070,train
3371074,train
3371078,test
3371086,train
3371090,train
3371098,test
3371118,train
3371122,train
3371134,train
3371138,train
3371142,train
3371146,train
3371150,train
3371154,train
3371158,train
3371166,train
3371174,train
3371178,train
3371186,train
3371190,train
3371194,train
3371202,train
3371210,test
3371230,train
3371234,train
3371238,train
3371242,train
3371246,train
3371254,test
3371258,test
3371262,train
3371266,train
3371282,train
3371290,test
3371294,train
3371302,train
3371306,train
3371310,train
3371318,train
3371322,train
3371326,train
3371334,train
3371338,train
3371374,train
3371382,train
3371386,train
3371394,train
3371406,train
3371422,train
3371426,train
3371430,train
3371438,train
3371442,train
3371450,train
3371458,train
3371466,train
3371474,test
3371478,test
3371482,train
3371486,test
3371494,train
3371498,train
3371506,train
3371514,train
3371522,test
3371530,train
3371534,train
3371538,train
3371542,train
3371546,train
3371554,train
3371558,train
3371562,train
3371566,train
3371570,train
3371574,test
3371582,train
3371590,train
3371598,train
3371602,train
3371606,train
3371614,train
3371622,train
3371626,test
3371630,train
3371634,train
3371646,test
3371654,train
3371662,train
3371678,train
3371686,train
3371690,train
3371698,test
3371706,train
3371718,train
3371722,train
3371734,train
3371738,test
3371754,train
3371762,train
3371770,train
3371782,test
3371790,train
3371798,train
3371802,train
3371806,train
3371810,train
3371814,train
3371818,train
3371826,train
3371830,test
3371838,train
3371842,train
3371846,train
3371850,test
3371854,train
3371858,train
3371874,train
3371882,train
3371890,train
3371902,train
3371906,train
3371914,train
3371918,train
3371922,test
3371930,train
3371938,train
3371970,train
3371994,train
3372002,test
3372010,train
3372014,train
3372018,train
3372026,train
3372034,train
3372038,test
3372042,train
3372046,test
3372050,train
3372054,train
3372066,train
3372070,train
3372078,train
3372086,train
3372090,train
3372102,test
3372114,test
3372130,train
3372138,train
3372150,train
3372158,train
3372162,test
3372166,train
3372174,train
3372178,train
3372182,test
3372186,train
3372194,train
3372198,train
3372206,train
3372210,train
3372214,train
3372222,train
3372226,test
3372230,test
3372234,train
3372246,train
3372250,test
3372254,train
3372258,test
3372262,test
3372266,train
3372294,test
3372298,train
3372302,test
3372306,train
3372310,test
3372322,train
3372326,train
3372330,test
3372334,test
3372338,test
3372342,train
3372346,train
3372350,train
3372354,test
3372358,test
3372366,train
3372370,train
3372374,train
3372378,train
3372382,train
3372386,train
3372390,train
3372394,train
3372398,train
3372402,train
3372406,train
3372422,train
3372426,train
3372430,train
3372446,train
3372450,test
3372458,train
3372462,train
3372466,train
3372470,train
3372474,train
3372478,train
3372486,train
3372498,train
3372502,train
3372506,train
3372510,train
3372522,train
3372526,test
3372534,train
3372538,train
3372546,train
3372550,train
3372554,test
3372562,train
3372570,test
3372574,train
3372578,train
3372582,test
3372586,train
3372594,test
3372602,test
3372610,train
3372614,train
3372622,train
3372630,test
3372634,train
3372638,train
3372642,train
3372646,train
3372650,train
3372654,test
3372662,train
3372674,train
3372682,train
3372686,train
3372694,train
3372698,test
3372702,test
3372714,train
3372718,train
3372722,train
3372734,train
3372738,train
3372742,train
3372746,train
3372754,train
3372758,train
3372770,train
3372774,train
3372786,train
3372794,train
3372798,test
3372802,test
3372806,train
3372810,train
3372822,test
3372826,train
3372830,test
3372838,test
3372846,train
3372862,train
3372870,train
3372886,train
3372902,test
3372906,train
3372910,train
3372914,train
3372922,train
3372934,train
3372938,train
3372942,train
3372950,train
3372954,train
3372966,train
3372970,train
3372978,train
3372982,test
3372986,train
3373006,train
3373018,train
3373026,train
3373034,train
3373046,train
3373050,train
3373054,train
3373090,train
3373094,train
3373102,train
3373118,train
3373122,test
3373126,test
3373130,test
3373150,test
3373162,train
3373174,train
3373198,train
3373202,test
3373210,train
3373218,test
3373222,train
3373226,train
3373234,train
3373246,test
3373250,train
3373258,train
3373262,train
3373266,train
3373270,train
3373278,train
3373286,train
3373290,train
3373294,test
3373302,train
3373306,train
3373310,train
3373314,train
3373318,test
3373326,test
3373330,train
3373334,test
3373338,train
3373342,train
3373346,test
3373362,test
3373370,train
3373374,train
3373382,train
3373398,train
3373410,test
3373426,test
3373430,train
3373434,train
3373442,train
3373446,test
3373450,train
3373454,train
3373466,train
3373478,train
3373482,train
3373486,train
3373490,train
3373498,test
3373502,train
3373510,train
3373514,train
3373518,train
3373522,train
3373530,train
3373538,test
3373542,train
3373550,train
3373558,test
3373566,train
3373578,train
3373582,train
3373586,train
3373590,train
3373602,test
3373606,test
3373614,train
3373622,train
3373626,train
3373630,test
3373642,test
3373646,train
3373654,train
3373658,train
3373662,train
3373666,train
3373670,test
3373678,test
3373686,train
3373694,train
3373702,train
3373706,train
3373726,train
3373734,train
3373738,test
3373750,train
3373754,train
3373766,train
3373770,train
3373778,train
3373782,train
3373786,train
3373790,train
3373798,train
3373802,train
3373806,train
3373810,train
3373818,train
3373822,train
3373838,train
3373846,test
3373854,train
3373858,train
3373866,train
3373878,train
3373882,test
3373890,train
3373894,test
3373906,train
3373910,train
3373914,test
3373922,train
3373926,train
3373934,train
3373938,train
3373950,train
3373962,train
3373966,train
3373974,train
3373982,train
3373986,train
3373998,test
3374002,test
3374010,train
3374018,test
3374022,train
3374026,train
3374030,train
3374034,train
3374038,test
3374046,train
3374054,train
3374058,train
3374062,train
3374066,train
3374074,train
3374086,train
3374090,train
3374098,train
3374110,train
3374118,train
3374130,test
3374134,test
3374138,test
3374146,test
3374154,train
3374158,test
3374162,train
3374174,train
3374178,train
3374182,train
3374186,train
3374194,train
3374198,test
3374202,train
3374206,train
3374214,train
3374226,train
3374230,train
3374238,train
3374246,train
3374254,train
3374262,test
3374266,train
3374270,train
3374274,train
3374278,train
3374282,train
3374298,train
3374306,test
3374314,train
3374318,train
3374322,train
3374342,train
3374350,train
3374354,train
3374358,test
3374362,train
3374366,train
3374374,test
3374382,train
3374386,train
3374390,train
3374394,train
3374398,test
3374402,train
3374406,train
3374414,train
3374422,train
3374426,train
3374434,train
3374438,train
3374442,train
3374446,train
3374450,train
3374458,train
3374466,train
3374474,train
3374478,train
3374482,train
3374486,train
3374490,train
3374494,train
3374502,test
3374506,train
3374518,train
3374522,train
3374526,train
3374538,train
3374542,train
3374546,train
3374550,train
3374554,train
3374562,test
3374566,train
3374570,train
3374574,train
3374578,train
3374594,train
3374598,test
3374602,train
3374610,train
3374618,train
3374622,test
3374626,train
3374634,test
3374638,train
3374642,train
3374650,train
3374658,train
3374662,train
3374666,train
3374670,train
3374690,train
3374694,train
3374706,train
3374714,train
3374718,train
3374726,test
3374734,test
3374738,train
3374742,test
3374746,train
3374750,test
3374770,train
3374774,train
3374782,train
3374786,train
3374790,train
3374794,train
3374802,test
3374826,train
3374834,train
3374842,train
3374850,train
3374854,train
3374858,train
3374862,train
3374874,test
3374878,test
3374886,test
3374894,train
3374898,train
3374906,train
3374914,train
3374918,train
3374922,train
3374930,train
3374942,train
3374954,train
3374962,train
3374970,train
3374986,train
3374994,train
3375002,train
3375014,train
3375022,test
3375026,train
3375030,train
3375034,train
3375042,train
3375046,train
3375058,train
3375062,train
3375066,train
3375086,train
3375090,test
3375098,train
3375106,train
3375110,train
3375114,train
3375126,train
3375130,train
3375146,train
3375150,train
3375158,train
3375162,train
3375166,test
3375174,test
3375186,test
3375194,train
3375198,test
3375206,train
3375214,train
3375218,test
3375222,train
3375230,train
3375234,train
3375242,train
3375250,train
3375254,test
3375258,train
3375266,train
3375270,train
3375274,train
3375278,test
3375282,train
3375286,train
3375290,train
3375294,train
3375298,train
3375310,train
3375318,train
3375330,train
3375338,train
3375342,test
3375346,train
3375350,train
3375354,train
3375362,train
3375374,train
3375382,train
3375390,train
3375402,train
3375410,test
3375414,train
3375422,test
3375430,train
3375434,train
3375442,train
3375446,train
3375458,train
3375466,train
3375474,train
3375482,train
3375486,train
3375490,train
3375494,test
3375498,train
3375506,train
3375510,test
3375518,train
3375522,test
3375530,train
3375538,test
3375542,test
3375550,test
3375554,test
3375562,train
3375566,train
3375570,train
3375574,test
3375582,train
3375586,train
3375590,test
3375602,train
3375606,train
3375610,test
3375622,train
3375626,train
3375654,train
3375658,train
3375662,train
3375666,train
3375670,train
3375674,train
3375694,train
3375698,train
3375702,train
3375706,train
3375718,train
3375722,train
3375726,train
3375730,test
3375734,train
3375738,train
3375742,test
3375758,test
3375766,train
3375770,train
3375774,train
3375778,train
3375782,train
3375790,train
3375794,train
3375798,train
3375814,test
3375818,test
3375822,train
3375834,train
3375838,test
3375846,train
3375850,train
3375854,test
3375858,train
3375862,train
3375866,train
3375870,train
3375878,train
3375882,train
3375902,train
3375906,test
3375914,train
3375918,train
3375930,train
3375938,train
3375942,train
3375946,train
3375950,test
3375962,train
3375966,train
3375970,train
3375974,train
3375978,train
3375982,train
3375986,train
3375990,train
3375994,train
3375998,train
3376002,train
3376010,train
3376014,train
3376018,train
3376022,test
3376026,test
3376042,train
3376046,train
3376054,train
3376078,train
3376082,test
3376086,train
3376090,train
3376094,test
3376098,train
3376102,test
3376110,train
3376114,train
3376126,test
3376130,train
3376134,train
3376138,train
3376142,train
3376146,train
3376166,train
3376182,test
3376186,train
3376190,train
3376194,train
3376198,train
3376206,train
3376210,train
3376214,train
3376218,train
3376226,train
3376230,train
3376234,train
3376242,train
3376246,train
3376254,train
3376258,train
3376262,train
3376270,train
3376274,train
3376278,test
3376282,train
3376286,train
3376290,train
3376294,train
3376298,test
3376306,train
3376314,train
3376318,train
3376322,train
3376326,train
3376330,train
3376334,train
3376342,train
3376346,test
3376350,train
3376354,train
3376358,train
3376362,test
3376366,train
3376374,test
3376378,train
3376386,train
3376390,train
3376394,test
3376398,train
3376402,test
3376410,train
3376418,train
3376426,train
3376438,train
3376442,train
3376454,test
3376474,train
3376490,train
3376494,train
3376506,test
3376518,train
3376526,train
3376530,test
3376534,train
3376538,train
3376542,train
3376546,test
3376554,train
3376566,train
3376570,train
3376586,train
3376590,train
3376594,train
3376598,train
3376602,train
3376606,train
3376610,train
3376614,test
3376622,train
3376630,train
3376646,train
3376654,train
3376658,train
3376662,train
3376666,train
3376670,train
3376674,train
3376678,test
3376682,train
3376690,train
3376706,train
3376714,test
3376718,train
3376726,train
3376730,train
3376734,train
3376738,test
3376754,train
3376766,train
3376770,train
3376778,train
3376786,test
3376790,test
3376794,test
3376806,train
3376822,train
3376830,test
3376842,train
3376846,train
3376850,train
3376854,test
3376858,test
3376862,train
3376866,train
3376874,train
3376878,train
3376882,train
3376886,train
3376890,train
3376902,test
3376910,test
3376918,train
3376922,train
3376930,train
3376938,test
3376942,train
3376946,train
3376954,train
3376958,train
3376966,test
3376970,train
3376974,train
3376978,train
3376990,train
3376998,test
3377010,train
3377018,test
3377022,train
3377026,train
3377034,test
3377038,train
3377042,train
3377050,test
3377062,test
3377066,train
3377070,train
3377094,train
3377098,train
3377106,train
3377110,train
3377114,train
3377118,test
3377126,train
3377130,train
3377134,train
3377146,test
3377154,train
3377166,train
3377174,train
3377182,test
3377186,train
3377210,train
3377214,train
3377246,train
3377250,test
3377254,train
3377282,train
3377294,test
3377298,train
3377302,train
3377318,train
3377326,train
3377330,train
3377338,train
3377342,train
3377350,train
3377358,train
3377362,test
3377366,test
3377374,train
3377382,train
3377390,test
3377406,train
3377410,train
3377430,test
3377442,train
3377446,train
3377462,train
3377466,train
3377470,train
3377474,train
3377478,train
3377494,test
3377502,train
3377506,test
3377510,train
3377514,train
3377518,train
3377522,train
3377530,train
3377538,train
3377546,train
3377550,test
3377558,train
3377570,train
3377574,train
3377578,train
3377582,train
3377586,train
3377626,train
3377638,train
3377654,test
3377658,train
3377666,train
3377674,train
3377682,train
3377686,train
3377694,train
3377698,train
3377706,train
3377722,test
3377726,train
3377742,train
3377746,train
3377750,test
3377758,train
3377762,train
3377790,train
3377798,train
3377802,train
3377806,train
3377814,train
3377818,train
3377838,train
3377846,train
3377854,train
3377858,train
3377862,train
3377874,train
3377902,train
3377906,test
3377910,test
3377914,train
3377918,train
3377922,test
3377930,train
3377934,train
3377946,train
3377950,train
3377954,test
3377958,train
3377966,test
3377970,train
3377982,train
3377986,train
3377990,test
3377994,train
3377998,test
3378010,train
3378050,train
3378054,test
3378058,train
3378062,train
3378070,test
3378078,train
3378090,train
3378114,train
3378118,train
3378122,train
3378126,train
3378130,test
3378134,test
3378142,test
3378146,train
3378154,train
3378158,train
3378162,train
3378170,test
3378174,train
3378178,train
3378186,train
3378190,test
3378194,train
3378202,train
3378206,train
3378210,train
3378214,train
3378218,test
3378242,train
3378258,train
3378266,train
3378278,train
3378282,train
3378286,train
3378290,train
3378294,test
3378298,train
3378302,test
3378310,train
3378314,train
3378318,train
3378322,train
3378330,test
3378334,train
3378338,test
3378346,train
3378366,train
3378374,test
3378378,train
3378382,train
3378386,train
3378390,train
3378394,train
3378402,test
3378410,train
3378418,train
3378426,test
3378442,test
3378450,train
3378454,train
3378462,train
3378466,test
3378486,train
3378490,train
3378498,train
3378506,train
3378518,train
3378522,test
3378526,train
3378530,train
3378534,train
3378542,train
3378550,train
3378554,train
3378566,train
3378570,train
3378586,train
3378590,train
3378594,train
3378606,train
3378610,train
3378630,train
3378634,train
3378638,train
3378642,train
3378646,train
3378670,train
3378682,train
3378686,train
3378690,train
3378694,train
3378698,train
3378706,train
3378710,train
3378714,test
3378718,train
3378726,train
3378734,train
3378738,test
3378754,train
3378758,test
3378770,train
3378774,train
3378778,train
3378786,test
3378798,train
3378802,train
3378810,test
3378814,train
3378822,train
3378830,test
3378854,test
3378858,test
3378862,train
3378870,train
3378874,train
3378882,test
3378890,test
3378894,train
3378902,train
3378906,train
3378918,train
3378930,train
3378934,train
3378938,train
3378942,train
3378946,test
3378954,train
3378958,train
3378962,train
3378966,train
3378970,test
3378978,train
3378982,train
3378986,test
3378990,train
3378998,train
3379002,test
3379010,train
3379030,train
3379038,train
3379046,test
3379050,train
3379058,train
3379062,test
3379066,test
3379078,train
3379082,train
3379086,train
3379094,train
3379098,train
3379106,train
3379114,test
3379118,train
3379126,test
3379134,train
3379138,train
3379142,train
3379146,train
3379150,test
3379154,train
3379158,train
3379162,train
3379170,train
3379174,train
3379178,train
3379198,train
3379202,train
3379210,train
3379218,train
3379222,train
3379226,train
3379234,train
3379238,train
3379242,train
3379250,train
3379254,test
3379262,train
3379274,train
3379282,train
3379294,train
3379302,train
3379306,train
3379314,train
3379318,train
3379334,train
3379346,train
3379350,test
3379362,train
3379370,train
3379378,train
3379382,train
3379390,train
3379398,train
3379406,train
3379410,test
3379414,train
3379418,train
3379422,train
3379426,test
3379430,train
3379434,train
3379438,test
3379450,train
3379454,train
3379458,train
3379462,train
3379470,train
3379474,train
3379482,train
3379490,train
3379494,train
3379506,train
3379510,train
3379514,train
3379522,test
3379534,train
3379538,test
3379550,test
3379558,train
3379566,train
3379570,test
3379574,train
3379578,test
3379598,train
3379622,test
3379642,train
3379646,train
3379650,train
3379654,train
3379662,train
3379666,train
3379670,train
3379678,train
3379686,train
3379690,test
3379694,train
3379698,train
3379702,train
3379706,test
3379718,train
3379726,train
3379734,train
3379738,train
3379742,train
3379746,train
3379750,train
3379758,train
3379762,train
3379766,train
3379774,train
3379778,train
3379786,train
3379790,test
3379802,test
3379806,train
3379814,train
3379818,test
3379830,train
3379834,train
3379838,train
3379846,train
3379850,train
3379862,train
3379870,test
3379874,train
3379878,test
3379886,train
3379898,train
3379902,train
3379910,train
3379914,test
3379918,train
3379926,train
3379930,train
3379962,train
3379970,train
3379982,test
3379986,train
3379994,train
3379998,test
3380002,train
3380006,train
3380014,train
3380018,test
3380022,test
3380030,train
3380046,test
3380050,train
3380058,train
3380062,train
3380066,train
3380070,train
3380078,train
3380082,train
3380090,train
3380094,train
3380110,train
3380118,train
3380122,train
3380126,train
3380134,train
3380138,train
3380146,train
3380150,train
3380154,train
3380162,train
3380166,train
3380174,train
3380178,train
3380194,train
3380202,test
3380206,train
3380214,train
3380218,train
3380226,train
3380234,train
3380238,train
3380242,train
3380246,test
3380254,test
3380262,train
3380266,train
3380270,train
3380274,train
3380278,train
3380282,train
3380294,train
3380298,test
3380310,train
3380326,train
3380342,train
3380350,train
3380358,train
3380362,train
3380366,test
3380370,train
3380378,test
3380402,train
3380406,test
3380414,train
3380430,test
3380434,train
3380442,test
3380446,test
3380450,train
3380458,train
3380462,train
3380470,train
3380474,train
3380478,train
3380482,train
3380498,train
3380502,train
3380506,train
3380510,train
3380514,test
3380518,train
3380522,train
3380526,train
3380534,test
3380538,train
3380542,train
3380546,train
3380550,test
3380554,train
3380562,train
3380578,train
3380582,train
3380590,train
3380602,train
3380610,train
3380622,train
3380626,train
3380634,train
3380638,train
3380650,test
3380666,train
3380670,train
3380674,train
3380682,train
3380690,train
3380710,train
3380714,train
3380722,train
3380726,train
3380734,train
3380738,train
3380742,train
3380750,train
3380754,train
3380762,train
3380766,train
3380770,train
3380778,train
3380782,train
3380786,train
3380798,train
3380802,train
3380806,test
3380810,train
3380822,train
3380826,train
3380830,train
3380838,train
3380842,train
3380846,train
3380850,train
3380854,train
3380862,train
3380874,train
3380882,test
3380886,train
3380898,train
3380914,train
3380918,train
3380922,train
3380926,train
3380930,train
3380934,train
3380938,train
3380942,train
3380946,train
3380950,train
3380954,test
3380958,train
3380962,train
3380966,train
3380978,train
3380998,test
3381014,train
3381018,test
3381030,train
3381034,train
3381038,train
3381046,test
3381050,train
3381058,train
3381062,train
3381078,train
3381094,train
3381110,train
3381118,train
3381122,test
3381126,train
3381130,test
3381134,train
3381138,train
3381142,train
3381146,train
3381150,test
3381154,train
3381158,train
3381162,test
3381166,train
3381170,train
3381178,train
3381182,train
3381198,train
3381202,train
3381206,train
3381214,test
3381222,train
3381226,train
3381230,train
3381234,train
3381242,train
3381250,test
3381254,train
3381262,train
3381270,train
3381274,test
3381286,train
3381290,train
3381294,train
3381302,train
3381314,test
3381318,train
3381322,train
3381326,train
3381330,train
3381334,train
3381338,train
3381342,train
3381346,train
3381354,train
3381358,test
3381370,train
3381374,train
3381378,train
3381386,train
3381394,train
3381398,train
3381402,train
3381406,train
3381410,train
3381414,train
3381418,train
3381422,train
3381438,train
3381442,train
3381446,train
3381450,test
3381454,test
3381458,train
3381474,test
3381478,train
3381506,train
3381510,test
3381514,train
3381518,train
3381522,test
3381526,test
3381538,train
3381546,train
3381550,test
3381562,train
3381566,train
3381582,train
3381586,train
3381598,train
3381606,train
3381610,train
3381614,train
3381618,train
3381622,train
3381630,train
3381634,train
3381638,train
3381642,train
3381654,train
3381658,train
3381674,train
3381686,train
3381694,train
3381698,train
3381706,train
3381710,train
3381722,train
3381730,train
3381734,test
3381758,train
3381770,train
3381778,train
3381782,test
3381790,train
3381798,train
3381810,train
3381822,train
3381826,train
3381834,train
3381850,test
3381854,test
3381870,train
3381874,train
3381878,train
3381886,train
3381894,train
3381898,train
3381902,test
3381906,train
3381910,test
3381914,train
3381926,train
3381954,train
3381958,train
3381966,train
3381974,train
3381978,train
3381986,train
3381994,train
3381998,train
3382002,test
3382006,train
3382010,train
3382014,test
3382022,test
3382026,train
3382034,train
3382038,train
3382042,train
3382046,train
3382050,test
3382054,train
3382058,train
3382062,train
3382078,train
3382082,train
3382086,test
3382090,train
3382098,test
3382110,train
3382118,train
3382122,train
3382126,test
3382134,train
3382138,train
3382142,test
3382146,train
3382154,train
3382162,train
3382166,train
3382170,train
3382178,train
3382182,test
3382194,test
3382206,train
3382210,train
3382218,train
3382230,test
3382234,train
3382238,train
3382242,test
3382246,train
3382250,train
3382254,train
3382258,train
3382262,train
3382270,train
3382294,train
3382298,train
3382310,test
3382314,train
3382322,train
3382326,train
3382330,train
3382334,train
3382342,train
3382350,train
3382370,test
3382374,train
3382378,train
3382382,train
3382390,test
3382394,train
3382398,train
3382410,train
3382414,test
3382418,test
3382434,test
3382442,train
3382446,train
3382450,train
3382454,train
3382458,train
3382470,train
3382478,train
3382482,train
3382490,train
3382494,train
3382498,train
3382502,test
3382506,test
3382514,train
3382518,train
3382530,test
3382538,train
3382542,train
3382558,test
3382566,train
3382570,train
3382578,test
3382582,train
3382586,train
3382590,train
3382602,train
3382614,train
3382618,test
3382622,train
3382626,train
3382630,test
3382634,train
3382638,test
3382642,train
3382650,train
3382654,train
3382658,train
3382670,train
3382674,train
3382682,train
3382690,test
3382694,train
3382698,train
3382702,train
3382714,train
3382718,train
3382722,train
3382726,train
3382730,train
3382738,test
3382742,train
3382754,train
3382758,test
3382762,train
3382770,train
3382774,test
3382778,train
3382786,train
3382790,train
3382794,train
3382802,train
3382810,train
3382814,train
3382822,train
3382826,test
3382830,train
3382842,train
3382850,train
3382866,train
3382878,train
3382886,train
3382898,train
3382906,train
3382914,train
3382922,train
3382934,train
3382938,train
3382942,train
3382950,train
3382954,train
3382958,train
3382970,train
3382978,train
3382982,test
3382990,test
3382994,test
3382998,train
3383002,train
3383006,train
3383014,train
3383018,train
3383022,train
3383038,train
3383042,train
3383050,train
3383062,train
3383066,train
3383078,train
3383086,train
3383090,train
3383102,test
3383106,train
3383110,train
3383122,test
3383134,test
3383138,train
3383142,train
3383154,train
3383158,train
3383162,train
3383166,train
3383170,train
3383174,test
3383178,train
3383186,test
3383190,train
3383198,test
3383206,train
3383218,train
3383222,train
3383230,train
3383250,train
3383254,test
3383274,train
3383278,train
3383282,train
3383286,train
3383294,train
3383302,train
3383306,train
3383334,train
3383346,train
3383350,train
3383354,train
3383358,train
3383370,train
3383378,train
3383382,train
3383390,train
3383394,train
3383402,train
3383406,train
3383414,train
3383418,train
3383422,test
3383426,train
3383438,train
3383446,train
3383450,train
3383454,test
3383462,train
3383466,train
3383470,train
3383478,train
3383482,train
3383486,train
3383490,test
3383494,train
3383498,train
3383502,train
3383506,train
3383530,train
3383534,test
3383538,train
3383546,test
3383550,train
3383566,train
3383574,train
3383578,test
3383582,train
3383586,test
3383590,train
3383594,train
3383602,test
3383606,train
3383618,train
3383626,test
3383630,test
3383634,test
3383646,train
3383650,train
3383654,train
3383658,train
3383662,test
3383666,train
3383670,train
3383678,train
3383682,test
3383694,train
3383698,test
3383702,train
3383714,test
3383718,train
3383726,test
3383738,train
3383742,test
3383750,train
3383754,train
3383762,train
3383766,train
3383770,train
3383782,test
3383786,train
3383810,train
3383814,train
3383818,test
3383822,train
3383834,train
3383858,train
3383866,train
3383874,train
3383878,test
3383882,train
3383886,train
3383894,train
3383902,train
3383906,test
3383914,train
3383922,train
3383926,train
3383938,train
3383942,train
3383946,train
3383958,train
3383962,test
3383966,train
3383970,test
3383974,test
3383986,train
3383990,train
3383998,train
3384006,train
3384014,train
3384018,train
3384022,train
3384026,train
3384042,train
3384046,train
3384050,train
3384058,train
3384066,train
3384078,test
3384090,train
3384094,train
3384106,test
3384114,train
3384118,train
3384122,train
3384126,train
3384130,train
3384134,train
3384142,train
3384146,train
3384150,train
3384154,train
3384158,train
3384182,train
3384190,train
3384194,test
3384206,test
3384210,train
3384214,train
3384218,test
3384222,test
3384230,train
3384246,train
3384254,train
3384262,train
3384266,train
3384270,train
3384278,test
3384282,test
3384286,test
3384290,test
3384294,train
3384298,train
3384302,train
3384306,train
3384318,train
3384326,train
3384338,train
3384342,train
3384346,train
3384350,train
3384354,test
3384358,train
3384362,test
3384370,test
3384374,train
3384382,train
3384406,train
3384414,train
3384422,train
3384426,train
3384442,train
3384446,train
3384458,train
3384462,train
3384470,train
3384474,train
3384478,train
3384486,train
3384494,test
3384498,train
3384502,train
3384506,train
3384518,train
3384522,train
3384526,train
3384530,train
3384534,train
3384554,train
3384558,train
3384562,train
3384570,train
3384574,test
3384582,test
3384586,train
3384590,test
3384598,train
3384602,train
3384610,train
3384626,train
3384638,train
3384642,train
3384646,test
3384650,train
3384654,train
3384658,train
3384662,train
3384670,train
3384674,train
3384686,train
3384690,train
3384702,train
3384706,test
3384718,train
3384722,test
3384734,test
3384738,train
3384742,train
3384746,train
3384750,train
3384754,train
3384758,train
3384762,train
3384766,train
3384770,train
3384774,train
3384778,train
3384782,train
3384786,train
3384790,train
3384794,train
3384798,train
3384822,train
3384826,train
3384830,train
3384834,test
3384838,test
3384842,test
3384846,train
3384854,train
3384878,train
3384886,train
3384890,train
3384894,train
3384906,train
3384914,train
3384926,train
3384930,test
3384934,train
3384938,train
3384942,train
3384946,test
3384954,train
3384958,test
3384962,train
3384966,train
3384970,train
3384974,train
3384978,test
3384982,train
3384986,test
3384990,train
3384994,train
3385002,train
3385010,train
3385026,train
3385034,train
3385038,train
3385042,train
3385046,train
3385050,train
3385054,test
3385062,test
3385066,train
3385070,train
3385078,test
3385082,train
3385086,train
3385090,test
3385098,train
3385102,train
3385106,test
3385118,train
3385126,train
3385138,train
3385142,test
3385150,train
3385158,train
3385182,test
3385186,train
3385210,train
3385214,train
3385218,train
3385222,train
3385226,train
3385230,train
3385234,train
3385238,test
3385254,train
3385258,train
3385262,train
3385274,train
3385278,train
3385282,train
3385290,train
3385294,test
3385302,test
3385314,train
3385330,train
3385338,train
3385350,train
3385354,train
3385358,train
3385374,test
3385390,train
3385394,train
3385398,train
3385402,train
3385406,test
3385414,train
3385422,test
3385426,train
3385430,train
3385434,test
3385438,train
3385442,train
3385458,train
3385466,train
3385474,train
3385482,train
3385486,train
3385502,test
3385506,train
3385514,train
3385518,test
3385526,train
3385534,train
3385538,train
3385546,train
3385550,train
3385558,train
3385574,train
3385578,train
3385582,test
3385586,test
3385590,train
3385594,train
3385598,train
3385622,train
3385626,test
3385630,train
3385634,test
3385642,train
3385650,train
3385654,test
3385678,train
3385690,train
3385694,train
3385702,test
3385714,train
3385718,train
3385722,train
3385730,test
3385734,train
3385742,train
3385746,train
3385750,train
3385754,test
3385758,train
3385762,train
3385778,train
3385782,train
3385786,train
3385790,test
3385794,test
3385802,train
3385806,train
3385818,train
3385838,train
3385842,train
3385846,train
3385854,test
3385866,test
3385878,train
3385882,train
3385886,train
3385894,train
3385898,train
3385906,train
3385910,train
3385918,train
3385922,train
3385930,train
3385934,train
3385942,train
3385954,train
3385958,train
3385962,train
3385970,train
3385974,train
3385982,train
3385986,train
3385990,train
3386002,train
3386010,train
3386014,train
3386022,train
3386026,train
3386042,train
3386050,train
3386054,train
3386058,train
3386062,test
3386066,test
3386070,test
3386078,train
3386082,train
3386086,test
3386090,test
3386098,train
3386102,train
3386118,train
3386126,test
3386130,test
3386138,train
3386142,train
3386146,train
3386150,test
3386158,train
3386174,train
3386190,test
3386194,train
3386198,train
3386206,train
3386210,train
3386214,train
3386218,train
3386222,train
3386226,train
3386234,test
3386238,train
3386254,train
3386266,test
3386278,test
3386282,train
3386290,train
3386306,train
3386310,train
3386314,test
3386318,train
3386334,train
3386338,train
3386358,train
3386362,train
3386374,test
3386382,train
3386390,train
3386398,train
3386402,train
3386406,train
3386414,train
3386418,train
3386422,train
3386434,train
3386438,train
3386442,train
3386446,train
3386478,train
3386486,train
3386498,train
3386502,train
3386510,train
3386514,train
3386542,train
3386546,train
3386550,train
3386554,train
3386558,train
3386562,train
3386566,train
3386570,train
3386574,train
3386578,train
3386594,train
3386598,train
3386602,train
3386606,test
3386610,train
3386614,train
3386618,train
3386622,train
3386630,train
3386634,train
3386650,train
3386654,test
3386658,test
3386662,train
3386666,train
3386678,train
3386682,train
3386686,train
3386690,test
3386694,train
3386698,train
3386702,train
3386714,train
3386718,train
3386722,train
3386730,train
3386746,train
3386750,train
3386758,train
3386762,test
3386766,train
3386770,test
3386774,train
3386778,train
3386782,train
3386794,train
3386798,train
3386802,train
3386806,test
3386810,train
3386814,train
3386818,train
3386838,test
3386842,train
3386850,train
3386858,train
3386862,train
3386866,train
3386870,train
3386878,train
3386882,train
3386886,train
3386894,train
3386898,train
3386902,train
3386918,train
3386926,train
3386930,train
3386938,train
3386946,test
3386950,train
3386970,test
3386974,train
3386978,train
3386982,train
3386990,train
3386994,train
3387010,train
3387018,train
3387026,train
3387034,train
3387038,train
3387042,test
3387046,train
3387050,train
3387074,train
3387078,train
3387082,train
3387086,train
3387090,train
3387094,train
3387098,test
3387110,train
3387118,test
3387122,train
3387126,train
3387130,train
3387134,train
3387142,train
3387150,test
3387158,train
3387166,train
3387174,test
3387178,train
3387182,train
3387190,train
3387194,test
3387202,train
3387206,train
3387214,train
3387226,train
3387234,train
3387242,train
3387246,train
3387262,train
3387278,train
3387282,train
3387298,train
3387302,train
3387306,train
3387318,train
3387326,test
3387338,train
3387350,train
3387366,test
3387370,train
3387378,test
3387382,test
3387394,train
3387398,test
3387406,train
3387414,train
3387418,train
3387422,train
3387426,train
3387430,train
3387450,test
3387458,train
3387462,train
3387466,train
3387474,train
3387478,test
3387486,train
3387494,train
3387498,test
3387510,train
3387514,train
3387518,train
3387522,test
3387526,train
3387530,train
3387534,train
3387538,train
3387542,test
3387546,test
3387554,train
3387558,train
3387562,train
3387566,train
3387570,train
3387574,train
3387578,train
3387582,train
3387590,train
3387598,test
3387602,train
3387606,train
3387610,test
3387622,train
3387630,train
3387634,test
3387638,train
3387646,train
3387666,train
3387674,train
3387694,train
3387698,train
3387702,train
3387706,test
3387722,test
3387726,train
3387734,train
3387738,train
3387754,train
3387758,train
3387762,test
3387770,test
3387778,test
3387786,train
3387798,train
3387802,train
3387810,train
3387814,train
3387818,train
3387822,train
3387834,train
3387842,train
3387854,train
3387858,train
3387862,test
3387866,train
3387886,train
3387890,train
3387894,test
3387898,train
3387902,train
3387922,train
3387930,test
3387942,train
3387946,train
3387954,train
3387958,train
3387982,train
3387990,train
3387994,train
3387998,train
3388002,train
3388006,train
3388014,train
3388018,train
3388022,train
3388026,train
3388034,train
3388038,train
3388046,test
3388050,train
3388058,train
3388062,train
3388070,train
3388074,train
3388082,train
3388098,train
3388102,train
3388106,train
3388110,train
3388114,train
3388118,train
3388122,train
3388126,train
3388138,train
3388142,train
3388146,train
3388150,train
3388154,test
3388158,train
3388162,test
3388170,test
3388174,test
3388178,train
3388182,train
3388194,train
3388202,train
3388206,test
3388214,test
3388218,test
3388226,train
3388230,train
3388234,train
3388242,train
3388246,train
3388250,train
3388254,train
3388266,test
3388270,train
3388274,train
3388278,train
3388282,train
3388286,train
3388290,train
3388294,train
3388298,train
3388302,train
3388310,train
3388314,train
3388318,test
3388326,train
3388330,train
3388338,train
3388346,train
3388366,train
3388382,train
3388398,train
3388406,train
3388410,train
3388418,train
3388422,train
3388426,train
3388430,test
3388446,train
3388450,train
3388462,train
3388478,train
3388482,train
3388490,train
3388494,train
3388506,train
3388514,train
3388518,train
3388526,train
3388534,test
3388546,train
3388550,train
3388554,train
3388566,train
3388570,test
3388578,train
3388582,train
3388586,train
3388590,train
3388598,train
3388602,train
3388610,train
3388618,test
3388630,train
3388634,train
3388638,train
3388650,train
3388654,test
3388658,train
3388682,train
3388690,train
3388694,test
3388710,train
3388714,train
3388730,train
3388734,train
3388758,test
3388786,train
3388790,train
3388802,train
3388806,train
3388810,test
3388814,train
3388830,train
3388834,train
3388838,train
3388850,train
3388854,test
3388858,test
3388866,train
3388874,test
3388878,test
3388914,test
3388918,test
3388922,train
3388930,test
3388934,train
3388938,train
3388942,train
3388946,train
3388950,train
3388958,train
3388966,train
3388970,train
3388978,train
3388982,train
3388986,train
3388990,train
3388994,train
3388998,test
3389026,train
3389038,train
3389046,train
3389050,test
3389054,train
3389066,train
3389070,train
3389082,train
3389090,train
3389094,train
3389098,train
3389102,test
3389114,test
3389118,train
3389126,test
3389130,train
3389138,test
3389146,test
3389154,train
3389170,train
3389174,train
3389182,train
3389186,test
3389194,train
3389198,train
3389214,train
3389218,train
3389222,train
3389234,train
3389242,train
3389246,train
3389250,train
3389254,test
3389262,train
3389270,train
3389274,test
3389282,train
3389290,train
3389298,train
3389302,train
3389306,train
3389310,train
3389314,train
3389318,test
3389326,train
3389330,train
3389334,test
3389338,test
3389342,test
3389346,train
3389350,train
3389354,train
3389362,train
3389366,train
3389370,train
3389378,train
3389382,train
3389386,test
3389402,test
3389406,train
3389414,train
3389426,train
3389434,train
3389438,train
3389442,train
3389446,train
3389450,test
3389454,train
3389462,train
3389466,test
3389470,train
3389474,train
3389482,train
3389486,test
3389490,train
3389494,test
3389498,train
3389506,train
3389510,train
3389514,train
3389526,test
3389538,train
3389546,train
3389554,train
3389562,train
3389566,train
3389570,test
3389586,train
3389590,train
3389594,test
3389610,train
3389618,test
3389626,test
3389630,train
3389634,train
3389638,train
3389642,train
3389654,train
3389658,train
3389662,train
3389678,train
3389686,train
3389702,test
3389706,train
3389710,train
3389718,train
3389722,train
3389726,test
3389730,train
3389746,train
3389750,train
3389758,train
3389762,train
3389770,train
3389774,train
3389782,train
3389786,train
3389806,train
3389810,train
3389814,train
3389818,test
3389822,train
3389826,train
3389830,train
3389834,test
3389842,train
3389850,train
3389866,train
3389870,train
3389874,train
3389882,train
3389886,train
3389902,train
3389914,train
3389918,train
3389922,test
3389942,train
3389946,train
3389954,train
3389966,train
3389970,train
3389974,test
3389982,train
3389990,train
3389994,train
3390002,train
3390006,train
3390010,train
3390014,train
3390018,test
3390022,train
3390034,train
3390038,train
3390046,train
3390050,train
3390062,train
3390066,train
3390070,train
3390074,test
3390090,train
3390094,train
3390098,test
3390102,train
3390106,train
3390110,train
3390114,train
3390118,train
3390126,train
3390130,train
3390146,test
3390154,test
3390170,train
3390174,test
3390178,train
3390182,test
3390186,test
3390194,train
3390202,train
3390206,train
3390210,test
3390214,train
3390218,train
3390226,train
3390234,train
3390242,train
3390246,train
3390254,train
3390262,test
3390266,train
3390282,train
3390294,train
3390302,train
3390306,train
3390318,train
3390322,train
3390330,test
3390334,train
3390346,train
3390354,train
3390358,train
3390362,train
3390366,train
3390386,test
3390394,train
3390406,train
3390414,train
3390430,test
3390434,train
3390442,train
3390482,train
3390490,train
3390518,train
3390522,train
3390526,train
3390546,test
3390562,train
3390566,test
3390570,train
3390574,train
3390586,train
3390606,test
3390614,test
3390618,train
3390622,train
3390638,test
3390658,train
3390662,test
3390698,train
3390702,train
3390706,test
3390710,test
3390714,train
3390722,train
3390726,train
3390730,train
3390734,train
3390738,train
3390746,train
3390750,test
3390758,test
3390770,train
3390778,train
3390786,train
3390790,train
3390806,train
3390822,train
3390830,train
3390846,test
3390850,train
3390858,test
3390862,train
3390870,train
3390874,test
3390878,train
3390890,train
3390894,train
3390902,test
3390910,test
3390914,train
3390918,test
3390922,train
3390926,train
3390930,train
3390938,train
3390942,train
3390946,train
3390950,train
3390958,train
3390966,train
3390974,train
3390986,train
3390994,test
3391010,train
3391014,train
3391018,train
3391022,train
3391026,train
3391030,train
3391034,train
3391038,train
3391042,train
3391046,train
3391054,train
3391058,train
3391062,train
3391070,train
3391074,train
3391078,train
3391082,train
3391086,train
3391090,train
3391094,test
3391102,train
3391106,train
3391110,train
3391122,train
3391126,train
3391130,train
3391138,test
3391154,train
3391158,train
3391162,train
3391166,test
3391170,train
3391174,train
3391178,train
3391182,train
3391190,train
3391198,test
3391206,train
3391210,test
3391214,train
3391218,train
3391222,train
3391230,train
3391234,test
3391238,test
3391250,test
3391262,train
3391270,train
3391274,train
3391278,train
3391282,train
3391294,train
3391298,train
3391302,test
3391306,train
3391310,train
3391326,train
3391330,train
3391346,train
3391350,train
3391354,train
3391358,train
3391362,train
3391370,train
3391374,train
3391378,train
3391390,test
3391398,train
3391402,train
3391406,train
3391414,train
3391422,train
3391426,train
3391430,train
3391434,train
3391438,train
3391442,train
3391446,test
3391454,train
3391458,train
3391466,train
3391470,train
3391474,train
3391478,train
3391486,train
3391490,train
3391498,train
3391506,train
3391510,train
3391514,train
3391518,train
3391522,train
3391534,train
3391538,test
3391546,test
3391554,test
3391562,train
3391566,train
3391570,train
3391578,train
3391582,train
3391586,train
3391590,train
3391594,train
3391606,train
3391626,train
3391630,train
3391638,train
3391642,train
3391646,train
3391650,train
3391654,train
3391658,train
3391662,test
3391666,train
3391674,train
3391678,test
3391686,train
3391694,train
3391706,train
3391714,train
3391718,train
3391722,train
3391734,train
3391738,train
3391742,train
3391746,train
3391750,train
3391762,train
3391766,train
3391786,train
3391790,train
3391794,train
3391802,train
3391806,train
3391818,test
3391822,train
3391826,train
3391830,test
3391850,train
3391858,train
3391866,train
3391870,train
3391874,train
3391882,test
3391886,test
3391906,test
3391910,train
3391914,train
3391918,train
3391922,train
3391926,train
3391930,test
3391938,train
3391950,train
3391958,train
3391966,train
3391970,test
3391978,test
3391982,train
3391990,test
3391994,train
3392002,train
3392010,train
3392014,train
3392018,train
3392022,train
3392026,train
3392030,train
3392050,test
3392058,test
3392074,train
3392086,train
3392090,train
3392094,train
3392102,test
3392106,test
3392110,train
3392118,test
3392122,train
3392130,train
3392146,train
3392154,train
3392162,train
3392170,train
3392174,train
3392182,train
3392190,train
3392198,train
3392222,train
3392226,train
3392234,train
3392250,test
3392254,train
3392266,train
3392270,train
3392274,train
3392278,test
3392282,train
3392298,train
3392330,train
3392338,train
3392342,train
3392354,train
3392362,test
3392374,test
3392386,train
3392398,test
3392402,test
3392406,train
3392414,train
3392418,train
3392422,train
3392430,train
3392442,train
3392450,train
3392454,train
3392462,train
3392470,train
3392486,train
3392494,test
3392498,train
3392502,train
3392510,train
3392514,train
3392518,train
3392522,train
3392526,train
3392530,train
3392546,train
3392550,train
3392562,train
3392570,train
3392574,train
3392578,train
3392594,train
3392606,test
3392614,test
3392618,test
3392622,train
3392630,train
3392642,train
3392646,train
3392654,train
3392670,train
3392686,train
3392690,train
3392710,test
3392714,test
3392726,train
3392730,train
3392734,train
3392746,test
3392770,train
3392774,train
3392778,train
3392790,train
3392794,train
3392798,train
3392806,train
3392814,train
3392830,train
3392834,train
3392838,train
3392842,train
3392850,train
3392854,train
3392858,test
3392878,train
3392890,train
3392894,train
3392906,train
3392910,train
3392914,test
3392918,train
3392922,train
3392930,train
3392958,train
3392966,train
3392986,train
3393002,train
3393006,test
3393014,train
3393018,train
3393026,train
3393030,train
3393038,test
3393046,test
3393054,test
3393074,train
3393082,test
3393094,test
3393102,train
3393106,train
3393110,train
3393114,train
3393126,test
3393130,train
3393134,train
3393138,train
3393146,train
3393150,train
3393162,train
3393174,test
3393178,train
3393182,train
3393186,train
3393190,train
3393198,train
3393202,train
3393206,train
3393210,train
3393226,train
3393230,train
3393242,train
3393250,test
3393262,train
3393266,train
3393270,train
3393306,train
3393314,train
3393334,train
3393338,test
3393342,test
3393346,train
3393350,train
3393370,train
3393378,train
3393382,train
3393394,train
3393410,train
3393414,train
3393418,test
3393430,train
3393434,train
3393438,train
3393446,train
3393450,train
3393458,train
3393462,train
3393466,train
3393470,train
3393474,train
3393478,train
3393482,train
3393486,test
3393490,test
3393494,train
3393498,train
3393506,test
3393534,train
3393538,train
3393542,train
3393546,train
3393554,train
3393562,train
3393570,train
3393578,train
3393582,test
3393602,train
3393606,train
3393626,train
3393634,train
3393642,train
3393646,train
3393654,train
3393662,train
3393666,train
3393674,test
3393682,test
3393686,train
3393702,train
3393706,train
3393710,train
3393726,train
3393730,train
3393734,train
3393738,train
3393742,train
3393746,test
3393758,test
3393766,train
3393778,test
3393782,train
3393790,train
3393810,train
3393818,train
3393830,train
3393842,test
3393846,train
3393850,train
3393854,test
3393870,train
3393874,train
3393894,test
3393910,train
3393914,test
3393934,test
3393938,test
3393946,train
3393950,test
3393954,train
3393958,train
3393970,test
3393974,train
3393978,train
3393982,test
3393986,test
3393990,train
3393994,test
3393998,train
3394002,train
3394006,train
3394010,test
3394014,train
3394018,test
3394022,train
3394026,train
3394038,test
3394046,test
3394050,train
3394066,test
3394070,train
3394082,train
3394086,train
3394090,train
3394102,train
3394110,test
3394114,train
3394118,train
3394130,test
3394134,test
3394138,train
3394150,train
3394158,train
3394162,train
3394166,train
3394170,test
3394174,test
3394186,train
3394190,train
3394206,train
3394210,train
3394214,train
3394222,train
3394226,train
3394246,train
3394250,train
3394254,train
3394258,train
3394266,train
3394270,train
3394286,train
3394294,train
3394298,train
3394302,train
3394306,test
3394310,test
3394314,train
3394322,train
3394326,train
3394342,train
3394350,train
3394354,train
3394374,train
3394378,test
3394382,train
3394386,train
3394390,test
3394394,test
3394398,train
3394402,train
3394406,train
3394422,train
3394430,train
3394438,test
3394442,train
3394446,train
3394454,train
3394462,train
3394470,train
3394474,train
3394482,train
3394490,train
3394498,train
3394502,train
3394506,test
3394514,train
3394518,test
3394522,train
3394546,train
3394550,train
3394554,train
3394562,train
3394570,test
3394574,train
3394590,train
3394594,train
3394598,train
3394602,train
3394606,train
3394614,train
3394618,train
3394622,train
3394626,train
3394642,train
3394650,train
3394658,train
3394662,train
3394674,train
3394690,test
3394694,train
3394698,train
3394702,train
3394714,test
3394718,train
3394722,train
3394730,train
3394738,train
3394742,test
3394746,train
3394750,train
3394774,train
3394782,train
3394794,train
3394806,test
3394814,train
3394822,train
3394830,test
3394834,train
3394842,train
3394846,train
3394854,train
3394862,train
3394866,train
3394874,test
3394878,test
3394882,train
3394890,train
3394902,train
3394906,train
3394914,train
3394926,test
3394930,train
3394938,train
3394942,train
3394950,train
3394962,test
3394970,test
3394978,test
3394986,train
3394990,test
3395002,train
3395006,train
3395010,train
3395022,train
3395042,train
3395046,train
3395054,test
3395058,test
3395066,train
3395078,train
3395086,train
3395094,train
3395098,test
3395106,train
3395114,train
3395118,train
3395126,train
3395130,train
3395134,train
3395138,test
3395142,train
3395146,train
3395150,train
3395154,train
3395162,train
3395166,train
3395174,train
3395198,train
3395218,train
3395226,train
3395230,test
3395238,train
3395242,train
3395254,train
3395262,train
3395266,train
3395270,train
3395294,train
3395298,train
3395302,train
3395326,train
3395338,train
3395346,train
3395350,test
3395354,train
3395358,test
3395362,train
3395374,train
3395378,train
3395382,train
3395386,train
3395390,train
3395398,train
3395406,train
3395410,train
3395418,train
3395426,train
3395430,train
3395434,train
3395442,train
3395450,test
3395454,train
3395462,test
3395466,train
3395470,train
3395474,train
3395482,test
3395490,test
3395494,train
3395498,train
3395502,test
3395514,train
3395518,train
3395534,train
3395546,train
3395550,test
3395566,train
3395570,train
3395578,train
3395582,train
3395590,train
3395594,test
3395614,test
3395618,train
3395622,train
3395626,train
3395630,train
3395634,train
3395646,test
3395690,test
3395714,train
3395730,train
3395734,train
3395738,train
3395742,train
3395758,train
3395770,train
3395778,train
3395790,train
3395806,train
3395814,train
3395822,train
3395826,train
3395834,train
3395838,train
3395842,train
3395846,train
3395850,train
3395854,train
3395862,train
3395870,train
3395878,train
3395886,train
3395894,test
3395902,train
3395910,train
3395914,train
3395922,train
3395930,train
3395934,train
3395946,train
3395954,train
3395966,train
3395974,train
3395978,train
3395990,train
3395998,train
3396014,test
3396018,train
3396038,train
3396046,train
3396054,test
3396058,train
3396062,train
3396066,train
3396078,train
3396094,train
3396098,train
3396106,train
3396122,test
3396134,train
3396138,test
3396142,train
3396150,train
3396158,train
3396162,train
3396166,train
3396190,test
3396194,train
3396198,train
3396210,train
3396214,train
3396230,train
3396234,train
3396238,train
3396246,train
3396250,test
3396254,test
3396258,train
3396266,train
3396294,train
3396298,train
3396302,train
3396310,train
3396330,test
3396334,train
3396342,train
3396346,train
3396354,test
3396358,train
3396362,train
3396374,train
3396378,train
3396382,train
3396390,train
3396394,train
3396398,train
3396402,train
3396406,train
3396422,train
3396426,train
3396446,train
3396450,train
3396458,train
3396470,train
3396474,train
3396510,train
3396514,train
3396518,train
3396522,train
3396526,train
3396534,train
3396542,train
3396546,test
3396550,train
3396566,train
3396570,train
3396590,test
3396602,train
3396610,train
3396614,train
3396626,train
3396634,train
3396658,test
3396666,train
3396674,test
3396702,train
3396710,train
3396714,train
3396722,test
3396730,train
3396738,train
3396750,train
3396754,test
3396762,train
3396766,train
3396774,train
3396782,train
3396794,test
3396798,test
3396814,train
3396818,train
3396826,train
3396830,train
3396834,train
3396838,train
3396846,train
3396854,train
3396858,train
3396866,train
3396870,test
3396874,test
3396882,train
3396890,train
3396898,train
3396906,train
3396914,train
3396918,train
3396934,train
3396938,train
3396942,train
3396950,test
3396962,test
3396966,train
3396974,test
3396986,test
3397006,train
3397030,test
3397042,train
3397046,train
3397050,test
3397054,train
3397058,train
3397070,test
3397086,train
3397090,train
3397106,test
3397114,train
3397122,train
3397150,train
3397162,train
3397166,train
3397170,train
3397174,train
3397178,train
3397182,train
3397186,test
3397194,train
3397198,train
3397202,train
3397206,test
3397210,train
3397214,train
3397218,train
3397222,train
3397242,train
3397254,train
3397258,train
3397270,train
3397274,train
3397286,train
3397290,train
3397298,train
3397302,train
3397306,train
3397318,train
3397330,train
3397334,train
3397342,train
3397350,train
3397358,test
3397362,train
3397370,train
3397374,train
3397378,train
3397382,train
3397398,train
3397410,test
3397422,test
3397434,train
3397438,train
3397446,test
3397450,test
3397458,train
3397466,train
3397470,train
3397482,train
3397486,train
3397490,test
3397498,test
3397502,train
3397506,train
3397534,test
3397546,train
3397550,train
3397570,train
3397574,train
3397578,train
3397582,train
3397586,train
3397590,train
3397614,train
3397618,train
3397630,train
3397638,train
3397650,train
3397654,train
3397666,train
3397674,train
3397690,train
3397702,train
3397706,test
3397714,train
3397718,train
3397722,train
3397726,train
3397730,train
3397734,train
3397738,test
3397746,train
3397754,test
3397758,train
3397766,train
3397770,train
3397778,train
3397782,test
3397790,test
3397794,train
3397798,train
3397802,train
3397810,train
3397814,train
3397818,train
3397826,train
3397830,train
3397834,test
3397842,train
3397858,train
3397866,train
3397870,train
3397874,train
3397878,train
3397882,train
3397906,train
3397914,train
3397926,train
3397942,test
3397950,train
3397962,train
3397974,test
3397982,train
3398002,train
3398006,train
3398010,train
3398014,train
3398018,train
3398026,train
3398038,train
3398042,train
3398046,test
3398050,train
3398054,train
3398058,train
3398062,test
3398066,test
3398074,train
3398086,train
3398090,train
3398114,test
3398126,train
3398138,test
3398142,test
3398146,train
3398154,train
3398158,train
3398162,train
3398174,train
3398178,test
3398182,train
3398186,train
3398190,train
3398198,train
3398202,train
3398218,train
3398222,train
3398226,train
3398250,train
3398258,train
3398270,train
3398274,train
3398278,train
3398282,train
3398286,train
3398290,train
3398306,train
3398314,train
3398318,train
3398338,train
3398342,train
3398362,train
3398366,train
3398370,train
3398374,train
3398390,train
3398394,train
3398398,train
3398406,train
3398422,train
3398426,train
3398430,test
3398462,test
3398470,train
3398486,train
3398490,train
3398494,train
3398498,train
3398502,test
3398510,test
3398518,train
3398522,train
3398526,train
3398534,train
3398542,train
3398546,train
3398550,train
3398562,test
3398574,test
3398578,train
3398582,test
3398586,train
3398590,train
3398594,train
3398610,train
3398622,train
3398626,train
3398630,train
3398642,test
3398650,train
3398670,train
3398674,test
3398686,train
3398694,train
3398730,test
3398734,train
3398738,train
3398750,train
3398754,train
3398758,train
3398762,test
3398766,train
3398770,train
3398778,train
3398782,test
3398786,train
3398790,train
3398798,test
3398802,train
3398826,train
3398830,train
3398838,train
3398874,test
3398878,train
3398886,test
3398898,test
3398906,train
3398914,train
3398922,train
3398930,train
3398934,train
3398938,train
3398950,train
3398958,train
3398966,train
3398986,train
3398994,train
3398998,train
3399002,train
3399010,train
3399022,train
3399030,test
3399042,train
3399046,train
3399054,train
3399062,train
3399074,train
3399082,test
3399086,train
3399098,train
3399102,train
3399118,train
3399122,train
3399130,train
3399138,train
3399142,train
3399146,train
3399150,test
3399158,test
3399162,train
3399166,train
3399170,train
3399174,train
3399178,train
3399194,train
3399202,train
3399214,train
3399222,test
3399226,test
3399234,train
3399238,train
3399242,train
3399246,train
3399250,train
3399258,train
3399274,train
3399278,train
3399286,test
3399298,train
3399306,test
3399310,train
3399314,test
3399330,train
3399334,test
3399338,train
3399346,train
3399358,train
3399370,train
3399378,train
3399382,test
3399402,test
3399406,train
3399410,train
3399414,train
3399418,test
3399426,train
3399430,test
3399434,train
3399438,train
3399450,train
3399458,test
3399478,train
3399482,train
3399490,train
3399494,train
3399498,train
3399506,train
3399518,train
3399522,train
3399526,train
3399538,test
3399546,train
3399550,train
3399554,test
3399558,test
3399562,train
3399574,train
3399578,train
3399590,train
3399606,train
3399610,test
3399614,test
3399626,test
3399630,train
3399638,train
3399646,train
3399650,train
3399654,train
3399658,train
3399662,train
3399690,test
3399698,train
3399702,train
3399710,train
3399722,train
3399730,train
3399738,train
3399742,train
3399750,train
3399754,train
3399778,train
3399786,train
3399798,train
3399802,test
3399814,train
3399822,test
3399830,train
3399834,train
3399838,train
3399846,train
3399870,test
3399874,train
3399878,train
3399882,train
3399886,train
3399894,train
3399898,train
3399906,train
3399910,train
3399922,train
3399942,train
3399946,test
3399958,train
3399974,train
3399978,train
3399990,train
3399994,train
